index,state_id,stratum,reset_block,slot,slot_name,host_continuation_return,bca_continuation_return,difference
0,host/0/0,host/0,0,0,host_reference,649.3192595475979,641.26161958959,-8.057639958007826
0,host/0/0,host/0,0,1,bca,647.8190324494061,640.9628429231049,-6.85618952630125
0,host/0/0,host/0,0,2,nearest_recorded,648.2517641232712,640.8903930696792,-7.361371053591938
0,host/0/0,host/0,0,3,uniform,662.1561951948108,665.298322595123,3.14212740031212
0,host/0/0,host/0,0,4,perturb_0.05_-1,646.8304658721318,640.8635541469285,-5.966911725203204
0,host/0/0,host/0,0,5,perturb_0.05_+1,651.3679436757108,642.5925716479602,-8.775372027750564
0,host/0/0,host/0,0,6,perturb_0.15_-1,646.8224323225464,641.4941896728933,-5.328242649653134
0,host/0/0,host/0,0,7,perturb_0.15_+1,656.2928917843817,642.039689968668,-14.253201815713737
0,host/0/0,host/0,0,8,perturb_0.3_-1,645.5566667471968,642.0063154521953,-3.5503512950015192
0,host/0/0,host/0,0,9,perturb_0.3_+1,665.813310179083,645.4093022610626,-20.404007918020397
1,host/0/100,host/100,0,0,host_reference,777.7656453181507,769.0039425270832,-8.761702791067592
1,host/0/100,host/100,0,1,bca,777.536267327394,769.0061713652616,-8.53009596213235
1,host/0/100,host/100,0,2,nearest_recorded,777.9883961559096,769.1850993228118,-8.803296833097875
1,host/0/100,host/100,0,3,uniform,778.2038374799157,774.174601927521,-4.029235552394653
1,host/0/100,host/100,0,4,perturb_0.05_-1,777.5391912471531,769.006031792315,-8.533159454838142
1,host/0/100,host/100,0,5,perturb_0.05_+1,777.8137150983149,769.0006800988203,-8.813034999494562
1,host/0/100,host/100,0,6,perturb_0.15_-1,778.0646496981226,768.9645864923585,-9.100063205764059
1,host/0/100,host/100,0,7,perturb_0.15_+1,777.8113596559441,768.9860884932514,-8.82527116269273
1,host/0/100,host/100,0,8,perturb_0.3_-1,778.1080955003162,768.9768825885232,-9.131212911793
1,host/0/100,host/100,0,9,perturb_0.3_+1,777.9189861435412,769.0031406536635,-8.91584548987771
2,host/1/0,host/0,1,0,host_reference,648.0805047920746,641.6961775610066,-6.384327231068028
2,host/1/0,host/0,1,1,bca,647.8604554441306,641.3988117214525,-6.4616437226781045
2,host/1/0,host/0,1,2,nearest_recorded,647.9722620581215,641.567837303507,-6.404424754614524
2,host/1/0,host/0,1,3,uniform,664.326319778581,656.3581943656192,-7.968125412961854
2,host/1/0,host/0,1,4,perturb_0.05_-1,646.9211965768535,641.3778526168785,-5.5433439599750045
2,host/1/0,host/0,1,5,perturb_0.05_+1,647.447411896085,641.8578529522756,-5.589558943809379
2,host/1/0,host/0,1,6,perturb_0.15_-1,648.3306380079651,641.8250219509117,-6.50561605705343
2,host/1/0,host/0,1,7,perturb_0.15_+1,648.4525117733904,641.7604162675423,-6.692095505848101
2,host/1/0,host/0,1,8,perturb_0.3_-1,651.0285536107106,642.5102712647579,-8.518282345952684
2,host/1/0,host/0,1,9,perturb_0.3_+1,648.5740588358989,642.0265749541536,-6.547483881745279
3,host/1/100,host/100,1,0,host_reference,774.0042277877576,766.0624709943642,-7.941756793393438
3,host/1/100,host/100,1,1,bca,774.0433958668276,766.0733936082257,-7.97000225860188
3,host/1/100,host/100,1,2,nearest_recorded,774.9297761815661,764.7460108888001,-10.183765292765997
3,host/1/100,host/100,1,3,uniform,772.2811400041928,767.5323749666012,-4.748765037591625
3,host/1/100,host/100,1,4,perturb_0.05_-1,774.0406511941159,766.0754860198282,-7.965165174287677
3,host/1/100,host/100,1,5,perturb_0.05_+1,774.0016385067919,766.0501287161127,-7.951509790679211
3,host/1/100,host/100,1,6,perturb_0.15_-1,774.061046115377,766.1789405023096,-7.882105613067438
3,host/1/100,host/100,1,7,perturb_0.15_+1,774.0006876533286,766.0251601245157,-7.975527528812904
3,host/1/100,host/100,1,8,perturb_0.3_-1,773.8580466077524,766.310452584547,-7.54759402320542
3,host/1/100,host/100,1,9,perturb_0.3_+1,774.019994544609,765.9688120299991,-8.051182514609877
4,host/2/0,host/0,2,0,host_reference,642.6156170446374,642.8946811630219,0.2790641183845537
4,host/2/0,host/0,2,1,bca,642.5003894046305,641.6532915929868,-0.8470978116437209
4,host/2/0,host/0,2,2,nearest_recorded,642.7578073313082,642.2951798104133,-0.4626275208948982
4,host/2/0,host/0,2,3,uniform,653.7752293473435,655.8913496427385,2.116120295395035
4,host/2/0,host/0,2,4,perturb_0.05_-1,641.8696353694954,641.9037999369565,0.03416456746106178
4,host/2/0,host/0,2,5,perturb_0.05_+1,642.8586069052761,641.6749261153115,-1.1836807899646828
4,host/2/0,host/0,2,6,perturb_0.15_-1,642.3066734725561,641.852375770682,-0.4542977018741112
4,host/2/0,host/0,2,7,perturb_0.15_+1,642.8248768551103,641.5850299967576,-1.2398468583527347
4,host/2/0,host/0,2,8,perturb_0.3_-1,643.6925661087135,641.5714577769969,-2.1211083317166413
4,host/2/0,host/0,2,9,perturb_0.3_+1,644.754923489083,642.429589840058,-2.3253336490249694
5,host/2/100,host/100,2,0,host_reference,765.253167260743,766.9153030902283,1.6621358294853508
5,host/2/100,host/100,2,1,bca,765.2139843457568,766.8468421086384,1.6328577628815992
5,host/2/100,host/100,2,2,nearest_recorded,764.9921384879144,766.6870373467294,1.6948988588150087
5,host/2/100,host/100,2,3,uniform,778.5706384851183,766.1109975004059,-12.459640984712337
5,host/2/100,host/100,2,4,perturb_0.05_-1,765.2369189970599,766.9015093828136,1.6645903857537405
5,host/2/100,host/100,2,5,perturb_0.05_+1,765.2776977014151,766.9164094622146,1.6387117607994242
5,host/2/100,host/100,2,6,perturb_0.15_-1,765.2039145482843,766.7244167419631,1.5205021936787944
5,host/2/100,host/100,2,7,perturb_0.15_+1,765.3215352832491,763.6348179166542,-1.6867173665948485
5,host/2/100,host/100,2,8,perturb_0.3_-1,765.1406155973455,767.1280425473167,1.9874269499712227
5,host/2/100,host/100,2,9,perturb_0.3_+1,776.3512586185018,763.7259951860791,-12.625263432422685
6,host/3/0,host/0,3,0,host_reference,641.8610379111868,641.4648785577941,-0.39615935339270436
6,host/3/0,host/0,3,1,bca,641.1047908538205,640.8971141309496,-0.20767672287092864
6,host/3/0,host/0,3,2,nearest_recorded,642.3827975070975,641.2641904814457,-1.1186070256518406
6,host/3/0,host/0,3,3,uniform,661.636070784989,660.9467964613658,-0.6892743236231809
6,host/3/0,host/0,3,4,perturb_0.05_-1,641.1108913257762,640.4952700909714,-0.6156212348047347
6,host/3/0,host/0,3,5,perturb_0.05_+1,642.3908226529273,641.6781958363872,-0.712626816540137
6,host/3/0,host/0,3,6,perturb_0.15_-1,641.6118972309238,641.3484083468021,-0.2634888841216707
6,host/3/0,host/0,3,7,perturb_0.15_+1,644.8493416201586,641.3133753096196,-3.535966310539038
6,host/3/0,host/0,3,8,perturb_0.3_-1,642.0536223731123,641.5770562752207,-0.47656609789157756
6,host/3/0,host/0,3,9,perturb_0.3_+1,647.8250483674713,640.5914878967201,-7.233560470751172
7,host/3/100,host/100,3,0,host_reference,773.8912195111702,766.1453541111165,-7.745865400053731
7,host/3/100,host/100,3,1,bca,773.9142349323267,766.1541961173332,-7.76003881499355
7,host/3/100,host/100,3,2,nearest_recorded,773.9565325107452,766.3757404079839,-7.580792102761279
7,host/3/100,host/100,3,3,uniform,763.9341563363745,762.3391689392081,-1.594987397166392
7,host/3/100,host/100,3,4,perturb_0.05_-1,773.8912875700204,766.135459177949,-7.7558283920714075
7,host/3/100,host/100,3,5,perturb_0.05_+1,773.9073713855362,766.1576014929083,-7.74976989262791
7,host/3/100,host/100,3,6,perturb_0.15_-1,773.8760536816427,766.1202986118636,-7.75575506977907
7,host/3/100,host/100,3,7,perturb_0.15_+1,773.9056249601393,766.1609129334815,-7.744712026657794
7,host/3/100,host/100,3,8,perturb_0.3_-1,773.8860264832035,766.050949157602,-7.83507732560156
7,host/3/100,host/100,3,9,perturb_0.3_+1,773.9108380913266,766.215771921717,-7.695066169609618
8,host/4/0,host/0,4,0,host_reference,645.7070493521046,639.4377183168141,-6.26933103529052
8,host/4/0,host/0,4,1,bca,646.1221441128145,640.7663564885453,-5.355787624269169
8,host/4/0,host/0,4,2,nearest_recorded,646.1760073237433,640.5361102321266,-5.639897091616717
8,host/4/0,host/0,4,3,uniform,666.2427534775861,655.1959045307308,-11.046848946855334
8,host/4/0,host/0,4,4,perturb_0.05_-1,646.0788862078027,640.4263095351369,-5.652576672665873
8,host/4/0,host/0,4,5,perturb_0.05_+1,646.3713120942468,640.8794843053638,-5.491827788883029
8,host/4/0,host/0,4,6,perturb_0.15_-1,645.4872285019925,640.2362341131629,-5.250994388829554
8,host/4/0,host/0,4,7,perturb_0.15_+1,648.1478844563381,640.9579888484635,-7.189895607874632
8,host/4/0,host/0,4,8,perturb_0.3_-1,645.8537162374039,640.0753823845398,-5.77833385286408
8,host/4/0,host/0,4,9,perturb_0.3_+1,657.1975959529823,641.4452775013042,-15.752318451678093
9,host/4/100,host/100,4,0,host_reference,769.8079136314924,766.6333696010577,-3.174544030434731
9,host/4/100,host/100,4,1,bca,769.6789259407502,766.4462091538953,-3.232716786854894
9,host/4/100,host/100,4,2,nearest_recorded,770.0790583334647,766.7591992356278,-3.319859097836911
9,host/4/100,host/100,4,3,uniform,770.1711900545407,766.8636286046026,-3.3075614499381345
9,host/4/100,host/100,4,4,perturb_0.05_-1,773.4249331086694,766.2284365137742,-7.196496594895166
9,host/4/100,host/100,4,5,perturb_0.05_+1,769.9896038699695,766.8276064279795,-3.1619974419900245
9,host/4/100,host/100,4,6,perturb_0.15_-1,770.1636953440463,766.3280124607254,-3.835682883320942
9,host/4/100,host/100,4,7,perturb_0.15_+1,770.1247652712403,766.8741806977728,-3.250584573467563
9,host/4/100,host/100,4,8,perturb_0.3_-1,775.4340786969119,765.9153380634841,-9.518740633427797
9,host/4/100,host/100,4,9,perturb_0.3_+1,770.5729383677365,767.6049064926798,-2.968031875056681
10,host/5/0,host/0,5,0,host_reference,643.618936538293,641.7708777135919,-1.8480588247011838
10,host/5/0,host/0,5,1,bca,643.7595465188567,641.5800105373074,-2.179535981549293
10,host/5/0,host/0,5,2,nearest_recorded,644.7684659840374,642.4086920384984,-2.3597739455390183
10,host/5/0,host/0,5,3,uniform,662.1034752060549,661.6410431117108,-0.4624320943440807
10,host/5/0,host/0,5,4,perturb_0.05_-1,643.751169314677,641.5859798651899,-2.165189449487116
10,host/5/0,host/0,5,5,perturb_0.05_+1,643.8017954233036,641.9535069457154,-1.8482884775881985
10,host/5/0,host/0,5,6,perturb_0.15_-1,643.7334200462719,641.1832849990813,-2.550135047190679
10,host/5/0,host/0,5,7,perturb_0.15_+1,644.5075762915259,642.5247036365281,-1.9828726549977773
10,host/5/0,host/0,5,8,perturb_0.3_-1,643.4661017267641,642.10775663998,-1.3583450867840838
10,host/5/0,host/0,5,9,perturb_0.3_+1,647.0878402408151,641.8875236898837,-5.200316550931461
11,host/5/100,host/100,5,0,host_reference,774.5426390645903,770.3665507852378,-4.176088279352484
11,host/5/100,host/100,5,1,bca,774.549939572919,770.508511287891,-4.041428285028019
11,host/5/100,host/100,5,2,nearest_recorded,773.4449683223352,768.9697275628216,-4.475240759513554
11,host/5/100,host/100,5,3,uniform,770.8096816159256,770.6284833622246,-0.18119825370092713
11,host/5/100,host/100,5,4,perturb_0.05_-1,773.4098434725023,769.0867533721901,-4.323090100312243
11,host/5/100,host/100,5,5,perturb_0.05_+1,774.5549662683735,770.5275002031366,-4.027466065236922
11,host/5/100,host/100,5,6,perturb_0.15_-1,771.0233590377408,774.5681763144567,3.5448172767158894
11,host/5/100,host/100,5,7,perturb_0.15_+1,776.1488544839887,770.7634422226844,-5.385412261304282
11,host/5/100,host/100,5,8,perturb_0.3_-1,770.8882651718353,767.704977154221,-3.183288017614359
11,host/5/100,host/100,5,9,perturb_0.3_+1,770.9084085049321,771.0462609474744,0.13785244254222562
12,host/6/0,host/0,6,0,host_reference,645.9475918604259,642.670355564651,-3.2772362957748555
12,host/6/0,host/0,6,1,bca,645.2398548368853,643.4988605196631,-1.7409943172222029
12,host/6/0,host/0,6,2,nearest_recorded,665.551805223657,662.4377187206189,-3.1140865030380382
12,host/6/0,host/0,6,3,uniform,653.294866311003,664.701672950185,11.406806639181923
12,host/6/0,host/0,6,4,perturb_0.05_-1,647.3304902329755,642.4602031718949,-4.870287061080603
12,host/6/0,host/0,6,5,perturb_0.05_+1,647.2154006963017,643.2555811451273,-3.959819551174405
12,host/6/0,host/0,6,6,perturb_0.15_-1,645.935619458662,642.3365698706945,-3.5990495879675564
12,host/6/0,host/0,6,7,perturb_0.15_+1,645.1550131206914,643.4868433057425,-1.6681698149488966
12,host/6/0,host/0,6,8,perturb_0.3_-1,647.3175218440655,642.6047121069274,-4.712809737138059
12,host/6/0,host/0,6,9,perturb_0.3_+1,643.8106066389885,643.4485703285244,-0.36203631046407736
13,host/6/100,host/100,6,0,host_reference,785.7739049447586,784.0497639805697,-1.724140964188905
13,host/6/100,host/100,6,1,bca,786.9244078680701,783.963486029199,-2.9609218388711724
13,host/6/100,host/100,6,2,nearest_recorded,788.4237146425646,784.3245517852158,-4.0991628573488015
13,host/6/100,host/100,6,3,uniform,785.7262923983457,784.0996469820884,-1.6266454162572472
13,host/6/100,host/100,6,4,perturb_0.05_-1,785.8837461168288,784.1115139005062,-1.77223221632255
13,host/6/100,host/100,6,5,perturb_0.05_+1,786.9283255653892,783.9642235415002,-2.964102023888927
13,host/6/100,host/100,6,6,perturb_0.15_-1,786.038735021658,784.2295673912091,-1.8091676304488828
13,host/6/100,host/100,6,7,perturb_0.15_+1,786.7020336192294,783.9242412222143,-2.777792397015105
13,host/6/100,host/100,6,8,perturb_0.3_-1,786.3355467625671,783.6759427779081,-2.659603984659043
13,host/6/100,host/100,6,9,perturb_0.3_+1,786.235115352595,783.9099626110461,-2.325152741548891
14,host/7/0,host/0,7,0,host_reference,646.2422284974444,640.700269056674,-5.5419594407704835
14,host/7/0,host/0,7,1,bca,646.5234596453627,641.0845620203205,-5.438897625042159
14,host/7/0,host/0,7,2,nearest_recorded,653.0425908768689,643.9522726335828,-9.090318243286106
14,host/7/0,host/0,7,3,uniform,644.6820806653469,640.9998835642261,-3.682197101120778
14,host/7/0,host/0,7,4,perturb_0.05_-1,646.799503086674,640.8318070289976,-5.967696057676449
14,host/7/0,host/0,7,5,perturb_0.05_+1,646.4259430701867,640.6327562127924,-5.793186857394289
14,host/7/0,host/0,7,6,perturb_0.15_-1,646.7873093613499,641.1561433688054,-5.631165992544538
14,host/7/0,host/0,7,7,perturb_0.15_+1,645.9723481151476,641.4627025100929,-4.509645605054743
14,host/7/0,host/0,7,8,perturb_0.3_-1,647.3512259487891,641.0585483247374,-6.292677624051635
14,host/7/0,host/0,7,9,perturb_0.3_+1,647.976737646245,641.7757970007118,-6.200940645533251
15,host/7/100,host/100,7,0,host_reference,775.907072856768,768.4681794763881,-7.438893380379909
15,host/7/100,host/100,7,1,bca,775.7912847450242,771.3686793889375,-4.422605356086706
15,host/7/100,host/100,7,2,nearest_recorded,775.5960669831654,764.9848131902659,-10.61125379289956
15,host/7/100,host/100,7,3,uniform,775.9485631246371,768.2816737265879,-7.666889398049193
15,host/7/100,host/100,7,4,perturb_0.05_-1,775.9421518630893,768.5287353773555,-7.413416485733819
15,host/7/100,host/100,7,5,perturb_0.05_+1,775.7957017132599,768.3382807325631,-7.457420980696725
15,host/7/100,host/100,7,6,perturb_0.15_-1,776.0024290294274,773.8068799735087,-2.1955490559187183
15,host/7/100,host/100,7,7,perturb_0.15_+1,775.6977640364448,768.1547047520663,-7.543059284378501
15,host/7/100,host/100,7,8,perturb_0.3_-1,776.112338017154,773.8101836726885,-2.302154344465521
15,host/7/100,host/100,7,9,perturb_0.3_+1,775.6465304059834,763.5113581648886,-12.135172241094779
16,host/8/0,host/0,8,0,host_reference,649.3187180122118,641.6717249984366,-7.646993013775159
16,host/8/0,host/0,8,1,bca,649.1077425894376,641.603490166019,-7.50425242341862
16,host/8/0,host/0,8,2,nearest_recorded,655.6020723046205,644.632613063448,-10.969459241172444
16,host/8/0,host/0,8,3,uniform,666.7921990759004,650.183911085848,-16.608287990052418
16,host/8/0,host/0,8,4,perturb_0.05_-1,648.3949359401188,641.9617025332179,-6.433233406900854
16,host/8/0,host/0,8,5,perturb_0.05_+1,651.7817599476886,642.2710993328536,-9.510660614834933
16,host/8/0,host/0,8,6,perturb_0.15_-1,647.62353635157,641.6511815561884,-5.972354795381648
16,host/8/0,host/0,8,7,perturb_0.15_+1,656.8875046931929,643.9046729674841,-12.98283172570882
16,host/8/0,host/0,8,8,perturb_0.3_-1,646.8554091100689,641.6801522528531,-5.1752568572158
16,host/8/0,host/0,8,9,perturb_0.3_+1,661.8837870088903,648.8459315584928,-13.037855450397501
17,host/8/100,host/100,8,0,host_reference,773.0653064392308,770.5557332299646,-2.5095732092661365
17,host/8/100,host/100,8,1,bca,773.0120562747511,770.297233289482,-2.714822985269052
17,host/8/100,host/100,8,2,nearest_recorded,777.4735069574132,768.9505695436488,-8.522937413764339
17,host/8/100,host/100,8,3,uniform,774.648684253499,767.4206667584676,-7.228017495031395
17,host/8/100,host/100,8,4,perturb_0.05_-1,778.9904737877501,770.6693697326358,-8.321104055114347
17,host/8/100,host/100,8,5,perturb_0.05_+1,773.0068360978746,769.4781391653303,-3.528696932544335
17,host/8/100,host/100,8,6,perturb_0.15_-1,775.5933304902079,771.0034243777912,-4.5899061124166565
17,host/8/100,host/100,8,7,perturb_0.15_+1,773.0641576592221,769.1701944862828,-3.8939631729393795
17,host/8/100,host/100,8,8,perturb_0.3_-1,777.6726806335873,771.4045796011543,-6.268101032433037
17,host/8/100,host/100,8,9,perturb_0.3_+1,774.5942892588062,767.4592315217319,-7.1350577370742485
18,host/9/0,host/0,9,0,host_reference,646.4060936141309,641.9497331422158,-4.456360471915104
18,host/9/0,host/0,9,1,bca,646.2248756187176,642.6277681416243,-3.5971074770933456
18,host/9/0,host/0,9,2,nearest_recorded,648.223682120608,642.0760568234112,-6.147625297196782
18,host/9/0,host/0,9,3,uniform,648.1962862583272,641.6110132008992,-6.585273057428026
18,host/9/0,host/0,9,4,perturb_0.05_-1,645.4903539852712,644.2501336078532,-1.2402203774180407
18,host/9/0,host/0,9,5,perturb_0.05_+1,646.3972811078972,642.2904163173944,-4.106864790502868
18,host/9/0,host/0,9,6,perturb_0.15_-1,648.0411178539234,641.4502520063679,-6.590865847555506
18,host/9/0,host/0,9,7,perturb_0.15_+1,646.8047962100585,641.5574468020566,-5.247349408001924
18,host/9/0,host/0,9,8,perturb_0.3_-1,658.3725376769831,642.7150899068384,-15.6574477701447
18,host/9/0,host/0,9,9,perturb_0.3_+1,645.247688047708,641.4622026505905,-3.7854853971175544
19,host/9/100,host/100,9,0,host_reference,776.5185074640269,773.8597296692013,-2.658777794825596
19,host/9/100,host/100,9,1,bca,776.511566268196,773.4927613579886,-3.01880491020745
19,host/9/100,host/100,9,2,nearest_recorded,776.8532217133895,774.5842852002058,-2.2689365131836894
19,host/9/100,host/100,9,3,uniform,791.6526067650756,789.1906867007954,-2.461920064280207
19,host/9/100,host/100,9,4,perturb_0.05_-1,776.5603180003218,774.0622953133014,-2.4980226870203524
19,host/9/100,host/100,9,5,perturb_0.05_+1,776.5118167613097,773.4878161079138,-3.0240006533958876
19,host/9/100,host/100,9,6,perturb_0.15_-1,776.6794464132108,774.5451770546122,-2.134269358598658
19,host/9/100,host/100,9,7,perturb_0.15_+1,776.4524937254349,773.5167661551495,-2.935727570285394
19,host/9/100,host/100,9,8,perturb_0.3_-1,776.7198152941578,774.7423670780208,-1.9774482161369633
19,host/9/100,host/100,9,9,perturb_0.3_+1,774.338671041969,772.2276872064068,-2.1109838355621378
20,host/10/0,host/0,10,0,host_reference,644.0531096465671,641.5111277470626,-2.541981899504549
20,host/10/0,host/0,10,1,bca,642.3030303840218,641.5937778104916,-0.7092525735301933
20,host/10/0,host/0,10,2,nearest_recorded,645.1817823796898,642.1345409888397,-3.047241390850104
20,host/10/0,host/0,10,3,uniform,643.762119098462,643.4721966966267,-0.28992240183526974
20,host/10/0,host/0,10,4,perturb_0.05_-1,644.2919525557588,641.5370490419243,-2.754903513834506
20,host/10/0,host/0,10,5,perturb_0.05_+1,642.9491745151361,641.5341304463652,-1.4150440687708397
20,host/10/0,host/0,10,6,perturb_0.15_-1,644.1551705610391,641.5073204218372,-2.6478501392018643
20,host/10/0,host/0,10,7,perturb_0.15_+1,644.1374134635041,641.5441289156529,-2.5932845478512263
20,host/10/0,host/0,10,8,perturb_0.3_-1,646.8539398666677,641.4674243957114,-5.386515470956283
20,host/10/0,host/0,10,9,perturb_0.3_+1,642.5022002238402,641.6476995711171,-0.854500652723118
21,host/10/100,host/100,10,0,host_reference,785.5745781104761,784.1374295591517,-1.4371485513244124
21,host/10/100,host/100,10,1,bca,785.4094801012586,784.2232951454954,-1.186184955763224
21,host/10/100,host/100,10,2,nearest_recorded,786.1820325016437,784.3459863763906,-1.8360461252531195
21,host/10/100,host/100,10,3,uniform,786.477647306014,784.3359408343614,-2.141706471652583
21,host/10/100,host/100,10,4,perturb_0.05_-1,785.4313244861287,784.1424866239779,-1.2888378621507854
21,host/10/100,host/100,10,5,perturb_0.05_+1,785.7045521130369,784.053185745761,-1.6513663672759549
21,host/10/100,host/100,10,6,perturb_0.15_-1,785.6006924718623,784.2308740152433,-1.3698184566189866
21,host/10/100,host/100,10,7,perturb_0.15_+1,783.5674662531436,784.0422495962448,0.4747833431011941
21,host/10/100,host/100,10,8,perturb_0.3_-1,786.3058996610365,784.3430953748738,-1.9628042861627364
21,host/10/100,host/100,10,9,perturb_0.3_+1,783.7583475184767,784.034857935558,0.2765104170812265
22,host/11/0,host/0,11,0,host_reference,645.3829782268874,643.5318482569652,-1.8511299699222263
22,host/11/0,host/0,11,1,bca,644.1853946225483,643.5327741679474,-0.6526204546008785
22,host/11/0,host/0,11,2,nearest_recorded,648.3650687195135,641.227793245122,-7.137275474391458
22,host/11/0,host/0,11,3,uniform,664.0524817691129,644.4507771992179,-19.60170456989499
22,host/11/0,host/0,11,4,perturb_0.05_-1,644.6762848568256,643.5207205574834,-1.1555642993422452
22,host/11/0,host/0,11,5,perturb_0.05_+1,648.0031624808179,644.2305300814553,-3.7726323993625783
22,host/11/0,host/0,11,6,perturb_0.15_-1,644.9247864556119,643.7311527118743,-1.1936337437375641
22,host/11/0,host/0,11,7,perturb_0.15_+1,647.7177640957793,643.0590504503016,-4.6587136454777465
22,host/11/0,host/0,11,8,perturb_0.3_-1,647.058058345074,643.7382738201791,-3.319784524894885
22,host/11/0,host/0,11,9,perturb_0.3_+1,647.7093174519475,643.1362264921552,-4.573090959792353
23,host/11/100,host/100,11,0,host_reference,783.8498519464245,786.4731445218556,2.623292575431151
23,host/11/100,host/100,11,1,bca,783.8018638848462,786.5276404091828,2.725776524336652
23,host/11/100,host/100,11,2,nearest_recorded,783.6993069981842,782.2039539264232,-1.4953530717609738
23,host/11/100,host/100,11,3,uniform,783.9250496975454,783.128285446559,-0.7967642509864845
23,host/11/100,host/100,11,4,perturb_0.05_-1,783.8247916594255,786.6069665167322,2.7821748573066998
23,host/11/100,host/100,11,5,perturb_0.05_+1,783.797942636889,786.5391242840549,2.7411816471658312
23,host/11/100,host/100,11,6,perturb_0.15_-1,783.807165282493,786.9333689982183,3.126203715725296
23,host/11/100,host/100,11,7,perturb_0.15_+1,783.910320705671,786.3986797055134,2.488358999842376
23,host/11/100,host/100,11,8,perturb_0.3_-1,783.7915509507466,787.2538960222755,3.4623450715289437
23,host/11/100,host/100,11,9,perturb_0.3_+1,783.8874460081043,786.2437833829172,2.3563373748128242
24,host/12/0,host/0,12,0,host_reference,647.4224578315551,640.5311482888258,-6.891309542729346
24,host/12/0,host/0,12,1,bca,647.6658768308395,640.6992756554391,-6.966601175400342
24,host/12/0,host/0,12,2,nearest_recorded,646.9301825341869,641.971171584795,-4.959010949391882
24,host/12/0,host/0,12,3,uniform,654.3370775932507,642.689196338796,-11.64788125445466
24,host/12/0,host/0,12,4,perturb_0.05_-1,647.6006048295208,640.5803374919402,-7.020267337580549
24,host/12/0,host/0,12,5,perturb_0.05_+1,647.2025040600806,640.4012681962515,-6.801235863829106
24,host/12/0,host/0,12,6,perturb_0.15_-1,647.084345972153,640.8643902820205,-6.219955690132451
24,host/12/0,host/0,12,7,perturb_0.15_+1,647.7393402210857,640.1941956831784,-7.54514453790739
24,host/12/0,host/0,12,8,perturb_0.3_-1,647.2435319767627,640.5417879397814,-6.7017440369812675
24,host/12/0,host/0,12,9,perturb_0.3_+1,654.1212907486408,642.0113690302426,-12.109921718398255
25,host/12/100,host/100,12,0,host_reference,769.8287314189267,767.325572087952,-2.5031593309747677
25,host/12/100,host/100,12,1,bca,769.4676058591732,765.9165854126707,-3.551020446502548
25,host/12/100,host/100,12,2,nearest_recorded,772.4038749131454,767.8098989791334,-4.593975934011951
25,host/12/100,host/100,12,3,uniform,772.6477021167258,765.8057683016101,-6.841933815115681
25,host/12/100,host/100,12,4,perturb_0.05_-1,769.7318921699109,767.1695999935914,-2.562292176319488
25,host/12/100,host/100,12,5,perturb_0.05_+1,769.4574625252643,765.9263734793482,-3.531089045916133
25,host/12/100,host/100,12,6,perturb_0.15_-1,769.6763668625199,765.7037900979905,-3.9725767645294354
25,host/12/100,host/100,12,7,perturb_0.15_+1,773.6032377908409,767.886870483108,-5.716367307732867
25,host/12/100,host/100,12,8,perturb_0.3_-1,769.8332499066448,767.6322332403154,-2.2010166663294513
25,host/12/100,host/100,12,9,perturb_0.3_+1,772.3597334391657,767.9965328039262,-4.363200635239423
26,host/13/0,host/0,13,0,host_reference,646.7240091902713,642.9952408658183,-3.7287683244529717
26,host/13/0,host/0,13,1,bca,646.0731096079247,642.9567926467137,-3.116316961211055
26,host/13/0,host/0,13,2,nearest_recorded,642.3272159945686,642.189683759079,-0.13753223548962978
26,host/13/0,host/0,13,3,uniform,662.704256252818,652.2460642681053,-10.458191984712698
26,host/13/0,host/0,13,4,perturb_0.05_-1,648.7382766208658,643.0124986971376,-5.725777923728174
26,host/13/0,host/0,13,5,perturb_0.05_+1,645.296496116637,642.9324544576358,-2.3640416590011455
26,host/13/0,host/0,13,6,perturb_0.15_-1,648.4055273774685,642.0416855910316,-6.363841786436865
26,host/13/0,host/0,13,7,perturb_0.15_+1,644.9504185669693,642.60600085711,-2.3444177098593855
26,host/13/0,host/0,13,8,perturb_0.3_-1,649.3413390014039,641.7915822029515,-7.549756798452336
26,host/13/0,host/0,13,9,perturb_0.3_+1,643.1068214219715,642.0299367371272,-1.0768846848443445
27,host/13/100,host/100,13,0,host_reference,784.7908178099644,786.3569308316538,1.5661130216893753
27,host/13/100,host/100,13,1,bca,784.7768168959933,787.6166362128113,2.839819316817966
27,host/13/100,host/100,13,2,nearest_recorded,784.7634295396653,787.3773452752488,2.6139157355835323
27,host/13/100,host/100,13,3,uniform,784.5808700462002,788.4617430542064,3.8808730080062332
27,host/13/100,host/100,13,4,perturb_0.05_-1,784.755189555031,786.5022941472209,1.747104592189885
27,host/13/100,host/100,13,5,perturb_0.05_+1,784.6924106580128,787.5175057125888,2.825095054575968
27,host/13/100,host/100,13,6,perturb_0.15_-1,784.6945099271283,786.983361572688,2.2888516455597028
27,host/13/100,host/100,13,7,perturb_0.15_+1,784.8145962288419,787.0563285749186,2.241732346076674
27,host/13/100,host/100,13,8,perturb_0.3_-1,784.7864791496382,787.9006541221979,3.114174972559681
27,host/13/100,host/100,13,9,perturb_0.3_+1,777.4380056260352,783.414909093524,5.976903467488796
28,host/14/0,host/0,14,0,host_reference,645.8814419845446,641.4083627196479,-4.473079264896683
28,host/14/0,host/0,14,1,bca,645.5307847262769,640.283285235116,-5.247499491160966
28,host/14/0,host/0,14,2,nearest_recorded,645.7790618242168,642.5639297556278,-3.215132068589014
28,host/14/0,host/0,14,3,uniform,643.5393192541,641.558607596102,-1.980711657997972
28,host/14/0,host/0,14,4,perturb_0.05_-1,645.5246601511827,641.4011957900381,-4.12346436114467
28,host/14/0,host/0,14,5,perturb_0.05_+1,645.9655089819556,640.1457908401986,-5.819718141756994
28,host/14/0,host/0,14,6,perturb_0.15_-1,644.4791774372318,642.8541324344853,-1.6250450027464467
28,host/14/0,host/0,14,7,perturb_0.15_+1,645.1148940935764,640.6287256653037,-4.486168428272663
28,host/14/0,host/0,14,8,perturb_0.3_-1,644.6215493536849,643.0789551424822,-1.5425942112027542
28,host/14/0,host/0,14,9,perturb_0.3_+1,646.5165499788898,640.3436876861805,-6.172862292709283
29,host/14/100,host/100,14,0,host_reference,773.820298909203,771.5129815210021,-2.307317388200886
29,host/14/100,host/100,14,1,bca,773.8150163168518,771.1335860569876,-2.6814302598642143
29,host/14/100,host/100,14,2,nearest_recorded,778.4755083417566,769.4264482450374,-9.049060096719245
29,host/14/100,host/100,14,3,uniform,773.7341574399152,769.8540443023999,-3.880113137515309
29,host/14/100,host/100,14,4,perturb_0.05_-1,773.8610102828004,771.8272027779592,-2.0338075048412065
29,host/14/100,host/100,14,5,perturb_0.05_+1,773.8219938122515,771.1869044555881,-2.635089356663457
29,host/14/100,host/100,14,6,perturb_0.15_-1,773.9629148765722,773.4518809791256,-0.5110338974466231
29,host/14/100,host/100,14,7,perturb_0.15_+1,773.7417299682689,770.0216318019276,-3.7200981663413586
29,host/14/100,host/100,14,8,perturb_0.3_-1,774.1008914149932,773.568140495833,-0.5327509191602076
29,host/14/100,host/100,14,9,perturb_0.3_+1,778.4609120806155,769.2473297713908,-9.213582309224648
30,host/15/0,host/0,15,0,host_reference,647.9052355532497,640.9722313732627,-6.933004179986938
30,host/15/0,host/0,15,1,bca,645.1851664605549,641.6409210776794,-3.544245382875488
30,host/15/0,host/0,15,2,nearest_recorded,648.3635547949436,641.532652536873,-6.830902258070637
30,host/15/0,host/0,15,3,uniform,648.2071544691004,641.2318344258002,-6.975320043300144
30,host/15/0,host/0,15,4,perturb_0.05_-1,647.8886437038373,641.4140607695841,-6.474582934253135
30,host/15/0,host/0,15,5,perturb_0.05_+1,645.471260171469,641.4990375789757,-3.9722225924932673
30,host/15/0,host/0,15,6,perturb_0.15_-1,649.6070773200503,641.6404437255619,-7.966633594488371
30,host/15/0,host/0,15,7,perturb_0.15_+1,642.729861948893,641.3076814479821,-1.4221805009109403
30,host/15/0,host/0,15,8,perturb_0.3_-1,654.5785682375802,642.6472795981044,-11.931288639475724
30,host/15/0,host/0,15,9,perturb_0.3_+1,643.725363111782,641.9197377365537,-1.8056253752283737
31,host/15/100,host/100,15,0,host_reference,791.7991015485721,784.8017570080092,-6.997344540562949
31,host/15/100,host/100,15,1,bca,791.6771372188251,784.7719677116612,-6.905169507163919
31,host/15/100,host/100,15,2,nearest_recorded,792.004981846223,784.5883531167965,-7.41662872942652
31,host/15/100,host/100,15,3,uniform,784.7151644216576,772.7514763733949,-11.963688048262725
31,host/15/100,host/100,15,4,perturb_0.05_-1,791.8622348735917,784.7958895455524,-7.066345328039233
31,host/15/100,host/100,15,5,perturb_0.05_+1,791.8963988513813,784.4904694651513,-7.405929386230014
31,host/15/100,host/100,15,6,perturb_0.15_-1,790.9352567340426,784.7905816171195,-6.144675116923054
31,host/15/100,host/100,15,7,perturb_0.15_+1,791.916931671868,784.5603389734686,-7.356592698399481
31,host/15/100,host/100,15,8,perturb_0.3_-1,786.124377349496,784.5135640702143,-1.610813279281615
31,host/15/100,host/100,15,9,perturb_0.3_+1,786.8322858671738,784.7871454931599,-2.045140374013954
32,host/16/0,host/0,16,0,host_reference,646.8919348402397,641.810960111344,-5.08097472889574
32,host/16/0,host/0,16,1,bca,647.4788629362774,641.7673336659556,-5.711529270321876
32,host/16/0,host/0,16,2,nearest_recorded,647.9770348190209,643.3924346876266,-4.584600131394268
32,host/16/0,host/0,16,3,uniform,647.8651749571058,644.0918388092799,-3.7733361478258303
32,host/16/0,host/0,16,4,perturb_0.05_-1,647.439287468918,641.9553589977571,-5.48392847116088
32,host/16/0,host/0,16,5,perturb_0.05_+1,647.555406954998,642.0622995177946,-5.4931074372034345
32,host/16/0,host/0,16,6,perturb_0.15_-1,647.0339175692242,640.9713654857323,-6.062552083491823
32,host/16/0,host/0,16,7,perturb_0.15_+1,647.838542758216,643.9930643094873,-3.845478448728727
32,host/16/0,host/0,16,8,perturb_0.3_-1,651.4146615725867,641.6237765813527,-9.790884991234066
32,host/16/0,host/0,16,9,perturb_0.3_+1,648.0854344987576,644.8119876096605,-3.2734468890971584
33,host/16/100,host/100,16,0,host_reference,768.9856375730984,764.9000236474072,-4.085613925691177
33,host/16/100,host/100,16,1,bca,768.1053374599734,764.938779273726,-3.1665581862473573
33,host/16/100,host/100,16,2,nearest_recorded,769.1465771912409,765.5768602114315,-3.5697169798094137
33,host/16/100,host/100,16,3,uniform,773.3230984960492,765.0386218744645,-8.284476621584645
33,host/16/100,host/100,16,4,perturb_0.05_-1,768.035508698885,764.9482552648483,-3.087253434036711
33,host/16/100,host/100,16,5,perturb_0.05_+1,768.9210876482801,764.8706993597596,-4.050388288520594
33,host/16/100,host/100,16,6,perturb_0.15_-1,768.11224626941,764.9115369240197,-3.200709345390237
33,host/16/100,host/100,16,7,perturb_0.15_+1,768.2484720278893,764.843436800652,-3.405035227237363
33,host/16/100,host/100,16,8,perturb_0.3_-1,767.996678385339,765.5553291224269,-2.4413492629121265
33,host/16/100,host/100,16,9,perturb_0.3_+1,768.1841918629686,764.8296822846224,-3.35450957834621
34,host/17/0,host/0,17,0,host_reference,643.765028836781,641.3085982884523,-2.456430548328626
34,host/17/0,host/0,17,1,bca,642.7750310727868,642.0290384798991,-0.7459925928876601
34,host/17/0,host/0,17,2,nearest_recorded,646.731099143909,641.7470942276641,-4.984004916244885
34,host/17/0,host/0,17,3,uniform,660.1596461038544,662.7235620019594,2.5639158981050514
34,host/17/0,host/0,17,4,perturb_0.05_-1,647.6467795332414,641.9820098686549,-5.664769664586515
34,host/17/0,host/0,17,5,perturb_0.05_+1,642.6159656100936,642.3173000750412,-0.2986655350523506
34,host/17/0,host/0,17,6,perturb_0.15_-1,658.100135854968,645.8619502713453,-12.23818558362268
34,host/17/0,host/0,17,7,perturb_0.15_+1,642.2726598266564,641.8740041607072,-0.3986556659492635
34,host/17/0,host/0,17,8,perturb_0.3_-1,665.9279469401295,655.7536534460489,-10.17429349408053
34,host/17/0,host/0,17,9,perturb_0.3_+1,644.7758891047094,642.7488855467155,-2.0270035579939076
35,host/17/100,host/100,17,0,host_reference,765.4892119467404,764.1793424166127,-1.3098695301276848
35,host/17/100,host/100,17,1,bca,765.4072133531245,764.1865784401117,-1.2206349130127592
35,host/17/100,host/100,17,2,nearest_recorded,777.1128189089843,764.3369342328879,-12.775884676096439
35,host/17/100,host/100,17,3,uniform,776.6817923363784,778.1226258710166,1.440833534638159
35,host/17/100,host/100,17,4,perturb_0.05_-1,765.5247194796364,764.3178527049515,-1.2068667746848405
35,host/17/100,host/100,17,5,perturb_0.05_+1,765.408687179679,764.1865960242664,-1.2220911554126133
35,host/17/100,host/100,17,6,perturb_0.15_-1,765.6430790428301,764.3148891612316,-1.3281898815985187
35,host/17/100,host/100,17,7,perturb_0.15_+1,765.3759271349994,764.0723755749312,-1.303551560068172
35,host/17/100,host/100,17,8,perturb_0.3_-1,777.1477810030061,764.5303552730733,-12.617425729932847
35,host/17/100,host/100,17,9,perturb_0.3_+1,765.9936102941363,763.925125789591,-2.0684845045452676
36,host/18/0,host/0,18,0,host_reference,642.3198492204714,641.2082987244731,-1.1115504959982445
36,host/18/0,host/0,18,1,bca,642.6616772200043,642.5448197201448,-0.11685749985952043
36,host/18/0,host/0,18,2,nearest_recorded,650.6889182891389,642.16642162417,-8.522496664968912
36,host/18/0,host/0,18,3,uniform,666.970856541357,658.4347695841741,-8.536086957182874
36,host/18/0,host/0,18,4,perturb_0.05_-1,642.3467328647375,641.3469783935926,-0.9997544711449109
36,host/18/0,host/0,18,5,perturb_0.05_+1,642.2943098101873,641.2259221700764,-1.0683876401109274
36,host/18/0,host/0,18,6,perturb_0.15_-1,642.7565424943158,641.3754597795265,-1.3810827147892724
36,host/18/0,host/0,18,7,perturb_0.15_+1,642.1565448789772,642.228568040984,0.07202316200675796
36,host/18/0,host/0,18,8,perturb_0.3_-1,643.8583525776953,641.2813932247147,-2.576959352980566
36,host/18/0,host/0,18,9,perturb_0.3_+1,642.2071186833267,641.1229436216131,-1.0841750617136086
37,host/18/100,host/100,18,0,host_reference,764.3558961310686,765.3196624943524,0.9637663632838667
37,host/18/100,host/100,18,1,bca,764.3450028900543,765.3341162545989,0.9891133645446644
37,host/18/100,host/100,18,2,nearest_recorded,764.4200697559877,765.3040107687211,0.8839410127334304
37,host/18/100,host/100,18,3,uniform,764.7965597844178,763.6328399428983,-1.1637198415195371
37,host/18/100,host/100,18,4,perturb_0.05_-1,764.3360497173167,765.3469229187134,1.0108732013967483
37,host/18/100,host/100,18,5,perturb_0.05_+1,764.3813476556311,765.3169924131772,0.9356447575461289
37,host/18/100,host/100,18,6,perturb_0.15_-1,770.7500283499959,766.2463188619922,-4.503709488003665
37,host/18/100,host/100,18,7,perturb_0.15_+1,764.4388149594371,765.2943172761012,0.8555023166641149
37,host/18/100,host/100,18,8,perturb_0.3_-1,770.349406346387,767.1011495678389,-3.248256778548125
37,host/18/100,host/100,18,9,perturb_0.3_+1,764.5528574328184,765.3719934028716,0.8191359700531393
38,host/19/0,host/0,19,0,host_reference,645.2940354211572,641.7355421604683,-3.5584932606889197
38,host/19/0,host/0,19,1,bca,644.4057858687837,641.7535878745828,-2.6521979942009466
38,host/19/0,host/0,19,2,nearest_recorded,643.4795445393408,642.0452933194294,-1.4342512199114026
38,host/19/0,host/0,19,3,uniform,647.1742342344977,640.9652608613053,-6.208973373192407
38,host/19/0,host/0,19,4,perturb_0.05_-1,644.9681619836188,641.7051284849782,-3.2630334986405387
38,host/19/0,host/0,19,5,perturb_0.05_+1,644.2681167913034,641.700429602391,-2.567687188912487
38,host/19/0,host/0,19,6,perturb_0.15_-1,646.5714652155423,641.4852927164972,-5.086172499045119
38,host/19/0,host/0,19,7,perturb_0.15_+1,644.2952669770871,641.8830087333836,-2.4122582437034907
38,host/19/0,host/0,19,8,perturb_0.3_-1,647.1434310481319,641.3288158888764,-5.814615159255482
38,host/19/0,host/0,19,9,perturb_0.3_+1,645.6806163883437,642.1326942170117,-3.5479221713319475
39,host/19/100,host/100,19,0,host_reference,786.6516352878871,788.8008045154928,2.1491692276057393
39,host/19/100,host/100,19,1,bca,786.5602629917978,788.7683856622193,2.208122670421517
39,host/19/100,host/100,19,2,nearest_recorded,783.5049479833614,788.4634607067547,4.958512723393369
39,host/19/100,host/100,19,3,uniform,775.2073952926845,787.2084848843211,12.001089591636628
39,host/19/100,host/100,19,4,perturb_0.05_-1,786.6701479833772,788.7220962702343,2.051948286857055
39,host/19/100,host/100,19,5,perturb_0.05_+1,778.0430376834933,788.8654188821251,10.822381198631888
39,host/19/100,host/100,19,6,perturb_0.15_-1,786.4077739900832,788.3617522788704,1.953978288787198
39,host/19/100,host/100,19,7,perturb_0.15_+1,777.7650260856583,788.9759299607966,11.210903875138342
39,host/19/100,host/100,19,8,perturb_0.3_-1,782.1730128577111,787.9997636290966,5.826750771385491
39,host/19/100,host/100,19,9,perturb_0.3_+1,777.6548084043493,789.1389058528788,11.484097448529496
40,host/20/0,host/0,20,0,host_reference,644.6009563285045,642.18688274332,-2.4140735851844966
40,host/20/0,host/0,20,1,bca,643.3108577733321,641.8582818857773,-1.4525758875548718
40,host/20/0,host/0,20,2,nearest_recorded,644.6445207574759,641.0695290853766,-3.5749916720992587
40,host/20/0,host/0,20,3,uniform,670.4590458672974,638.4222355563314,-32.03681031096596
40,host/20/0,host/0,20,4,perturb_0.05_-1,643.6459370406778,641.7882513625518,-1.8576856781260176
40,host/20/0,host/0,20,5,perturb_0.05_+1,643.2222162112761,641.692165616586,-1.530050594690124
40,host/20/0,host/0,20,6,perturb_0.15_-1,645.4641158126201,640.9431532357752,-4.520962576844909
40,host/20/0,host/0,20,7,perturb_0.15_+1,641.2030638739852,641.9487981616709,0.7457342876856501
40,host/20/0,host/0,20,8,perturb_0.3_-1,649.5327550394253,640.7794450161558,-8.753310023269478
40,host/20/0,host/0,20,9,perturb_0.3_+1,641.9331693615692,642.9298954909718,0.9967261294026457
41,host/20/100,host/100,20,0,host_reference,782.5293766840139,784.1634794270811,1.6341027430672739
41,host/20/100,host/100,20,1,bca,782.8416499343816,784.171922561647,1.3302726272653445
41,host/20/100,host/100,20,2,nearest_recorded,788.1992336327431,784.2998565339567,-3.899377098786431
41,host/20/100,host/100,20,3,uniform,788.2365935351751,784.0809560154574,-4.155637519717629
41,host/20/100,host/100,20,4,perturb_0.05_-1,782.7153047261037,784.1686303144764,1.4533255883727634
41,host/20/100,host/100,20,5,perturb_0.05_+1,782.3070563692685,784.159786149677,1.852729780408481
41,host/20/100,host/100,20,6,perturb_0.15_-1,787.8022260343129,784.2594408397885,-3.542785194524413
41,host/20/100,host/100,20,7,perturb_0.15_+1,786.5551245006637,784.300821945527,-2.2543025551367464
41,host/20/100,host/100,20,8,perturb_0.3_-1,788.1416866915923,784.2754081217856,-3.8662785698066955
41,host/20/100,host/100,20,9,perturb_0.3_+1,782.5290700753034,784.2844446470436,1.7553745717402762
42,host/21/0,host/0,21,0,host_reference,644.3531298996003,641.662303020039,-2.690826879561314
42,host/21/0,host/0,21,1,bca,644.0458927467017,641.7014786627103,-2.34441408399141
42,host/21/0,host/0,21,2,nearest_recorded,646.9581939602658,641.5909781893067,-5.367215770959092
42,host/21/0,host/0,21,3,uniform,642.5659208047651,642.249727800092,-0.31619300467309586
42,host/21/0,host/0,21,4,perturb_0.05_-1,645.0231757824181,641.8120045633331,-3.2111712190850312
42,host/21/0,host/0,21,5,perturb_0.05_+1,644.1719422192746,641.8372105936701,-2.3347316256044905
42,host/21/0,host/0,21,6,perturb_0.15_-1,647.1785380410207,641.2201212030292,-5.958416837991535
42,host/21/0,host/0,21,7,perturb_0.15_+1,642.2463038081871,641.8893614522345,-0.35694235595258306
42,host/21/0,host/0,21,8,perturb_0.3_-1,651.0698944699558,641.4194620142734,-9.650432455682335
42,host/21/0,host/0,21,9,perturb_0.3_+1,642.7070276881025,642.0265773213943,-0.6804503667082145
43,host/21/100,host/100,21,0,host_reference,789.1294435489289,784.0801037500144,-5.049339798914502
43,host/21/100,host/100,21,1,bca,789.2679562387914,784.0806842310418,-5.187272007749584
43,host/21/100,host/100,21,2,nearest_recorded,788.9625099045999,783.7845256668086,-5.177984237791293
43,host/21/100,host/100,21,3,uniform,783.3083215406515,783.0884786400293,-0.21984290062221135
43,host/21/100,host/100,21,4,perturb_0.05_-1,789.1362702769815,784.0945126374852,-5.041757639496268
43,host/21/100,host/100,21,5,perturb_0.05_+1,789.1634723898285,784.0796989493763,-5.083773440452205
43,host/21/100,host/100,21,6,perturb_0.15_-1,789.14909843262,784.0900185174826,-5.059079915137431
43,host/21/100,host/100,21,7,perturb_0.15_+1,789.2470305174943,784.0451830668453,-5.201847450648984
43,host/21/100,host/100,21,8,perturb_0.3_-1,789.2807293372379,784.0853695541082,-5.195359783129675
43,host/21/100,host/100,21,9,perturb_0.3_+1,789.0779906901234,783.761357397886,-5.316633292237498
44,host/22/0,host/0,22,0,host_reference,643.633274505869,641.1006739494687,-2.5326005564003253
44,host/22/0,host/0,22,1,bca,642.484802548785,642.5101932564914,0.02539070770649232
44,host/22/0,host/0,22,2,nearest_recorded,661.4441988084507,655.6748601172422,-5.769338691208418
44,host/22/0,host/0,22,3,uniform,645.0312570356198,642.4423998113768,-2.588857224242929
44,host/22/0,host/0,22,4,perturb_0.05_-1,644.8384604112126,641.5607820136705,-3.277678397542104
44,host/22/0,host/0,22,5,perturb_0.05_+1,645.0475912847888,643.5469447709114,-1.5006465138774274
44,host/22/0,host/0,22,6,perturb_0.15_-1,653.5642295394273,645.2083105051486,-8.355919034278713
44,host/22/0,host/0,22,7,perturb_0.15_+1,644.7918572880475,642.1619339656501,-2.629923322397417
44,host/22/0,host/0,22,8,perturb_0.3_-1,662.1358110362551,660.4615744942832,-1.6742365419718226
44,host/22/0,host/0,22,9,perturb_0.3_+1,645.7658028489165,643.9110287193112,-1.854774129605289
45,host/22/100,host/100,22,0,host_reference,765.2594110636497,764.3029169861038,-0.9564940775459263
45,host/22/100,host/100,22,1,bca,765.2486397238112,764.2464563260809,-1.0021833977302776
45,host/22/100,host/100,22,2,nearest_recorded,765.465608043532,764.319774680993,-1.145833362539065
45,host/22/100,host/100,22,3,uniform,777.5328784750343,767.2295844704142,-10.303294004620057
45,host/22/100,host/100,22,4,perturb_0.05_-1,765.326500491213,764.3773770069702,-0.9491234842428184
45,host/22/100,host/100,22,5,perturb_0.05_+1,765.228623602421,764.2693084172868,-0.9593151851341872
45,host/22/100,host/100,22,6,perturb_0.15_-1,765.5552460248973,764.4387122949777,-1.116533729919638
45,host/22/100,host/100,22,7,perturb_0.15_+1,764.5547725606086,763.9892417339761,-0.5655308266325392
45,host/22/100,host/100,22,8,perturb_0.3_-1,774.9946322093282,764.781801155051,-10.212831054277217
45,host/22/100,host/100,22,9,perturb_0.3_+1,764.4727421972369,765.3796062644338,0.9068640671969206
46,host/23/0,host/0,23,0,host_reference,644.760175150719,640.7841977351135,-3.9759774156054846
46,host/23/0,host/0,23,1,bca,644.2954257690684,640.7505563141617,-3.5448694549066886
46,host/23/0,host/0,23,2,nearest_recorded,656.8551517421355,645.0647597430898,-11.79039199904571
46,host/23/0,host/0,23,3,uniform,658.5366782170722,645.9701793226736,-12.566498894398592
46,host/23/0,host/0,23,4,perturb_0.05_-1,644.698953128078,641.0271756350168,-3.6717774930611995
46,host/23/0,host/0,23,5,perturb_0.05_+1,644.5816597943195,640.5948292088628,-3.986830585456687
46,host/23/0,host/0,23,6,perturb_0.15_-1,645.3044749604895,640.706239628314,-4.598235332175477
46,host/23/0,host/0,23,7,perturb_0.15_+1,646.6855262741702,640.3316106519153,-6.353915622254931
46,host/23/0,host/0,23,8,perturb_0.3_-1,647.5408956577708,640.9643924592399,-6.576503198530872
46,host/23/0,host/0,23,9,perturb_0.3_+1,647.762316008853,640.8302947488687,-6.9320212599842534
47,host/23/100,host/100,23,0,host_reference,783.7854730638126,789.1242779282719,5.338804864459348
47,host/23/100,host/100,23,1,bca,783.6610951354754,789.0861111009606,5.425015965485159
47,host/23/100,host/100,23,2,nearest_recorded,784.3504317662906,789.4104497630163,5.060017996725719
47,host/23/100,host/100,23,3,uniform,784.5818749408967,789.6429405290025,5.061065588105862
47,host/23/100,host/100,23,4,perturb_0.05_-1,783.9035255895809,789.1206957672148,5.217170177633875
47,host/23/100,host/100,23,5,perturb_0.05_+1,783.6958851503922,789.1267544643451,5.43086931395294
47,host/23/100,host/100,23,6,perturb_0.15_-1,784.0264401633046,789.3252999796654,5.298859816360732
47,host/23/100,host/100,23,7,perturb_0.15_+1,789.7204880253759,789.1200210134755,-0.6004670119003777
47,host/23/100,host/100,23,8,perturb_0.3_-1,784.3765175086074,789.0592230388373,4.682705530229896
47,host/23/100,host/100,23,9,perturb_0.3_+1,787.2895396597222,788.9564017841211,1.6668621243989037
48,host/24/0,host/0,24,0,host_reference,646.4765736576558,642.4078295034103,-4.068744154245451
48,host/24/0,host/0,24,1,bca,643.5048036149866,642.1731256640047,-1.3316779509818844
48,host/24/0,host/0,24,2,nearest_recorded,647.5341240915612,641.8385517993433,-5.695572292217889
48,host/24/0,host/0,24,3,uniform,656.9640480869737,663.3205131951516,6.356465108177986
48,host/24/0,host/0,24,4,perturb_0.05_-1,642.6601075412592,641.9947218464224,-0.6653856948368002
48,host/24/0,host/0,24,5,perturb_0.05_+1,647.1516749566943,640.9182702552711,-6.233404701423183
48,host/24/0,host/0,24,6,perturb_0.15_-1,642.3629128712046,641.9053524770643,-0.4575603941402733
48,host/24/0,host/0,24,7,perturb_0.15_+1,651.8305497236848,642.4236514202664,-9.406898303418416
48,host/24/0,host/0,24,8,perturb_0.3_-1,642.2367084282204,641.5270941225035,-0.7096143057168547
48,host/24/0,host/0,24,9,perturb_0.3_+1,659.6218141261616,660.4595654666128,0.8377513404512911
49,host/24/100,host/100,24,0,host_reference,785.1000480131246,784.5774848218705,-0.5225631912541076
49,host/24/100,host/100,24,1,bca,785.0518944784458,784.2133123686835,-0.8385821097622284
49,host/24/100,host/100,24,2,nearest_recorded,785.2137727219687,783.9322012180544,-1.2815715039142788
49,host/24/100,host/100,24,3,uniform,785.1756040632793,783.9497203237332,-1.2258837395460205
49,host/24/100,host/100,24,4,perturb_0.05_-1,785.0539475892531,784.2021850920967,-0.8517624971564146
49,host/24/100,host/100,24,5,perturb_0.05_+1,785.0863110064895,784.6469969637568,-0.4393140427326898
49,host/24/100,host/100,24,6,perturb_0.15_-1,785.0699207294037,784.0967241274572,-0.9731966019465972
49,host/24/100,host/100,24,7,perturb_0.15_+1,785.0573629076333,785.5478252953575,0.49046238772416473
49,host/24/100,host/100,24,8,perturb_0.3_-1,785.2634298927948,783.738796280574,-1.5246336122207822
49,host/24/100,host/100,24,9,perturb_0.3_+1,785.0572320981769,788.8686049941917,3.811372896014859
50,host/25/0,host/0,25,0,host_reference,644.1038330810266,643.8613622032867,-0.24247087773983367
50,host/25/0,host/0,25,1,bca,644.1075209510019,643.9589667927544,-0.14855415824752072
50,host/25/0,host/0,25,2,nearest_recorded,648.0152280675245,641.1993874770712,-6.815840590453263
50,host/25/0,host/0,25,3,uniform,666.3572387774284,661.0012466188188,-5.355992158609638
50,host/25/0,host/0,25,4,perturb_0.05_-1,647.8962418134532,644.1549697085057,-3.741272104947484
50,host/25/0,host/0,25,5,perturb_0.05_+1,644.6215150570719,643.940303978724,-0.6812110783478147
50,host/25/0,host/0,25,6,perturb_0.15_-1,647.213473329075,643.079465496297,-4.134007832778025
50,host/25/0,host/0,25,7,perturb_0.15_+1,642.4499606187644,642.9272636877976,0.4773030690331552
50,host/25/0,host/0,25,8,perturb_0.3_-1,647.9880830293758,641.292106129562,-6.6959768998139
50,host/25/0,host/0,25,9,perturb_0.3_+1,642.7132058714543,642.8085036394748,0.09529776802048673
51,host/25/100,host/100,25,0,host_reference,779.3707867105619,782.5458210657931,3.175034355231219
51,host/25/100,host/100,25,1,bca,779.292668171654,782.4474719704235,3.154803798769535
51,host/25/100,host/100,25,2,nearest_recorded,787.0957414641567,781.457533387879,-5.638208076277692
51,host/25/100,host/100,25,3,uniform,779.1066438554295,783.3869234437026,4.280279588273061
51,host/25/100,host/100,25,4,perturb_0.05_-1,779.1402343870789,782.4632945459441,3.323060158865246
51,host/25/100,host/100,25,5,perturb_0.05_+1,779.2525168920675,782.6101413692388,3.357624477171271
51,host/25/100,host/100,25,6,perturb_0.15_-1,779.3879809010787,782.3690328766847,2.9810519756060785
51,host/25/100,host/100,25,7,perturb_0.15_+1,778.9304898728236,782.7627677126499,3.832277839826247
51,host/25/100,host/100,25,8,perturb_0.3_-1,779.159482485615,781.9317894889057,2.7723070032907344
51,host/25/100,host/100,25,9,perturb_0.3_+1,779.2365208114797,782.9423374673993,3.7058166559195342
52,host/26/0,host/0,26,0,host_reference,646.7046427352227,640.2570476574407,-6.447595077782012
52,host/26/0,host/0,26,1,bca,646.8827032478006,640.8515806506309,-6.031122597169656
52,host/26/0,host/0,26,2,nearest_recorded,646.5040842166337,642.4030297051904,-4.101054511443294
52,host/26/0,host/0,26,3,uniform,670.9771012212582,650.9974563588506,-19.979644862407554
52,host/26/0,host/0,26,4,perturb_0.05_-1,647.129475855907,640.2867519322011,-6.842723923705876
52,host/26/0,host/0,26,5,perturb_0.05_+1,646.5464669735817,641.0542925372556,-5.492174436326081
52,host/26/0,host/0,26,6,perturb_0.15_-1,646.6171146035641,640.0018365390617,-6.615278064502377
52,host/26/0,host/0,26,7,perturb_0.15_+1,646.7192557522943,641.9606019947744,-4.758653757519937
52,host/26/0,host/0,26,8,perturb_0.3_-1,645.5195368967222,640.5253240657192,-4.994212831002983
52,host/26/0,host/0,26,9,perturb_0.3_+1,646.1648893479162,641.539505701217,-4.62538364669922
53,host/26/100,host/100,26,0,host_reference,772.0573205428723,765.8034804674726,-6.253840075399694
53,host/26/100,host/100,26,1,bca,771.8320191690096,765.7832273197947,-6.048791849214922
53,host/26/100,host/100,26,2,nearest_recorded,771.4669691272917,765.935311489497,-5.531657637794638
53,host/26/100,host/100,26,3,uniform,772.0170117879428,766.0839813953552,-5.933030392587625
53,host/26/100,host/100,26,4,perturb_0.05_-1,771.8761349792766,765.7609468632152,-6.115188116061404
53,host/26/100,host/100,26,5,perturb_0.05_+1,772.1472966616814,765.7741774167285,-6.373119244952818
53,host/26/100,host/100,26,6,perturb_0.15_-1,773.126282028658,765.8168995903665,-7.30938243829155
53,host/26/100,host/100,26,7,perturb_0.15_+1,771.963563882027,765.7272115655234,-6.236352316503599
53,host/26/100,host/100,26,8,perturb_0.3_-1,773.420641097861,765.7059645289642,-7.714676568896834
53,host/26/100,host/100,26,9,perturb_0.3_+1,771.5138913125536,765.8867670985129,-5.627124214040691
54,host/27/0,host/0,27,0,host_reference,645.3665142214173,640.7505374614806,-4.615976759936757
54,host/27/0,host/0,27,1,bca,645.1566017842006,641.1210845743905,-4.035517209810109
54,host/27/0,host/0,27,2,nearest_recorded,647.7620429827556,641.8297037923517,-5.932339190403923
54,host/27/0,host/0,27,3,uniform,666.9828234420338,662.5462338792357,-4.436589562798076
54,host/27/0,host/0,27,4,perturb_0.05_-1,647.9473066930713,640.779433894376,-7.167872798695271
54,host/27/0,host/0,27,5,perturb_0.05_+1,646.4120701212772,643.0409389753056,-3.371131145971617
54,host/27/0,host/0,27,6,perturb_0.15_-1,651.5632461288617,642.2458145455186,-9.317431583343136
54,host/27/0,host/0,27,7,perturb_0.15_+1,645.8924124224035,641.6434233908764,-4.248989031527117
54,host/27/0,host/0,27,8,perturb_0.3_-1,656.557169387427,641.2076139416389,-15.349555445788155
54,host/27/0,host/0,27,9,perturb_0.3_+1,646.1311917365356,640.9661372789478,-5.1650544575877575
55,host/27/100,host/100,27,0,host_reference,779.2562109608391,770.5298084569182,-8.726402503920895
55,host/27/100,host/100,27,1,bca,779.2391905846644,770.4730269572324,-8.766163627431979
55,host/27/100,host/100,27,2,nearest_recorded,779.5119957980163,771.041758708065,-8.470237089951297
55,host/27/100,host/100,27,3,uniform,766.4101923916807,766.8751160810244,0.46492368934377737
55,host/27/100,host/100,27,4,perturb_0.05_-1,779.2404935484986,770.4759356433168,-8.764557905181846
55,host/27/100,host/100,27,5,perturb_0.05_+1,779.39712571245,770.5887366319996,-8.80838908045041
55,host/27/100,host/100,27,6,perturb_0.15_-1,777.0364678548578,769.4714731115425,-7.56499474331531
55,host/27/100,host/100,27,7,perturb_0.15_+1,779.4415278255585,771.0349068368241,-8.406620988734403
55,host/27/100,host/100,27,8,perturb_0.3_-1,776.9519870612149,769.304565386509,-7.6474216747059245
55,host/27/100,host/100,27,9,perturb_0.3_+1,779.6277226984424,784.4303964389837,4.802673740541309
56,host/28/0,host/0,28,0,host_reference,646.8783851178933,641.550695190378,-5.327689927515394
56,host/28/0,host/0,28,1,bca,646.8233726787447,641.7250871228066,-5.098285555938105
56,host/28/0,host/0,28,2,nearest_recorded,646.6937782416816,641.4961236824507,-5.197654559230841
56,host/28/0,host/0,28,3,uniform,666.1517205237645,656.8663567054025,-9.285363818362043
56,host/28/0,host/0,28,4,perturb_0.05_-1,646.3005239917416,641.2968885371041,-5.003635454637447
56,host/28/0,host/0,28,5,perturb_0.05_+1,645.9072127772945,641.0851652177647,-4.8220475595297785
56,host/28/0,host/0,28,6,perturb_0.15_-1,646.5187318294876,641.3106029591208,-5.20812887036675
56,host/28/0,host/0,28,7,perturb_0.15_+1,647.1371264589652,640.4045859987227,-6.73254046024249
56,host/28/0,host/0,28,8,perturb_0.3_-1,646.7688648457337,641.420396211145,-5.3484686345886985
56,host/28/0,host/0,28,9,perturb_0.3_+1,646.9428422440851,641.066022199233,-5.876820044852138
57,host/28/100,host/100,28,0,host_reference,768.9539427714999,764.434398756222,-4.519544015277916
57,host/28/100,host/100,28,1,bca,769.3155195392494,764.3479731323376,-4.967546406911765
57,host/28/100,host/100,28,2,nearest_recorded,772.0761120814652,766.8374709702733,-5.238641111191896
57,host/28/100,host/100,28,3,uniform,769.2617810619197,764.53094930465,-4.730831757269698
57,host/28/100,host/100,28,4,perturb_0.05_-1,768.9663084369535,764.4508010046613,-4.515507432292111
57,host/28/100,host/100,28,5,perturb_0.05_+1,768.9335308801226,765.2429962532136,-3.6905346269089705
57,host/28/100,host/100,28,6,perturb_0.15_-1,769.2444721054769,764.5153975917566,-4.72907451372032
57,host/28/100,host/100,28,7,perturb_0.15_+1,771.978829713724,766.8721613767765,-5.106668336947564
57,host/28/100,host/100,28,8,perturb_0.3_-1,769.2894384587709,764.522189256371,-4.767249202399853
57,host/28/100,host/100,28,9,perturb_0.3_+1,769.6480913261837,766.7588685945343,-2.8892227316493972
58,host/29/0,host/0,29,0,host_reference,650.4029579427812,642.6485601636198,-7.7543977791614225
58,host/29/0,host/0,29,1,bca,649.9653465698403,642.0266707732686,-7.938675796571715
58,host/29/0,host/0,29,2,nearest_recorded,662.8103315292484,651.2617947747342,-11.548536754514203
58,host/29/0,host/0,29,3,uniform,655.838339761346,641.3482301217772,-14.4901096395688
58,host/29/0,host/0,29,4,perturb_0.05_-1,649.7709748365876,641.963569861118,-7.807404975469581
58,host/29/0,host/0,29,5,perturb_0.05_+1,651.8986917725427,644.6558641251135,-7.242827647429294
58,host/29/0,host/0,29,6,perturb_0.15_-1,648.5389148544133,641.7041157880861,-6.83479906632715
58,host/29/0,host/0,29,7,perturb_0.15_+1,658.4766420012638,646.5509004975142,-11.925741503749578
58,host/29/0,host/0,29,8,perturb_0.3_-1,647.6562657639771,641.6651803423313,-5.991085421645835
58,host/29/0,host/0,29,9,perturb_0.3_+1,662.1133633535603,654.0374990824938,-8.075864271066507
59,host/29/100,host/100,29,0,host_reference,773.2617396770438,769.4776721678844,-3.7840675091593994
59,host/29/100,host/100,29,1,bca,773.2326431457819,769.4391146313551,-3.793528514426839
59,host/29/100,host/100,29,2,nearest_recorded,773.4918445953202,769.2949148448065,-4.196929750513732
59,host/29/100,host/100,29,3,uniform,776.1759919110247,767.375508626147,-8.8004832848776
59,host/29/100,host/100,29,4,perturb_0.05_-1,773.2093379824588,769.4885095041762,-3.720828478282556
59,host/29/100,host/100,29,5,perturb_0.05_+1,773.4171389544681,769.4402854615096,-3.9768534929585257
59,host/29/100,host/100,29,6,perturb_0.15_-1,776.8499846729567,768.5857697657865,-8.264214907170185
59,host/29/100,host/100,29,7,perturb_0.15_+1,773.595126416972,769.3875042309345,-4.207622186037497
59,host/29/100,host/100,29,8,perturb_0.3_-1,776.7172608286652,767.7242605984144,-8.9930002302508
59,host/29/100,host/100,29,9,perturb_0.3_+1,776.5295208349061,767.4439233432279,-9.085597491678186
60,host/30/0,host/0,30,0,host_reference,647.6438363269525,641.7640082718746,-5.879828055077951
60,host/30/0,host/0,30,1,bca,648.0714084686899,641.7287914127002,-6.342617055989763
60,host/30/0,host/0,30,2,nearest_recorded,661.5708508124184,649.7585603245154,-11.812290487902942
60,host/30/0,host/0,30,3,uniform,666.8191104790262,648.0675563522959,-18.751554126730298
60,host/30/0,host/0,30,4,perturb_0.05_-1,649.0372925677848,641.3258749350073,-7.711417632777511
60,host/30/0,host/0,30,5,perturb_0.05_+1,647.5047760926977,641.919125459502,-5.585650633195769
60,host/30/0,host/0,30,6,perturb_0.15_-1,650.2830440371173,641.7762133754986,-8.506830661618665
60,host/30/0,host/0,30,7,perturb_0.15_+1,644.666683906063,642.4077272984074,-2.258956607655591
60,host/30/0,host/0,30,8,perturb_0.3_-1,660.2016477727409,646.5093420189628,-13.6923057537781
60,host/30/0,host/0,30,9,perturb_0.3_+1,644.916670126049,642.3196168253186,-2.5970533007304084
61,host/30/100,host/100,30,0,host_reference,772.4361801201412,770.7835046167963,-1.6526755033448808
61,host/30/100,host/100,30,1,bca,773.1432244865853,770.6836529404637,-2.4595715461215377
61,host/30/100,host/100,30,2,nearest_recorded,773.7824823411764,770.1508003476847,-3.631681993491725
61,host/30/100,host/100,30,3,uniform,771.3101104561625,770.3995013161439,-0.9106091400186642
61,host/30/100,host/100,30,4,perturb_0.05_-1,772.3962864153393,770.8536315698914,-1.5426548454479416
61,host/30/100,host/100,30,5,perturb_0.05_+1,773.1573107585491,770.6319054080535,-2.525405350495589
61,host/30/100,host/100,30,6,perturb_0.15_-1,773.372204944953,771.0385362534931,-2.3336686914598204
61,host/30/100,host/100,30,7,perturb_0.15_+1,772.2961287976822,770.4262854867677,-1.8698433109144617
61,host/30/100,host/100,30,8,perturb_0.3_-1,773.2435926216019,771.26570570698,-1.9778869146218767
61,host/30/100,host/100,30,9,perturb_0.3_+1,772.3454251978866,770.2736242941717,-2.071800903714916
62,host/31/0,host/0,31,0,host_reference,645.4379876950004,640.8342264535613,-4.603761241439088
62,host/31/0,host/0,31,1,bca,643.0069400087813,640.8004184742093,-2.206521534571948
62,host/31/0,host/0,31,2,nearest_recorded,647.3376443651329,641.5176321692206,-5.820012195912227
62,host/31/0,host/0,31,3,uniform,641.290383370194,640.6388246648767,-0.6515587053173704
62,host/31/0,host/0,31,4,perturb_0.05_-1,646.4267386868457,641.437273305381,-4.989465381464697
62,host/31/0,host/0,31,5,perturb_0.05_+1,642.7301511373763,640.7856475287081,-1.9445036086682421
62,host/31/0,host/0,31,6,perturb_0.15_-1,655.7106719272047,644.689421200302,-11.021250726902622
62,host/31/0,host/0,31,7,perturb_0.15_+1,641.6974341041758,640.6133016279888,-1.084132476187051
62,host/31/0,host/0,31,8,perturb_0.3_-1,660.5229982409223,655.3389293520488,-5.184068888873526
62,host/31/0,host/0,31,9,perturb_0.3_+1,643.5140364943031,641.2573563505003,-2.2566801438027824
63,host/31/100,host/100,31,0,host_reference,785.338787118221,790.3458976526853,5.007110534464232
63,host/31/100,host/100,31,1,bca,785.2866913181442,790.3067097990837,5.020018480939484
63,host/31/100,host/100,31,2,nearest_recorded,785.5193906205835,790.9184879819347,5.39909736135121
63,host/31/100,host/100,31,3,uniform,785.2923269811013,790.3925730997782,5.100246118676978
63,host/31/100,host/100,31,4,perturb_0.05_-1,785.3710947826131,790.4108977515848,5.039802968971685
63,host/31/100,host/100,31,5,perturb_0.05_+1,785.2684059910471,789.6307301403016,4.362324149254505
63,host/31/100,host/100,31,6,perturb_0.15_-1,785.3541346826623,791.0435545626,5.689419879937645
63,host/31/100,host/100,31,7,perturb_0.15_+1,784.9953726570601,789.264387642414,4.26901498535392
63,host/31/100,host/100,31,8,perturb_0.3_-1,785.4867752198587,790.3483440494357,4.861568829576981
63,host/31/100,host/100,31,9,perturb_0.3_+1,786.186692598993,789.1254848200324,2.938792221039421
64,host/32/0,host/0,32,0,host_reference,645.1915099420446,642.5861868866225,-2.6053230554221045
64,host/32/0,host/0,32,1,bca,644.6016407244416,642.873730807,-1.7279099174415933
64,host/32/0,host/0,32,2,nearest_recorded,643.6818918231274,642.5069369523769,-1.1749548707505255
64,host/32/0,host/0,32,3,uniform,647.028712656768,640.9078112922849,-6.120901364483075
64,host/32/0,host/0,32,4,perturb_0.05_-1,644.4062597244573,641.4591426606464,-2.947117063810879
64,host/32/0,host/0,32,5,perturb_0.05_+1,644.9067056515146,642.6998276240491,-2.20687802746545
64,host/32/0,host/0,32,6,perturb_0.15_-1,650.1292466599265,641.8000829875505,-8.329163672376012
64,host/32/0,host/0,32,7,perturb_0.15_+1,644.5369548271443,641.3445398806437,-3.192414946500662
64,host/32/0,host/0,32,8,perturb_0.3_-1,658.2298175945901,643.5814093122384,-14.648408282351738
64,host/32/0,host/0,32,9,perturb_0.3_+1,644.7534523736762,642.1889170645503,-2.5645353091258585
65,host/32/100,host/100,32,0,host_reference,777.9412918251885,772.56581463317,-5.375477192018479
65,host/32/100,host/100,32,1,bca,777.8389326379332,772.6759651399333,-5.162967497999944
65,host/32/100,host/100,32,2,nearest_recorded,777.7284385560976,772.3381685845222,-5.3902699715753215
65,host/32/100,host/100,32,3,uniform,787.0197189168542,773.5667221496589,-13.452996767195373
65,host/32/100,host/100,32,4,perturb_0.05_-1,778.0075799853367,772.6719543801004,-5.335625605236373
65,host/32/100,host/100,32,5,perturb_0.05_+1,777.8821714740874,772.6999200010434,-5.182251473043948
65,host/32/100,host/100,32,6,perturb_0.15_-1,778.1330203841392,772.9124041219526,-5.2206162621865815
65,host/32/100,host/100,32,7,perturb_0.15_+1,777.7824768772145,772.4871852321252,-5.295291645089378
65,host/32/100,host/100,32,8,perturb_0.3_-1,785.5173838631534,773.459167328711,-12.058216534442408
65,host/32/100,host/100,32,9,perturb_0.3_+1,777.7165078175148,772.1922825810416,-5.524225236473171
66,host/33/0,host/0,33,0,host_reference,649.1932635385924,641.7096907354046,-7.483572803187826
66,host/33/0,host/0,33,1,bca,647.9976227419115,641.642771821779,-6.354850920132549
66,host/33/0,host/0,33,2,nearest_recorded,648.208486267182,641.879776419371,-6.328709847811069
66,host/33/0,host/0,33,3,uniform,659.8260682159776,658.261712052354,-1.564356163623529
66,host/33/0,host/0,33,4,perturb_0.05_-1,651.4551166094241,642.1926492072206,-9.26246740220347
66,host/33/0,host/0,33,5,perturb_0.05_+1,648.1350418794103,642.1300641996653,-6.004977679745025
66,host/33/0,host/0,33,6,perturb_0.15_-1,655.7128854416449,644.6796369240462,-11.033248517598622
66,host/33/0,host/0,33,7,perturb_0.15_+1,644.5366859286452,641.2635308487307,-3.2731550799144316
66,host/33/0,host/0,33,8,perturb_0.3_-1,659.7727036443978,656.5790442039236,-3.193659440474221
66,host/33/0,host/0,33,9,perturb_0.3_+1,643.9824945570784,641.4122974401934,-2.5701971168850832
67,host/33/100,host/100,33,0,host_reference,781.209632303182,770.2512400698561,-10.95839223332598
67,host/33/100,host/100,33,1,bca,781.309483000983,771.6891058288114,-9.62037717217163
67,host/33/100,host/100,33,2,nearest_recorded,780.7457372274336,771.6457766300363,-9.099960597397285
67,host/33/100,host/100,33,3,uniform,780.8384518234295,770.3577673777685,-10.48068444566104
67,host/33/100,host/100,33,4,perturb_0.05_-1,781.1354255146425,770.3066618498276,-10.828763664814915
67,host/33/100,host/100,33,5,perturb_0.05_+1,781.3162998959514,771.5401155443966,-9.776184351554775
67,host/33/100,host/100,33,6,perturb_0.15_-1,781.6633146450348,771.7004858880708,-9.962828756963972
67,host/33/100,host/100,33,7,perturb_0.15_+1,781.0191812995417,771.1967680502956,-9.822413249246097
67,host/33/100,host/100,33,8,perturb_0.3_-1,781.3562751538478,772.1735161206653,-9.182759033182492
67,host/33/100,host/100,33,9,perturb_0.3_+1,781.1539778740664,771.18974646705,-9.964231407016428
68,host/34/0,host/0,34,0,host_reference,649.9843211291586,641.9739641253691,-8.010357003789522
68,host/34/0,host/0,34,1,bca,648.7846434295668,640.6737393861824,-8.11090404338438
68,host/34/0,host/0,34,2,nearest_recorded,656.7321502824666,642.5891867781357,-14.14296350433085
68,host/34/0,host/0,34,3,uniform,666.0766649334547,650.8723445581257,-15.204320375328962
68,host/34/0,host/0,34,4,perturb_0.05_-1,645.7881349369044,640.3278924974633,-5.460242439441117
68,host/34/0,host/0,34,5,perturb_0.05_+1,656.1572878561303,642.5206632857735,-13.636624570356844
68,host/34/0,host/0,34,6,perturb_0.15_-1,646.2228446574376,641.6222379173922,-4.60060674004535
68,host/34/0,host/0,34,7,perturb_0.15_+1,667.5247378589866,651.3211229041543,-16.203614954832233
68,host/34/0,host/0,34,8,perturb_0.3_-1,645.9820011923881,641.3571716842321,-4.62482950815604
68,host/34/0,host/0,34,9,perturb_0.3_+1,668.2611144552732,659.9675652797245,-8.29354917554872
69,host/34/100,host/100,34,0,host_reference,781.6345758051546,765.3320890528666,-16.302486752287905
69,host/34/100,host/100,34,1,bca,781.358934238851,769.2618749072182,-12.097059331632863
69,host/34/100,host/100,34,2,nearest_recorded,781.5968052590565,769.2210535933692,-12.37575166568729
69,host/34/100,host/100,34,3,uniform,780.9346706693659,769.108708699349,-11.82596197001692
69,host/34/100,host/100,34,4,perturb_0.05_-1,781.4909266135505,765.3230671341629,-16.16785947938763
69,host/34/100,host/100,34,5,perturb_0.05_+1,781.6456379501466,765.3366343986817,-16.30900355146491
69,host/34/100,host/100,34,6,perturb_0.15_-1,781.5064726945475,769.2418243044847,-12.264648390062803
69,host/34/100,host/100,34,7,perturb_0.15_+1,781.3108637012155,765.3873448994073,-15.9235188018082
69,host/34/100,host/100,34,8,perturb_0.3_-1,781.1406165090725,769.1667325444342,-11.973883964638276
69,host/34/100,host/100,34,9,perturb_0.3_+1,781.5810033147825,765.4236177027024,-16.157385612080134
70,host/35/0,host/0,35,0,host_reference,643.7028787898334,641.2889816355511,-2.413897154282381
70,host/35/0,host/0,35,1,bca,643.3935329329572,641.1148870934273,-2.2786458395298723
70,host/35/0,host/0,35,2,nearest_recorded,649.5178044978128,641.4060261949805,-8.11177830283225
70,host/35/0,host/0,35,3,uniform,641.6407765318494,641.1773113763427,-0.46346515550669665
70,host/35/0,host/0,35,4,perturb_0.05_-1,642.5921297428457,640.8197673220562,-1.7723624207894773
70,host/35/0,host/0,35,5,perturb_0.05_+1,643.772620759999,641.5130787578479,-2.259542002151079
70,host/35/0,host/0,35,6,perturb_0.15_-1,645.8848413614322,642.108572862754,-3.776268498678178
70,host/35/0,host/0,35,7,perturb_0.15_+1,652.9608976952853,642.8003876437691,-10.160510051516212
70,host/35/0,host/0,35,8,perturb_0.3_-1,643.9479405928313,641.7389157439369,-2.209024848894387
70,host/35/0,host/0,35,9,perturb_0.3_+1,659.3450173759505,647.0992759584402,-12.245741417510317
71,host/35/100,host/100,35,0,host_reference,765.7265706043303,764.1327824566857,-1.5937881476445455
71,host/35/100,host/100,35,1,bca,765.6910180829207,764.1154316897812,-1.5755863931394742
71,host/35/100,host/100,35,2,nearest_recorded,777.3031009150284,764.2356853812552,-13.067415533773215
71,host/35/100,host/100,35,3,uniform,765.8934408324183,764.238986101254,-1.6544547311642646
71,host/35/100,host/100,35,4,perturb_0.05_-1,765.7848238897838,764.1724278991974,-1.6123959905863785
71,host/35/100,host/100,35,5,perturb_0.05_+1,765.6877570741772,764.1026249579353,-1.5851321162418799
71,host/35/100,host/100,35,6,perturb_0.15_-1,777.2463319185237,764.3813330774665,-12.864998841057172
71,host/35/100,host/100,35,7,perturb_0.15_+1,765.5216142689985,767.5916042633315,2.069989994333014
71,host/35/100,host/100,35,8,perturb_0.3_-1,777.3082929780893,764.5414541693251,-12.766838808764192
71,host/35/100,host/100,35,9,perturb_0.3_+1,765.4429655995846,767.4517085913373,2.0087429917526833
72,host/36/0,host/0,36,0,host_reference,645.4363665551022,641.1343809388859,-4.301985616216257
72,host/36/0,host/0,36,1,bca,645.3845618122064,640.6980953254454,-4.686466486760992
72,host/36/0,host/0,36,2,nearest_recorded,646.6152260717795,640.8622183895783,-5.753007682201201
72,host/36/0,host/0,36,3,uniform,666.5820946581214,656.4962912221736,-10.08580343594781
72,host/36/0,host/0,36,4,perturb_0.05_-1,646.7270902801973,640.9637537736946,-5.7633365065026965
72,host/36/0,host/0,36,5,perturb_0.05_+1,646.6981707026222,640.6234005202833,-6.0747701823388525
72,host/36/0,host/0,36,6,perturb_0.15_-1,646.5459750118233,641.2291838081225,-5.316791203700859
72,host/36/0,host/0,36,7,perturb_0.15_+1,647.6569560685123,641.5500263317829,-6.106929736729398
72,host/36/0,host/0,36,8,perturb_0.3_-1,650.3941047169525,642.4702291610456,-7.923875555906875
72,host/36/0,host/0,36,9,perturb_0.3_+1,647.0798180682795,641.2609421462253,-5.81887592205419
73,host/36/100,host/100,36,0,host_reference,768.0307633599986,760.0432645174358,-7.987498842562786
73,host/36/100,host/100,36,1,bca,768.3642261166615,760.0560132017598,-8.308212914901674
73,host/36/100,host/100,36,2,nearest_recorded,771.2234334101131,760.4621141798094,-10.761319230303684
73,host/36/100,host/100,36,3,uniform,777.4610194136326,768.8609992660374,-8.60002014759516
73,host/36/100,host/100,36,4,perturb_0.05_-1,771.214664237024,760.039117257801,-11.175546979222986
73,host/36/100,host/100,36,5,perturb_0.05_+1,768.0627594195317,760.0497833514407,-8.012976068091007
73,host/36/100,host/100,36,6,perturb_0.15_-1,771.1866210478831,760.0293138150371,-11.157307232846051
73,host/36/100,host/100,36,7,perturb_0.15_+1,768.4151937923785,760.4948594706653,-7.920334321713199
73,host/36/100,host/100,36,8,perturb_0.3_-1,771.1489949967062,760.4886166933798,-10.66037830332641
73,host/36/100,host/100,36,9,perturb_0.3_+1,768.4839728595673,760.1175975920506,-8.366375267516673
74,host/37/0,host/0,37,0,host_reference,644.3428152053629,642.1530007713726,-2.18981443399025
74,host/37/0,host/0,37,1,bca,644.0968000812794,641.4438242664252,-2.652975814854244
74,host/37/0,host/0,37,2,nearest_recorded,644.4775779018552,641.3200304947419,-3.1575474071132703
74,host/37/0,host/0,37,3,uniform,661.6609615927806,661.3973348491307,-0.2636267436498656
74,host/37/0,host/0,37,4,perturb_0.05_-1,644.2431792588927,642.2099165697688,-2.0332626891239443
74,host/37/0,host/0,37,5,perturb_0.05_+1,645.1634100269335,643.0868658747875,-2.0765441521460843
74,host/37/0,host/0,37,6,perturb_0.15_-1,643.7091003981171,642.1468912637902,-1.562209134326963
74,host/37/0,host/0,37,7,perturb_0.15_+1,643.4908849152773,641.940376353153,-1.5505085621242642
74,host/37/0,host/0,37,8,perturb_0.3_-1,644.2667063340863,642.3045975061281,-1.9621088279582182
74,host/37/0,host/0,37,9,perturb_0.3_+1,645.2178006570903,642.4388909941839,-2.778909662906358
75,host/37/100,host/100,37,0,host_reference,778.3126818009516,767.6093253378468,-10.703356463104797
75,host/37/100,host/100,37,1,bca,775.8571309733811,767.4688142708474,-8.388316702533757
75,host/37/100,host/100,37,2,nearest_recorded,766.0386963841703,767.1906224526604,1.15192606849007
75,host/37/100,host/100,37,3,uniform,776.6360388771342,776.3146494393358,-0.3213894377984161
75,host/37/100,host/100,37,4,perturb_0.05_-1,778.3410369055347,767.6751682682964,-10.665868637238304
75,host/37/100,host/100,37,5,perturb_0.05_+1,775.8623633866862,767.3770300133378,-8.48533337334834
75,host/37/100,host/100,37,6,perturb_0.15_-1,778.4439497418832,772.8463662316491,-5.597583510234131
75,host/37/100,host/100,37,7,perturb_0.15_+1,766.0271450935487,766.9921052099448,0.9649601163961279
75,host/37/100,host/100,37,8,perturb_0.3_-1,778.5748367288417,770.099875409947,-8.474961318894657
75,host/37/100,host/100,37,9,perturb_0.3_+1,765.5668365659119,766.4819138520808,0.9150772861688665
76,host/38/0,host/0,38,0,host_reference,647.2134616200495,642.0762139736356,-5.137247646413925
76,host/38/0,host/0,38,1,bca,647.6710418259761,642.3828288869348,-5.288212939041273
76,host/38/0,host/0,38,2,nearest_recorded,651.7682861598339,643.6571653164654,-8.111120843368553
76,host/38/0,host/0,38,3,uniform,647.4323836602704,642.3869733740624,-5.045410286207925
76,host/38/0,host/0,38,4,perturb_0.05_-1,647.1092907013897,642.1317214928846,-4.977569208505088
76,host/38/0,host/0,38,5,perturb_0.05_+1,647.2334011746358,643.350608202252,-3.882792972383754
76,host/38/0,host/0,38,6,perturb_0.15_-1,647.6138663918507,641.042676559836,-6.571189832014738
76,host/38/0,host/0,38,7,perturb_0.15_+1,646.023939935923,643.5513036483758,-2.472636287547175
76,host/38/0,host/0,38,8,perturb_0.3_-1,647.8932625022244,641.2730207909123,-6.620241711312133
76,host/38/0,host/0,38,9,perturb_0.3_+1,648.9161009328504,642.5198682831871,-6.396232649663375
77,host/38/100,host/100,38,0,host_reference,776.6113248143141,766.2164385529545,-10.394886261359602
77,host/38/100,host/100,38,1,bca,776.5349208714694,766.220118289688,-10.31480258178135
77,host/38/100,host/100,38,2,nearest_recorded,778.3585520393891,763.4278167522464,-14.930735287142738
77,host/38/100,host/100,38,3,uniform,776.6681413452712,766.4613791550686,-10.206762190202653
77,host/38/100,host/100,38,4,perturb_0.05_-1,776.5277881660045,766.2091712310934,-10.31861693491112
77,host/38/100,host/100,38,5,perturb_0.05_+1,776.6763028534441,766.2757901725067,-10.400512680937368
77,host/38/100,host/100,38,6,perturb_0.15_-1,776.395596344426,765.9279707448709,-10.467625599555163
77,host/38/100,host/100,38,7,perturb_0.15_+1,776.7700088108958,766.439754257404,-10.330254553491727
77,host/38/100,host/100,38,8,perturb_0.3_-1,776.202633566493,766.7144587206842,-9.488174845808771
77,host/38/100,host/100,38,9,perturb_0.3_+1,778.8933067179187,774.4534891016349,-4.43981761628379
78,host/39/0,host/0,39,0,host_reference,649.9021446973746,641.7303128924528,-8.171831804921794
78,host/39/0,host/0,39,1,bca,649.7704089043148,641.2485291961076,-8.521879708207166
78,host/39/0,host/0,39,2,nearest_recorded,649.2990030181119,641.4238088845509,-7.875194133560967
78,host/39/0,host/0,39,3,uniform,649.6829905762816,641.6578937017657,-8.025096874515839
78,host/39/0,host/0,39,4,perturb_0.05_-1,649.7823728811453,641.1786122239797,-8.603760657165594
78,host/39/0,host/0,39,5,perturb_0.05_+1,653.1820857232811,641.8271075876613,-11.354978135619831
78,host/39/0,host/0,39,6,perturb_0.15_-1,647.6603998565627,641.0555294001682,-6.604870456394451
78,host/39/0,host/0,39,7,perturb_0.15_+1,656.0334136511365,642.0192591211085,-14.014154530028009
78,host/39/0,host/0,39,8,perturb_0.3_-1,647.6940472568042,641.494485666929,-6.199561589875202
78,host/39/0,host/0,39,9,perturb_0.3_+1,659.3877169270999,644.1576703846623,-15.230046542437549
79,host/39/100,host/100,39,0,host_reference,774.036218623364,771.3056833212811,-2.730535302082899
79,host/39/100,host/100,39,1,bca,773.8637700378227,771.2487720811272,-2.614997956695561
79,host/39/100,host/100,39,2,nearest_recorded,773.243854261252,771.1203794769118,-2.1234747843401465
79,host/39/100,host/100,39,3,uniform,782.4971862944365,772.2790982972712,-10.218087997165298
79,host/39/100,host/100,39,4,perturb_0.05_-1,773.8587026157957,771.2244052798729,-2.6342973359227244
79,host/39/100,host/100,39,5,perturb_0.05_+1,774.0373666688015,771.3273388812988,-2.7100277875026677
79,host/39/100,host/100,39,6,perturb_0.15_-1,773.8849867313974,771.1492212930825,-2.735765438314843
79,host/39/100,host/100,39,7,perturb_0.15_+1,782.4197969737397,772.8013053190977,-9.618491654642071
79,host/39/100,host/100,39,8,perturb_0.3_-1,773.6395754647962,770.0807862580623,-3.558789206733877
79,host/39/100,host/100,39,9,perturb_0.3_+1,782.3392076241333,772.2019140455457,-10.137293578587673
80,host/40/0,host/0,40,0,host_reference,646.9988831400224,641.6831502070518,-5.3157329329706045
80,host/40/0,host/0,40,1,bca,647.8438435833846,642.3665811217727,-5.477262461611872
80,host/40/0,host/0,40,2,nearest_recorded,646.7813888757366,642.1295602443513,-4.651828631385342
80,host/40/0,host/0,40,3,uniform,658.8438588215247,664.5470534064583,5.7031945849336125
80,host/40/0,host/0,40,4,perturb_0.05_-1,648.188814079106,642.3876609133902,-5.801153165715846
80,host/40/0,host/0,40,5,perturb_0.05_+1,646.9934507140255,642.2982083793629,-4.6952423346625665
80,host/40/0,host/0,40,6,perturb_0.15_-1,646.6802765152275,641.9800627749966,-4.700213740230993
80,host/40/0,host/0,40,7,perturb_0.15_+1,651.3821684581945,641.7541547884902,-9.628013669704387
80,host/40/0,host/0,40,8,perturb_0.3_-1,647.7856654972817,641.3225929895985,-6.463072507683137
80,host/40/0,host/0,40,9,perturb_0.3_+1,657.1883693151838,643.269432574599,-13.91893674058474
81,host/40/100,host/100,40,0,host_reference,774.7160537194354,774.2344210941175,-0.4816326253179568
81,host/40/100,host/100,40,1,bca,776.8657387742818,774.1354571334504,-2.7302816408314357
81,host/40/100,host/100,40,2,nearest_recorded,774.3717615164508,769.3352781793448,-5.036483337106006
81,host/40/100,host/100,40,3,uniform,789.3929708120884,778.0330784792678,-11.35989233282055
81,host/40/100,host/100,40,4,perturb_0.05_-1,777.0811077472633,776.4544613661087,-0.6266463811546146
81,host/40/100,host/100,40,5,perturb_0.05_+1,776.9914207728506,774.0722938307468,-2.9191269421037305
81,host/40/100,host/100,40,6,perturb_0.15_-1,777.1496221147144,776.8158481051918,-0.3337740095225854
81,host/40/100,host/100,40,7,perturb_0.15_+1,774.6804884670861,771.2187449233521,-3.4617435437339736
81,host/40/100,host/100,40,8,perturb_0.3_-1,778.462404175127,777.092598321823,-1.3698058533040012
81,host/40/100,host/100,40,9,perturb_0.3_+1,774.5134737773182,768.7813030704721,-5.732170706846091
82,host/41/0,host/0,41,0,host_reference,647.1042625032534,640.5009122370815,-6.603350266171901
82,host/41/0,host/0,41,1,bca,647.0482051539162,640.244717274573,-6.803487879343265
82,host/41/0,host/0,41,2,nearest_recorded,648.8958199320599,641.0253370880533,-7.870482844006574
82,host/41/0,host/0,41,3,uniform,666.5183317275739,647.8135706172536,-18.704761110320305
82,host/41/0,host/0,41,4,perturb_0.05_-1,646.1412192816724,640.5302028143965,-5.611016467275931
82,host/41/0,host/0,41,5,perturb_0.05_+1,646.6482320163955,641.1346293981118,-5.513602618283699
82,host/41/0,host/0,41,6,perturb_0.15_-1,646.142175057232,640.7692556568429,-5.372919400389037
82,host/41/0,host/0,41,7,perturb_0.15_+1,649.7120939010222,641.2171080230402,-8.494985877982003
82,host/41/0,host/0,41,8,perturb_0.3_-1,646.3619674190384,641.2908440866389,-5.071123332399452
82,host/41/0,host/0,41,9,perturb_0.3_+1,654.205763967632,639.4705478208548,-14.735216146777248
83,host/41/100,host/100,41,0,host_reference,773.7519659630694,766.394867866203,-7.35709809686648
83,host/41/100,host/100,41,1,bca,773.7802400146177,766.3624745991282,-7.417765415489498
83,host/41/100,host/100,41,2,nearest_recorded,770.6085368947416,766.3734868692384,-4.235050025503256
83,host/41/100,host/100,41,3,uniform,770.0429469532077,765.0724341556761,-4.970512797531569
83,host/41/100,host/100,41,4,perturb_0.05_-1,773.6971829736824,766.389226151554,-7.3079568221284035
83,host/41/100,host/100,41,5,perturb_0.05_+1,771.0716033196051,766.3601543733073,-4.7114489462977645
83,host/41/100,host/100,41,6,perturb_0.15_-1,771.2688661045428,766.372576324309,-4.896289780233815
83,host/41/100,host/100,41,7,perturb_0.15_+1,771.1630640106317,766.4146463399295,-4.748417670702224
83,host/41/100,host/100,41,8,perturb_0.3_-1,774.0990132753277,766.3444770475203,-7.754536227807421
83,host/41/100,host/100,41,9,perturb_0.3_+1,770.7107038304657,766.3450792549045,-4.365624575561242
84,host/42/0,host/0,42,0,host_reference,646.852078110967,641.5262547500619,-5.325823360905133
84,host/42/0,host/0,42,1,bca,647.0337472564679,641.570612176902,-5.463135079565859
84,host/42/0,host/0,42,2,nearest_recorded,647.4792050889132,643.2578139824366,-4.221391106476631
84,host/42/0,host/0,42,3,uniform,647.3220941233936,639.8644122002062,-7.457681923187465
84,host/42/0,host/0,42,4,perturb_0.05_-1,646.9720790985032,641.6145793853493,-5.357499713153857
84,host/42/0,host/0,42,5,perturb_0.05_+1,647.4988838647677,641.7754895464359,-5.723394318331771
84,host/42/0,host/0,42,6,perturb_0.15_-1,647.3102749491312,641.3764947257879,-5.9337802233433194
84,host/42/0,host/0,42,7,perturb_0.15_+1,646.3206542712686,640.7377654927643,-5.582888778504298
84,host/42/0,host/0,42,8,perturb_0.3_-1,647.5607189902493,641.7329872279448,-5.827731762304438
84,host/42/0,host/0,42,9,perturb_0.3_+1,646.452880553593,641.5765472965336,-4.8763332570594
85,host/42/100,host/100,42,0,host_reference,769.9271218642073,768.3637940597264,-1.5633278044808776
85,host/42/100,host/100,42,1,bca,773.3259946662545,768.4882775598015,-4.837717106452942
85,host/42/100,host/100,42,2,nearest_recorded,772.897760581685,767.4771207112625,-5.420639870422519
85,host/42/100,host/100,42,3,uniform,770.3238154816547,768.7283066857656,-1.5955087958891454
85,host/42/100,host/100,42,4,perturb_0.05_-1,773.3838259753257,768.4090608125225,-4.974765162803237
85,host/42/100,host/100,42,5,perturb_0.05_+1,773.2522201394997,768.4852632004036,-4.76695693909619
85,host/42/100,host/100,42,6,perturb_0.15_-1,771.7952665600909,768.5353246502099,-3.259941909881036
85,host/42/100,host/100,42,7,perturb_0.15_+1,769.8014325292479,767.5903644465661,-2.211068082681777
85,host/42/100,host/100,42,8,perturb_0.3_-1,776.5702372279611,768.8724800283283,-7.697757199632861
85,host/42/100,host/100,42,9,perturb_0.3_+1,773.5175980835771,767.4162845723209,-6.101313511256194
86,host/43/0,host/0,43,0,host_reference,643.8603236501042,642.828755487901,-1.0315681622031434
86,host/43/0,host/0,43,1,bca,643.3924250716366,642.5916354685509,-0.8007896030857182
86,host/43/0,host/0,43,2,nearest_recorded,643.3038806395584,642.761903191298,-0.541977448260468
86,host/43/0,host/0,43,3,uniform,644.4571517918057,643.5628626292392,-0.8942891625664515
86,host/43/0,host/0,43,4,perturb_0.05_-1,643.5742022080841,643.2823971298322,-0.29180507825185487
86,host/43/0,host/0,43,5,perturb_0.05_+1,642.8786759812004,642.5842286235876,-0.294447357612853
86,host/43/0,host/0,43,6,perturb_0.15_-1,643.4253048526913,643.2546861441381,-0.1706187085532065
86,host/43/0,host/0,43,7,perturb_0.15_+1,645.6063422328248,643.6131803970242,-1.9931618358006062
86,host/43/0,host/0,43,8,perturb_0.3_-1,644.4532160637651,643.1612504516603,-1.291965612104832
86,host/43/0,host/0,43,9,perturb_0.3_+1,646.0863085073902,643.3842749355248,-2.7020335718653996
87,host/43/100,host/100,43,0,host_reference,767.7875084920113,765.507155347966,-2.280353144045307
87,host/43/100,host/100,43,1,bca,763.69409250979,765.6849103064648,1.990817796674719
87,host/43/100,host/100,43,2,nearest_recorded,770.6092865611239,767.0573572426359,-3.5519293184879643
87,host/43/100,host/100,43,3,uniform,770.6374392494432,768.0304806815195,-2.606958567923698
87,host/43/100,host/100,43,4,perturb_0.05_-1,766.8384335882786,765.5075090532578,-1.330924535020813
87,host/43/100,host/100,43,5,perturb_0.05_+1,763.7150854646422,765.6410785281203,1.9259930634780176
87,host/43/100,host/100,43,6,perturb_0.15_-1,766.8415195980189,765.5053128298,-1.336206768218858
87,host/43/100,host/100,43,7,perturb_0.15_+1,763.7062851276113,765.6433231574636,1.9370380298522605
87,host/43/100,host/100,43,8,perturb_0.3_-1,767.8390439070437,765.5073030300848,-2.331740876958861
87,host/43/100,host/100,43,9,perturb_0.3_+1,770.7186673396088,765.6169540102073,-5.101713329401491
88,host/44/0,host/0,44,0,host_reference,644.328945641725,641.8297122747506,-2.4992333669744085
88,host/44/0,host/0,44,1,bca,645.3177122871427,641.8287206389991,-3.4889916481436103
88,host/44/0,host/0,44,2,nearest_recorded,646.947645489116,641.4077415438406,-5.539903945275341
88,host/44/0,host/0,44,3,uniform,659.2514765631598,643.2948109808659,-15.956665582293908
88,host/44/0,host/0,44,4,perturb_0.05_-1,647.6696282649311,642.0459662563817,-5.623662008549445
88,host/44/0,host/0,44,5,perturb_0.05_+1,644.0891631468833,641.6504408963848,-2.438722250498472
88,host/44/0,host/0,44,6,perturb_0.15_-1,647.5323559229522,641.213089003985,-6.319266918967173
88,host/44/0,host/0,44,7,perturb_0.15_+1,644.4379385062324,641.6614501434784,-2.7764883627539803
88,host/44/0,host/0,44,8,perturb_0.3_-1,650.332225843819,640.8951554601748,-9.43707038364414
88,host/44/0,host/0,44,9,perturb_0.3_+1,642.5668272311639,642.4058176593279,-0.16100957183596165
89,host/44/100,host/100,44,0,host_reference,779.876193631142,789.3016229231752,9.425429292033186
89,host/44/100,host/100,44,1,bca,779.9688102080914,789.2907841478138,9.321973939722398
89,host/44/100,host/100,44,2,nearest_recorded,780.7108914945019,789.2077547105828,8.496863216080897
89,host/44/100,host/100,44,3,uniform,782.8048327821883,786.7145843757328,3.9097515935444562
89,host/44/100,host/100,44,4,perturb_0.05_-1,779.8252957446788,789.4479411431275,9.622645398448753
89,host/44/100,host/100,44,5,perturb_0.05_+1,780.0141601610713,789.2840890338723,9.26992887280096
89,host/44/100,host/100,44,6,perturb_0.15_-1,779.8795044138604,789.5245930715694,9.645088657708925
89,host/44/100,host/100,44,7,perturb_0.15_+1,780.1963672167936,786.7182710153103,6.521903798516632
89,host/44/100,host/100,44,8,perturb_0.3_-1,779.9954008543077,783.4803898342911,3.4849889799834273
89,host/44/100,host/100,44,9,perturb_0.3_+1,782.9734283384121,786.704780841598,3.731352503185917
90,host/45/0,host/0,45,0,host_reference,644.6085768177245,641.7335982313148,-2.874978586409725
90,host/45/0,host/0,45,1,bca,642.7948519935385,641.7891954100527,-1.005656583485802
90,host/45/0,host/0,45,2,nearest_recorded,641.5161483633733,641.7338451728654,0.21769680949205394
90,host/45/0,host/0,45,3,uniform,663.3676077204269,652.8566650464282,-10.51094267399867
90,host/45/0,host/0,45,4,perturb_0.05_-1,642.7290854028754,641.3922644394733,-1.3368209634021468
90,host/45/0,host/0,45,5,perturb_0.05_+1,644.8928701241354,642.1157778093927,-2.7770923147426174
90,host/45/0,host/0,45,6,perturb_0.15_-1,641.4997797397166,641.7434000710634,0.2436203313468468
90,host/45/0,host/0,45,7,perturb_0.15_+1,646.4983966988143,641.5624245144476,-4.935972184366733
90,host/45/0,host/0,45,8,perturb_0.3_-1,640.9815521603714,642.7451302770544,1.763578116682993
90,host/45/0,host/0,45,9,perturb_0.3_+1,648.0664712733176,640.9745946490015,-7.091876624316114
91,host/45/100,host/100,45,0,host_reference,789.0547066210548,784.2650769665001,-4.7896296545546875
91,host/45/100,host/100,45,1,bca,788.8891601900368,784.2651907816822,-4.623969408354583
91,host/45/100,host/100,45,2,nearest_recorded,788.708947130644,784.22901754059,-4.479929590053985
91,host/45/100,host/100,45,3,uniform,788.5143959626947,786.1677093565949,-2.3466866060998655
91,host/45/100,host/100,45,4,perturb_0.05_-1,788.9001090622938,784.2627263757599,-4.637382686533897
91,host/45/100,host/100,45,5,perturb_0.05_+1,788.8948052408326,784.2616366098864,-4.633168630946216
91,host/45/100,host/100,45,6,perturb_0.15_-1,788.8817411227677,784.289809412373,-4.591931710394761
91,host/45/100,host/100,45,7,perturb_0.15_+1,789.2120217738862,784.3025809151123,-4.909440858773905
91,host/45/100,host/100,45,8,perturb_0.3_-1,788.7634222791306,784.1828004739726,-4.580621805157989
91,host/45/100,host/100,45,9,perturb_0.3_+1,789.2384811827291,784.2278269725679,-5.010654210161192
92,host/46/0,host/0,46,0,host_reference,644.4614278992774,641.7526900885916,-2.7087378106857614
92,host/46/0,host/0,46,1,bca,644.2573314588253,642.001849625482,-2.2554818333433104
92,host/46/0,host/0,46,2,nearest_recorded,645.8180575090893,643.114997796903,-2.7030597121862456
92,host/46/0,host/0,46,3,uniform,662.011775574786,645.2830075752695,-16.72876799951655
92,host/46/0,host/0,46,4,perturb_0.05_-1,645.4839807931126,641.9644235347182,-3.519557258394343
92,host/46/0,host/0,46,5,perturb_0.05_+1,645.3313208283414,641.7014115676377,-3.6299092607036982
92,host/46/0,host/0,46,6,perturb_0.15_-1,645.3150919902887,641.9127088483181,-3.402383141970631
92,host/46/0,host/0,46,7,perturb_0.15_+1,644.2237939116065,642.9249285059648,-1.2988654056417772
92,host/46/0,host/0,46,8,perturb_0.3_-1,645.7812528747195,640.6457272536987,-5.135525621020747
92,host/46/0,host/0,46,9,perturb_0.3_+1,644.2897710597891,642.1501731308912,-2.139597928897956
93,host/46/100,host/100,46,0,host_reference,768.8887098848542,770.4215850971632,1.5328752123090226
93,host/46/100,host/100,46,1,bca,768.7688033641574,770.2760761787157,1.5072728145582914
93,host/46/100,host/100,46,2,nearest_recorded,768.6805392875801,766.5851258222402,-2.0954134653399024
93,host/46/100,host/100,46,3,uniform,768.6616286001993,766.5649135216493,-2.0967150785500053
93,host/46/100,host/100,46,4,perturb_0.05_-1,773.433553883977,770.9714118626895,-2.462142021287491
93,host/46/100,host/100,46,5,perturb_0.05_+1,768.7591134155101,770.2419336255696,1.482820210059458
93,host/46/100,host/100,46,6,perturb_0.15_-1,773.6320260393703,772.087244276503,-1.5447817628672738
93,host/46/100,host/100,46,7,perturb_0.15_+1,768.672816662978,766.5740561823352,-2.0987604806427953
93,host/46/100,host/100,46,8,perturb_0.3_-1,773.8540487090418,772.5682820601781,-1.2857666488636141
93,host/46/100,host/100,46,9,perturb_0.3_+1,768.5883276109288,766.890587624631,-1.6977399862977336
94,host/47/0,host/0,47,0,host_reference,647.5182468752458,642.0992265278363,-5.419020347409514
94,host/47/0,host/0,47,1,bca,647.4976042307277,641.7626889396211,-5.734915291106631
94,host/47/0,host/0,47,2,nearest_recorded,647.9662964255921,641.4866318308509,-6.479664594741166
94,host/47/0,host/0,47,3,uniform,647.2505165161296,641.5833507606628,-5.667165755466726
94,host/47/0,host/0,47,4,perturb_0.05_-1,646.8400089426591,641.7969498993899,-5.0430590432691815
94,host/47/0,host/0,47,5,perturb_0.05_+1,647.9894483762941,642.9469789738439,-5.042469402450251
94,host/47/0,host/0,47,6,perturb_0.15_-1,647.4496293846523,642.0139957383697,-5.4356336462826675
94,host/47/0,host/0,47,7,perturb_0.15_+1,647.04473771193,643.0864160205705,-3.958321691359515
94,host/47/0,host/0,47,8,perturb_0.3_-1,647.1407499411129,641.9456523419957,-5.195097599117162
94,host/47/0,host/0,47,9,perturb_0.3_+1,647.6699352643816,642.9722722984634,-4.697662965918198
95,host/47/100,host/100,47,0,host_reference,772.1855169003243,765.9709041694921,-6.214612730832187
95,host/47/100,host/100,47,1,bca,769.3974504979772,765.9700640441637,-3.427386453813483
95,host/47/100,host/100,47,2,nearest_recorded,768.8721359247606,766.0798257791546,-2.792310145606052
95,host/47/100,host/100,47,3,uniform,771.9591258320864,765.968510206915,-5.990615625171472
95,host/47/100,host/100,47,4,perturb_0.05_-1,772.1104794820825,765.9503266341057,-6.160152847976747
95,host/47/100,host/100,47,5,perturb_0.05_+1,772.196447627894,765.9718396894923,-6.224607938401732
95,host/47/100,host/100,47,6,perturb_0.15_-1,772.2295691516251,765.9378909741909,-6.291678177434278
95,host/47/100,host/100,47,7,perturb_0.15_+1,769.5514362975974,765.9777131918747,-3.5737231057227064
95,host/47/100,host/100,47,8,perturb_0.3_-1,772.3583952714939,765.9401137123107,-6.418281559183242
95,host/47/100,host/100,47,9,perturb_0.3_+1,769.451953703446,766.020518585588,-3.4314351178579727
96,host/48/0,host/0,48,0,host_reference,649.4637805449368,643.1147312069608,-6.349049337975998
96,host/48/0,host/0,48,1,bca,647.8602024094173,641.9730205374707,-5.887181871946609
96,host/48/0,host/0,48,2,nearest_recorded,647.9281465039401,641.7634041723038,-6.164742331636262
96,host/48/0,host/0,48,3,uniform,664.1040765347146,662.0994422358199,-2.004634298894757
96,host/48/0,host/0,48,4,perturb_0.05_-1,649.9138188821461,640.5440725645403,-9.369746317605745
96,host/48/0,host/0,48,5,perturb_0.05_+1,647.020126404829,643.3160045618638,-3.7041218429652645
96,host/48/0,host/0,48,6,perturb_0.15_-1,649.8837467471341,642.2063155627799,-7.677431184354191
96,host/48/0,host/0,48,7,perturb_0.15_+1,647.6942368582914,641.3993113503103,-6.294925507981134
96,host/48/0,host/0,48,8,perturb_0.3_-1,648.1244816988856,641.9025647400729,-6.221916958812699
96,host/48/0,host/0,48,9,perturb_0.3_+1,647.3118219908991,641.3301796320965,-5.981642358802674
97,host/48/100,host/100,48,0,host_reference,772.3429067274545,765.9487101501013,-6.394196577353227
97,host/48/100,host/100,48,1,bca,776.0326706885918,765.9098856570823,-10.122785031509466
97,host/48/100,host/100,48,2,nearest_recorded,772.6802707417236,766.3635417401857,-6.316729001537851
97,host/48/100,host/100,48,3,uniform,776.2374047633349,766.8136992504593,-9.423705512875586
97,host/48/100,host/100,48,4,perturb_0.05_-1,772.3513744353822,765.9881524987044,-6.36322193667786
97,host/48/100,host/100,48,5,perturb_0.05_+1,772.3312535629528,765.911632311057,-6.419621251895819
97,host/48/100,host/100,48,6,perturb_0.15_-1,776.018533133713,766.028915034683,-9.989618099030054
97,host/48/100,host/100,48,7,perturb_0.15_+1,772.3006929140158,765.8499987588327,-6.4506941551831005
97,host/48/100,host/100,48,8,perturb_0.3_-1,776.0170993469098,766.1520338273233,-9.865065519586551
97,host/48/100,host/100,48,9,perturb_0.3_+1,772.3982248196058,765.7443438830616,-6.653880936544283
98,host/49/0,host/0,49,0,host_reference,647.1773504657134,641.6363211479247,-5.541029317788684
98,host/49/0,host/0,49,1,bca,647.1700868686889,641.5885840285299,-5.5815028401590325
98,host/49/0,host/0,49,2,nearest_recorded,647.4705936699869,640.8378691943584,-6.632724475628493
98,host/49/0,host/0,49,3,uniform,666.0865505489867,646.4859750989477,-19.600575450038946
98,host/49/0,host/0,49,4,perturb_0.05_-1,647.5811202839914,641.077112534663,-6.504007749328366
98,host/49/0,host/0,49,5,perturb_0.05_+1,647.4956369565151,641.4765189691308,-6.019117987384334
98,host/49/0,host/0,49,6,perturb_0.15_-1,647.8627694104082,640.9758608437454,-6.8869085666627825
98,host/49/0,host/0,49,7,perturb_0.15_+1,648.1538119543779,641.3108006114638,-6.84301134291411
98,host/49/0,host/0,49,8,perturb_0.3_-1,652.1150463124001,642.7450459010132,-9.370000411386854
98,host/49/0,host/0,49,9,perturb_0.3_+1,647.5139241756398,641.2307568039014,-6.2831673717383865
99,host/49/100,host/100,49,0,host_reference,770.5268122394299,766.4443126250695,-4.0824996143603585
99,host/49/100,host/100,49,1,bca,770.5466883465574,766.456852921954,-4.089835424603393
99,host/49/100,host/100,49,2,nearest_recorded,773.18759598692,766.5756606386394,-6.611935348280554
99,host/49/100,host/100,49,3,uniform,776.871496307091,769.9619515256979,-6.909544781393038
99,host/49/100,host/100,49,4,perturb_0.05_-1,770.1626156566853,766.4488421932449,-3.7137734634403614
99,host/49/100,host/100,49,5,perturb_0.05_+1,770.3048022558784,766.4185165686343,-3.886285687244026
99,host/49/100,host/100,49,6,perturb_0.15_-1,773.4221757014664,766.5102438275533,-6.91193187391309
99,host/49/100,host/100,49,7,perturb_0.15_+1,770.8354191130157,766.4895288631835,-4.345890249832223
99,host/49/100,host/100,49,8,perturb_0.3_-1,773.2776135971527,766.8775314766426,-6.400082120510092
99,host/49/100,host/100,49,9,perturb_0.3_+1,774.8953773361795,764.1980530375745,-10.697324298605054
100,host/50/0,host/0,50,0,host_reference,646.3210090437839,641.3836593461174,-4.937349697666491
100,host/50/0,host/0,50,1,bca,644.9697454269054,641.4256765853462,-3.5440688415592376
100,host/50/0,host/0,50,2,nearest_recorded,657.5510672720546,648.0183161893727,-9.532751082681898
100,host/50/0,host/0,50,3,uniform,650.3047463520514,642.0109588246731,-8.2937875273783
100,host/50/0,host/0,50,4,perturb_0.05_-1,645.7034424711875,641.6145169866736,-4.088925484513879
100,host/50/0,host/0,50,5,perturb_0.05_+1,646.1046856860701,641.3920480849958,-4.712637601074221
100,host/50/0,host/0,50,6,perturb_0.15_-1,643.555935511573,641.2690913820791,-2.286844129493943
100,host/50/0,host/0,50,7,perturb_0.15_+1,645.9778077690561,641.3572659788101,-4.620541790245966
100,host/50/0,host/0,50,8,perturb_0.3_-1,643.533127671174,641.0764395164423,-2.4566881547317507
100,host/50/0,host/0,50,9,perturb_0.3_+1,644.5688889173693,640.9892424271258,-3.57964649024359
101,host/50/100,host/100,50,0,host_reference,784.8416495916247,789.3313800920055,4.4897305003808015
101,host/50/100,host/100,50,1,bca,788.7906673995864,789.259797572905,0.46913017331860374
101,host/50/100,host/100,50,2,nearest_recorded,784.6745225152008,789.286146870578,4.6116243553772165
101,host/50/100,host/100,50,3,uniform,788.7016777693802,789.2208990767421,0.5192213073618177
101,host/50/100,host/100,50,4,perturb_0.05_-1,789.1864019791757,789.2494300378479,0.0630280586722165
101,host/50/100,host/100,50,5,perturb_0.05_+1,788.4720980145963,789.2026943410433,0.730596326446971
101,host/50/100,host/100,50,6,perturb_0.15_-1,789.934972513218,779.8898105673275,-10.045161945890527
101,host/50/100,host/100,50,7,perturb_0.15_+1,788.7131554242989,789.3059162767316,0.5927608524327752
101,host/50/100,host/100,50,8,perturb_0.3_-1,789.1954367336015,784.3615708047626,-4.833865928838918
101,host/50/100,host/100,50,9,perturb_0.3_+1,789.2676451331305,789.2368927414084,-0.03075239172210331
102,host/51/0,host/0,51,0,host_reference,644.0655034770605,642.3226291517609,-1.7428743252995673
102,host/51/0,host/0,51,1,bca,643.6833860675185,642.3877282156137,-1.2956578519048207
102,host/51/0,host/0,51,2,nearest_recorded,644.0386954243547,642.5222631288498,-1.5164322955049556
102,host/51/0,host/0,51,3,uniform,610.8668670427901,705.3829117750802,94.51604473229008
102,host/51/0,host/0,51,4,perturb_0.05_-1,646.1434877181039,642.5809482651488,-3.562539452955093
102,host/51/0,host/0,51,5,perturb_0.05_+1,643.454260654053,642.2908165740093,-1.1634440800436323
102,host/51/0,host/0,51,6,perturb_0.15_-1,643.395524332585,641.3948144614677,-2.0007098711172375
102,host/51/0,host/0,51,7,perturb_0.15_+1,643.6659509925566,642.393432000277,-1.272518992279629
102,host/51/0,host/0,51,8,perturb_0.3_-1,650.890194537588,642.907386848939,-7.982807688648904
102,host/51/0,host/0,51,9,perturb_0.3_+1,645.7301300954555,642.0637546532907,-3.6663754421647354
103,host/51/100,host/100,51,0,host_reference,766.0415093616383,768.2016367590948,2.160127397456449
103,host/51/100,host/100,51,1,bca,766.0206346859669,768.1797901980415,2.1591555120745625
103,host/51/100,host/100,51,2,nearest_recorded,766.3143244095945,768.1220066562623,1.8076822466678095
103,host/51/100,host/100,51,3,uniform,777.6154928205913,764.551741966093,-13.063750854498267
103,host/51/100,host/100,51,4,perturb_0.05_-1,766.0442792295887,768.2042652452436,2.1599860156549084
103,host/51/100,host/100,51,5,perturb_0.05_+1,766.039459829187,768.2743686791326,2.2349088499456684
103,host/51/100,host/100,51,6,perturb_0.15_-1,766.0779265391312,768.2071266479285,2.1292001087972494
103,host/51/100,host/100,51,7,perturb_0.15_+1,766.0487173654972,768.271218675483,2.222501309985887
103,host/51/100,host/100,51,8,perturb_0.3_-1,766.0989114425372,768.2157246102565,2.1168131677193287
103,host/51/100,host/100,51,9,perturb_0.3_+1,766.04672507215,768.2691567787414,2.222431706591351
104,host/52/0,host/0,52,0,host_reference,649.2758948943796,642.0272152942764,-7.2486796001031735
104,host/52/0,host/0,52,1,bca,647.2295048441622,641.101761330434,-6.1277435137282055
104,host/52/0,host/0,52,2,nearest_recorded,652.4927885546931,642.149349434103,-10.34343912059012
104,host/52/0,host/0,52,3,uniform,663.3308358127427,643.8510888016449,-19.479747011097857
104,host/52/0,host/0,52,4,perturb_0.05_-1,652.7055510293728,642.780651039429,-9.92489998994381
104,host/52/0,host/0,52,5,perturb_0.05_+1,647.2777616073945,641.3657169499597,-5.9120446574347625
104,host/52/0,host/0,52,6,perturb_0.15_-1,658.192676736452,643.5720722159783,-14.620604520473648
104,host/52/0,host/0,52,7,perturb_0.15_+1,646.479378634205,644.1090801599031,-2.370298474301876
104,host/52/0,host/0,52,8,perturb_0.3_-1,665.2873396680619,651.3777250332292,-13.909614634832678
104,host/52/0,host/0,52,9,perturb_0.3_+1,645.5573377380938,642.1970604632743,-3.3602772748195093
105,host/52/100,host/100,52,0,host_reference,778.2464102065572,769.6609098052919,-8.585500401265335
105,host/52/100,host/100,52,1,bca,778.2254841943601,769.6379077868569,-8.587576407503207
105,host/52/100,host/100,52,2,nearest_recorded,778.4496240082802,770.583848302426,-7.865775705854276
105,host/52/100,host/100,52,3,uniform,777.960769515209,770.0856480305799,-7.875121484629062
105,host/52/100,host/100,52,4,perturb_0.05_-1,778.274251185434,769.7649488629044,-8.509302322529606
105,host/52/100,host/100,52,5,perturb_0.05_+1,778.1851579041315,770.5577502268752,-7.627407677256315
105,host/52/100,host/100,52,6,perturb_0.15_-1,778.3471852079343,770.3148969717437,-8.032288236190652
105,host/52/100,host/100,52,7,perturb_0.15_+1,778.0536689919362,775.4594665991003,-2.594202392835882
105,host/52/100,host/100,52,8,perturb_0.3_-1,778.4648867235192,771.0364076563973,-7.428479067121884
105,host/52/100,host/100,52,9,perturb_0.3_+1,777.8624386509325,769.8389900423617,-8.023448608570789
106,host/53/0,host/0,53,0,host_reference,643.3220597231596,642.6706473619485,-0.6514123612111007
106,host/53/0,host/0,53,1,bca,641.9099390534368,642.6293293658409,0.7193903124041299
106,host/53/0,host/0,53,2,nearest_recorded,643.3700747852636,642.1536035035401,-1.216471281723443
106,host/53/0,host/0,53,3,uniform,643.463744613583,642.4800307323644,-0.9837138812185913
106,host/53/0,host/0,53,4,perturb_0.05_-1,643.521035257612,642.6217201975526,-0.8993150600593935
106,host/53/0,host/0,53,5,perturb_0.05_+1,643.4169471201341,641.7251751062596,-1.6917720138744698
106,host/53/0,host/0,53,6,perturb_0.15_-1,643.4895361094474,641.5314268889542,-1.9581092204931565
106,host/53/0,host/0,53,7,perturb_0.15_+1,642.704872685372,642.0844463036011,-0.6204263817709261
106,host/53/0,host/0,53,8,perturb_0.3_-1,644.6878983126815,642.352145209196,-2.3357531034854446
106,host/53/0,host/0,53,9,perturb_0.3_+1,643.992772498052,641.8632990132763,-2.1294734847756445
107,host/53/100,host/100,53,0,host_reference,766.8780129085893,766.6582504136964,-0.2197624948929615
107,host/53/100,host/100,53,1,bca,766.8641816272294,766.4253554186804,-0.4388262085490169
107,host/53/100,host/100,53,2,nearest_recorded,766.8008913540541,766.4995982474262,-0.3012931066278952
107,host/53/100,host/100,53,3,uniform,774.6170223147907,767.0618706740671,-7.5551516407235795
107,host/53/100,host/100,53,4,perturb_0.05_-1,768.9375680924234,766.4664758910704,-2.471092201352917
107,host/53/100,host/100,53,5,perturb_0.05_+1,766.8512637791134,766.4016608951563,-0.4496028839571409
107,host/53/100,host/100,53,6,perturb_0.15_-1,769.0152463827092,766.6488911874341,-2.366355195275105
107,host/53/100,host/100,53,7,perturb_0.15_+1,766.7807204551639,766.4533103554056,-0.32741009975825364
107,host/53/100,host/100,53,8,perturb_0.3_-1,765.6302449236257,766.4332608253442,0.8030159017184815
107,host/53/100,host/100,53,9,perturb_0.3_+1,766.7157310190665,766.2101949087663,-0.5055361103002269
108,host/54/0,host/0,54,0,host_reference,644.4971081845972,642.2790608736062,-2.2180473109909826
108,host/54/0,host/0,54,1,bca,644.013408632949,642.1950150100479,-1.8183936229011124
108,host/54/0,host/0,54,2,nearest_recorded,652.0963116369927,642.4054273786992,-9.690884258293522
108,host/54/0,host/0,54,3,uniform,650.7681591715768,641.2277673343856,-9.540391837191237
108,host/54/0,host/0,54,4,perturb_0.05_-1,644.3869896460001,642.2336182726592,-2.1533713733408604
108,host/54/0,host/0,54,5,perturb_0.05_+1,646.2073105987041,641.8904052920392,-4.316905306664921
108,host/54/0,host/0,54,6,perturb_0.15_-1,643.5425600681908,642.4256436161573,-1.116916452033479
108,host/54/0,host/0,54,7,perturb_0.15_+1,645.8581365765876,642.2078930018899,-3.650243574697697
108,host/54/0,host/0,54,8,perturb_0.3_-1,645.5058250038987,642.3868675025783,-3.1189575013204376
108,host/54/0,host/0,54,9,perturb_0.3_+1,649.8502576415231,641.4266770693375,-8.423580572185529
109,host/54/100,host/100,54,0,host_reference,772.8662759397965,788.7492290702431,15.882953130446595
109,host/54/100,host/100,54,1,bca,772.9183878779378,788.617061114893,15.698673236955187
109,host/54/100,host/100,54,2,nearest_recorded,774.2634634424833,784.0513033135774,9.787839871094093
109,host/54/100,host/100,54,3,uniform,771.2244980038272,775.8108299246014,4.586331920774228
109,host/54/100,host/100,54,4,perturb_0.05_-1,773.8444976953376,788.6146378871912,14.770140191853557
109,host/54/100,host/100,54,5,perturb_0.05_+1,772.7506835523113,788.3399605641396,15.589277011828244
109,host/54/100,host/100,54,6,perturb_0.15_-1,774.6685539531284,785.6746658512329,11.006111898104564
109,host/54/100,host/100,54,7,perturb_0.15_+1,772.6387331621374,788.00753048569,15.368797323552599
109,host/54/100,host/100,54,8,perturb_0.3_-1,775.4581752346384,786.6567489761072,11.198573741468863
109,host/54/100,host/100,54,9,perturb_0.3_+1,777.3260830971393,787.5813034720521,10.255220374912824
110,host/55/0,host/0,55,0,host_reference,644.8476388935992,642.2040720508738,-2.643566842725363
110,host/55/0,host/0,55,1,bca,644.8567168474821,642.2604581371824,-2.5962587102997077
110,host/55/0,host/0,55,2,nearest_recorded,649.7578588455232,642.4109017032883,-7.346957142234828
110,host/55/0,host/0,55,3,uniform,649.5143373752925,641.9673572359644,-7.54698013932807
110,host/55/0,host/0,55,4,perturb_0.05_-1,644.634595384902,642.249882897193,-2.3847124877090664
110,host/55/0,host/0,55,5,perturb_0.05_+1,644.0501801264521,642.1526458195204,-1.897534306931675
110,host/55/0,host/0,55,6,perturb_0.15_-1,645.4905671787863,642.6007439277205,-2.8898232510657635
110,host/55/0,host/0,55,7,perturb_0.15_+1,646.5469530189209,642.7146797672899,-3.8322732516310225
110,host/55/0,host/0,55,8,perturb_0.3_-1,647.0643460443811,642.8671559565821,-4.197190087798958
110,host/55/0,host/0,55,9,perturb_0.3_+1,656.5979307070968,645.3336250678685,-11.264305639228269
111,host/55/100,host/100,55,0,host_reference,773.6213652028147,789.2712996378405,15.649934435025784
111,host/55/100,host/100,55,1,bca,773.9546984845476,789.1571715149581,15.202473030410488
111,host/55/100,host/100,55,2,nearest_recorded,776.403586232122,784.7813023420103,8.377716109888297
111,host/55/100,host/100,55,3,uniform,776.5609637512247,787.4419146272808,10.88095087605609
111,host/55/100,host/100,55,4,perturb_0.05_-1,773.9722459149498,789.188974296708,15.21672838175823
111,host/55/100,host/100,55,5,perturb_0.05_+1,773.5688692672521,788.9670945422624,15.398225275010304
111,host/55/100,host/100,55,6,perturb_0.15_-1,774.1987098109857,789.5374717533231,15.338761942337328
111,host/55/100,host/100,55,7,perturb_0.15_+1,773.3711440566817,788.9652526991426,15.594108642460924
111,host/55/100,host/100,55,8,perturb_0.3_-1,776.5505915245824,786.8927849751435,10.342193450561126
111,host/55/100,host/100,55,9,perturb_0.3_+1,773.2650387616417,789.1147893673162,15.849750605674558
112,host/56/0,host/0,56,0,host_reference,645.5461186440161,643.5447775651559,-2.001341078860264
112,host/56/0,host/0,56,1,bca,643.666322776541,643.1612287362576,-0.5050940402834385
112,host/56/0,host/0,56,2,nearest_recorded,643.0743620693592,643.1905604526402,0.1161983832810165
112,host/56/0,host/0,56,3,uniform,666.3506397589407,650.998398700532,-15.352241058408708
112,host/56/0,host/0,56,4,perturb_0.05_-1,646.5060648820595,641.5998414611447,-4.906223420914785
112,host/56/0,host/0,56,5,perturb_0.05_+1,642.0302321015275,642.5500545260525,0.5198224245249321
112,host/56/0,host/0,56,6,perturb_0.15_-1,653.1517644746712,644.3743396398824,-8.777424834788803
112,host/56/0,host/0,56,7,perturb_0.15_+1,643.4048492029411,642.8763474777093,-0.5285017252318767
112,host/56/0,host/0,56,8,perturb_0.3_-1,659.6325349507409,658.976443896523,-0.6560910542178817
112,host/56/0,host/0,56,9,perturb_0.3_+1,643.9233530630382,642.7696876626061,-1.1536654004321463
113,host/56/100,host/100,56,0,host_reference,780.2177391861592,786.6374622614325,6.419723075273282
113,host/56/100,host/100,56,1,bca,780.3367265143527,786.554630986735,6.217904472382315
113,host/56/100,host/100,56,2,nearest_recorded,780.5231082810689,787.3868037860709,6.863695505002056
113,host/56/100,host/100,56,3,uniform,781.7198819651139,784.4714923954199,2.751610430305959
113,host/56/100,host/100,56,4,perturb_0.05_-1,780.2485938584917,786.605362100005,6.356768241513237
113,host/56/100,host/100,56,5,perturb_0.05_+1,780.1807428524296,786.6512083084035,6.470465455973908
113,host/56/100,host/100,56,6,perturb_0.15_-1,780.3031892381913,786.5387291815454,6.23553994335407
113,host/56/100,host/100,56,7,perturb_0.15_+1,780.4994327245507,786.6663960848547,6.166963360303953
113,host/56/100,host/100,56,8,perturb_0.3_-1,780.3124112875074,786.4475896712047,6.13517838369728
113,host/56/100,host/100,56,9,perturb_0.3_+1,780.4592520162372,787.010125918241,6.5508739020037865
114,host/57/0,host/0,57,0,host_reference,643.9551224303677,643.2871278983002,-0.667994532067496
114,host/57/0,host/0,57,1,bca,644.3119534359797,643.2572120806351,-1.0547413553446177
114,host/57/0,host/0,57,2,nearest_recorded,645.8045329996197,642.0724559043683,-3.732077095251384
114,host/57/0,host/0,57,3,uniform,657.7190992436608,614.8486587403931,-42.87044050326767
114,host/57/0,host/0,57,4,perturb_0.05_-1,643.7200409773723,642.5463125851304,-1.1737283922418555
114,host/57/0,host/0,57,5,perturb_0.05_+1,644.0101198298036,643.2826280237651,-0.7274918060384152
114,host/57/0,host/0,57,6,perturb_0.15_-1,642.5768422851149,642.5296000577109,-0.04724222740401274
114,host/57/0,host/0,57,7,perturb_0.15_+1,645.7770092401769,643.2670182800125,-2.509990960164373
114,host/57/0,host/0,57,8,perturb_0.3_-1,643.0123854080973,642.5974259125846,-0.41495949551267586
114,host/57/0,host/0,57,9,perturb_0.3_+1,645.8932500307607,643.3676290666135,-2.5256209641471514
115,host/57/100,host/100,57,0,host_reference,767.706505743647,765.8982178363493,-1.8082879072976539
115,host/57/100,host/100,57,1,bca,767.6830846372292,765.8630491387183,-1.8200354985108333
115,host/57/100,host/100,57,2,nearest_recorded,767.4347541580476,764.6684070170767,-2.766347140970879
115,host/57/100,host/100,57,3,uniform,768.1967721790736,766.8237548778039,-1.3730173012696696
115,host/57/100,host/100,57,4,perturb_0.05_-1,767.6783688931879,765.8519365403348,-1.8264323528530895
115,host/57/100,host/100,57,5,perturb_0.05_+1,767.7735854504979,765.948612021847,-1.8249734286508783
115,host/57/100,host/100,57,6,perturb_0.15_-1,767.5588475925313,765.7211088191264,-1.837738773404908
115,host/57/100,host/100,57,7,perturb_0.15_+1,767.7949931757582,765.5609332943297,-2.234059881428493
115,host/57/100,host/100,57,8,perturb_0.3_-1,767.457551812891,764.6236053957623,-2.8339464171286863
115,host/57/100,host/100,57,9,perturb_0.3_+1,767.8407137658353,765.4845528052056,-2.3561609606297225
116,host/58/0,host/0,58,0,host_reference,644.2925446495252,643.5601493811469,-0.7323952683783546
116,host/58/0,host/0,58,1,bca,643.0871150831271,643.4702529192651,0.3831378361380757
116,host/58/0,host/0,58,2,nearest_recorded,647.3442347606149,643.3176777981254,-4.026556962489508
116,host/58/0,host/0,58,3,uniform,659.2433344379831,638.7262542328573,-20.517080205125808
116,host/58/0,host/0,58,4,perturb_0.05_-1,643.37400769106,643.4056638351897,0.03165614412966988
116,host/58/0,host/0,58,5,perturb_0.05_+1,643.6342051913444,644.1438363280307,0.5096311366862665
116,host/58/0,host/0,58,6,perturb_0.15_-1,643.2425003372084,643.7220682238521,0.4795678866437356
116,host/58/0,host/0,58,7,perturb_0.15_+1,644.9360968575497,643.1441034838939,-1.7919933736558278
116,host/58/0,host/0,58,8,perturb_0.3_-1,644.0686933652285,644.1668060148102,0.09811264958170796
116,host/58/0,host/0,58,9,perturb_0.3_+1,646.0398127362628,641.9382138407186,-4.101598895544157
117,host/58/100,host/100,58,0,host_reference,777.8778149258231,787.5014312944008,9.6236163685777
117,host/58/100,host/100,58,1,bca,777.9356274617983,787.6742591692037,9.738631707405375
117,host/58/100,host/100,58,2,nearest_recorded,782.0603372715196,787.2353958559501,5.175058584430417
117,host/58/100,host/100,58,3,uniform,785.1306680255803,786.9360780725249,1.8054100469445302
117,host/58/100,host/100,58,4,perturb_0.05_-1,777.9225774353818,787.7043902523466,9.781812816964816
117,host/58/100,host/100,58,5,perturb_0.05_+1,778.113760124092,787.5733603935229,9.459600269430894
117,host/58/100,host/100,58,6,perturb_0.15_-1,777.9714478873889,787.6489313986857,9.677483511296828
117,host/58/100,host/100,58,7,perturb_0.15_+1,777.9577980010135,787.2759033089976,9.31810530798407
117,host/58/100,host/100,58,8,perturb_0.3_-1,778.142778582697,787.5332560229092,9.39047744021218
117,host/58/100,host/100,58,9,perturb_0.3_+1,777.9576251016567,787.4391996985989,9.48157459694221
118,host/59/0,host/0,59,0,host_reference,644.6422456784097,642.6212247690084,-2.0210209094012725
118,host/59/0,host/0,59,1,bca,644.4918268751926,642.2771370852703,-2.2146897899223177
118,host/59/0,host/0,59,2,nearest_recorded,645.2610654391067,641.9373919515839,-3.3236734875227967
118,host/59/0,host/0,59,3,uniform,642.8672867698566,642.2673243681676,-0.5999624016890266
118,host/59/0,host/0,59,4,perturb_0.05_-1,644.3306811363937,642.0822502383833,-2.2484308980103833
118,host/59/0,host/0,59,5,perturb_0.05_+1,644.9903862529306,641.8757255605934,-3.1146606923372246
118,host/59/0,host/0,59,6,perturb_0.15_-1,643.0864223557747,641.8752811967005,-1.2111411590742591
118,host/59/0,host/0,59,7,perturb_0.15_+1,648.8900098959551,642.0277505253346,-6.8622593706205635
118,host/59/0,host/0,59,8,perturb_0.3_-1,641.9471354989068,642.2389264718399,0.29179097293308587
118,host/59/0,host/0,59,9,perturb_0.3_+1,656.6632378422311,642.6945660683328,-13.968671773898222
119,host/59/100,host/100,59,0,host_reference,779.932202014103,787.9051597850814,7.9729577709783825
119,host/59/100,host/100,59,1,bca,780.0393997150919,787.9821113936324,7.9427116785404905
119,host/59/100,host/100,59,2,nearest_recorded,780.8970254971491,789.2546078037856,8.35758230663646
119,host/59/100,host/100,59,3,uniform,783.1101235257175,786.7778804730984,3.6677569473808944
119,host/59/100,host/100,59,4,perturb_0.05_-1,780.046894797795,787.8926531713485,7.845758373553508
119,host/59/100,host/100,59,5,perturb_0.05_+1,780.0270273472678,787.7477594005543,7.720732053286497
119,host/59/100,host/100,59,6,perturb_0.15_-1,780.5225783933022,787.6286180755008,7.1060396821985705
119,host/59/100,host/100,59,7,perturb_0.15_+1,779.9573464255909,783.3749059045571,3.4175594789661545
119,host/59/100,host/100,59,8,perturb_0.3_-1,788.7199994225888,786.7617996641759,-1.9581997584128885
119,host/59/100,host/100,59,9,perturb_0.3_+1,780.0377327178691,783.7029198335529,3.665187115683807
120,host/60/0,host/0,60,0,host_reference,647.2996463524888,642.9296836757934,-4.3699626766954225
120,host/60/0,host/0,60,1,bca,646.6660394945529,641.1499701859752,-5.516069308577698
120,host/60/0,host/0,60,2,nearest_recorded,665.3539913702418,648.323596518457,-17.030394851784877
120,host/60/0,host/0,60,3,uniform,668.0816645831991,652.4163966657651,-15.665267917433994
120,host/60/0,host/0,60,4,perturb_0.05_-1,649.3619701676118,643.1433528230386,-6.218617344573204
120,host/60/0,host/0,60,5,perturb_0.05_+1,646.6645707717481,641.0855614312527,-5.579009340495418
120,host/60/0,host/0,60,6,perturb_0.15_-1,656.5327560028037,644.2676267477435,-12.265129255060174
120,host/60/0,host/0,60,7,perturb_0.15_+1,645.8570347255613,641.0623633480969,-4.794671377464397
120,host/60/0,host/0,60,8,perturb_0.3_-1,662.4418839238429,652.9242574703925,-9.517626453450362
120,host/60/0,host/0,60,9,perturb_0.3_+1,646.1937663009702,641.344451109438,-4.849315191532241
121,host/60/100,host/100,60,0,host_reference,776.9002327816958,770.0512566120043,-6.848976169691468
121,host/60/100,host/100,60,1,bca,770.3724458518475,767.9021123748076,-2.470333477039844
121,host/60/100,host/100,60,2,nearest_recorded,771.312509024044,767.9802313972908,-3.3322776267531253
121,host/60/100,host/100,60,3,uniform,775.0573299004769,770.0794030918864,-4.977926808590496
121,host/60/100,host/100,60,4,perturb_0.05_-1,774.2383166998285,767.9509206651288,-6.287396034699668
121,host/60/100,host/100,60,5,perturb_0.05_+1,772.3679918796197,770.7799711901862,-1.588020689433506
121,host/60/100,host/100,60,6,perturb_0.15_-1,773.963860344011,767.8835265395901,-6.0803338044208886
121,host/60/100,host/100,60,7,perturb_0.15_+1,777.4666251686253,770.9110380983527,-6.555587070272622
121,host/60/100,host/100,60,8,perturb_0.3_-1,773.7442110798274,765.8098774851348,-7.934333594692589
121,host/60/100,host/100,60,9,perturb_0.3_+1,777.322481627587,769.3935660108755,-7.9289156167114925
122,host/61/0,host/0,61,0,host_reference,647.2448836030668,641.0875103642478,-6.157373238818991
122,host/61/0,host/0,61,1,bca,647.1806373851462,641.6983163013241,-5.4823210838220575
122,host/61/0,host/0,61,2,nearest_recorded,647.2217209001301,641.7042380334644,-5.5174828666656595
122,host/61/0,host/0,61,3,uniform,646.377316414029,641.2624799769915,-5.114836437037525
122,host/61/0,host/0,61,4,perturb_0.05_-1,646.8788793628124,641.8942838358172,-4.984595526995236
122,host/61/0,host/0,61,5,perturb_0.05_+1,647.146098125803,640.4654348444303,-6.680663281372631
122,host/61/0,host/0,61,6,perturb_0.15_-1,646.8657385688825,641.7157279697475,-5.150010599135044
122,host/61/0,host/0,61,7,perturb_0.15_+1,646.5075095289587,640.5472930556397,-5.960216473319065
122,host/61/0,host/0,61,8,perturb_0.3_-1,646.1355829172909,641.3376188171006,-4.797964100190256
122,host/61/0,host/0,61,9,perturb_0.3_+1,647.9041643617609,640.6158456596811,-7.288318702079778
123,host/61/100,host/100,61,0,host_reference,773.2110035553783,767.274584602963,-5.936418952415238
123,host/61/100,host/100,61,1,bca,773.4537034535555,767.2816270728928,-6.172076380662702
123,host/61/100,host/100,61,2,nearest_recorded,772.0319078389492,767.2862356645325,-4.745672174416768
123,host/61/100,host/100,61,3,uniform,774.0730738690328,766.4759700381697,-7.597103830863034
123,host/61/100,host/100,61,4,perturb_0.05_-1,773.2105503383648,767.2408032576762,-5.969747080688535
123,host/61/100,host/100,61,5,perturb_0.05_+1,773.4255450329232,767.2981885506834,-6.1273564822397475
123,host/61/100,host/100,61,6,perturb_0.15_-1,773.6852771774263,767.2915740403645,-6.393703137061834
123,host/61/100,host/100,61,7,perturb_0.15_+1,773.4643622298138,767.347158103386,-6.117204126427737
123,host/61/100,host/100,61,8,perturb_0.3_-1,773.6904312297881,767.2280601386591,-6.462371091129057
123,host/61/100,host/100,61,9,perturb_0.3_+1,772.5582057511058,767.4393475647282,-5.118858186377565
124,host/62/0,host/0,62,0,host_reference,642.1514860386982,641.8287785321048,-0.32270750659336045
124,host/62/0,host/0,62,1,bca,642.2350842807427,641.8978318077608,-0.3372524729819588
124,host/62/0,host/0,62,2,nearest_recorded,642.9439705117437,641.6232581664042,-1.3207123453395297
124,host/62/0,host/0,62,3,uniform,647.6992461344307,640.8958343218812,-6.803411812549484
124,host/62/0,host/0,62,4,perturb_0.05_-1,642.5892079330206,641.9001442961845,-0.6890636368360674
124,host/62/0,host/0,62,5,perturb_0.05_+1,643.12626197322,641.7256600344614,-1.4006019387586548
124,host/62/0,host/0,62,6,perturb_0.15_-1,644.6797443089241,642.2105168626418,-2.469227446282275
124,host/62/0,host/0,62,7,perturb_0.15_+1,643.5486738451689,643.8143345757444,0.26566073057551876
124,host/62/0,host/0,62,8,perturb_0.3_-1,646.8653148069588,641.7516560038213,-5.113658803137582
124,host/62/0,host/0,62,9,perturb_0.3_+1,643.6533759945322,642.5081798092829,-1.1451961852493469
125,host/62/100,host/100,62,0,host_reference,764.1901859975924,767.679675919654,3.48948992206158
125,host/62/100,host/100,62,1,bca,771.0005614414158,767.7217071691715,-3.2788542722443026
125,host/62/100,host/100,62,2,nearest_recorded,771.3229106644228,769.5624849798942,-1.7604256845286272
125,host/62/100,host/100,62,3,uniform,771.0945232396518,767.2444301527315,-3.8500930869203103
125,host/62/100,host/100,62,4,perturb_0.05_-1,764.1977077882634,767.6776038630354,3.4798960747720002
125,host/62/100,host/100,62,5,perturb_0.05_+1,770.9982945432959,767.8377231230755,-3.1605714202203217
125,host/62/100,host/100,62,6,perturb_0.15_-1,764.1233429573349,767.6425636151653,3.519220657830374
125,host/62/100,host/100,62,7,perturb_0.15_+1,770.9934838719175,767.8674038978268,-3.1260799740907714
125,host/62/100,host/100,62,8,perturb_0.3_-1,764.1668975200155,767.5822479170934,3.415350397077873
125,host/62/100,host/100,62,9,perturb_0.3_+1,771.0971433286014,767.9019068368148,-3.195236491786659
126,host/63/0,host/0,63,0,host_reference,646.4453793007744,642.8442644649652,-3.6011148358091987
126,host/63/0,host/0,63,1,bca,647.3554734397945,642.2780846229695,-5.077388816825078
126,host/63/0,host/0,63,2,nearest_recorded,646.8614435118519,641.2893470242326,-5.572096487619319
126,host/63/0,host/0,63,3,uniform,631.6145871254938,674.0087672112886,42.3941800857948
126,host/63/0,host/0,63,4,perturb_0.05_-1,645.7737732022637,642.793405764498,-2.9803674377657217
126,host/63/0,host/0,63,5,perturb_0.05_+1,646.9800855115492,642.5957421144976,-4.384343397051566
126,host/63/0,host/0,63,6,perturb_0.15_-1,650.0520732144912,641.5282650235532,-8.523808190937984
126,host/63/0,host/0,63,7,perturb_0.15_+1,646.0736188292905,641.8666631242535,-4.2069557050369895
126,host/63/0,host/0,63,8,perturb_0.3_-1,659.2873866244236,642.7122699855895,-16.57511663883406
126,host/63/0,host/0,63,9,perturb_0.3_+1,647.7985039298283,642.8704104109206,-4.9280935189076445
127,host/63/100,host/100,63,0,host_reference,777.1724079816165,770.0449759011265,-7.127432080490053
127,host/63/100,host/100,63,1,bca,777.1362474862117,769.9261208158877,-7.21012667032403
127,host/63/100,host/100,63,2,nearest_recorded,790.5255686000402,771.1190337287962,-19.406534871243935
127,host/63/100,host/100,63,3,uniform,790.8215456991778,792.5675330796084,1.7459873804306199
127,host/63/100,host/100,63,4,perturb_0.05_-1,777.1608338138045,769.9860381134897,-7.174795700314803
127,host/63/100,host/100,63,5,perturb_0.05_+1,776.551270317608,770.0751975338637,-6.476072783744257
127,host/63/100,host/100,63,6,perturb_0.15_-1,777.1302345040272,769.931379942469,-7.198854561558164
127,host/63/100,host/100,63,7,perturb_0.15_+1,784.7662340366296,770.2561806764418,-14.51005336018784
127,host/63/100,host/100,63,8,perturb_0.3_-1,776.8436368982049,769.9428150922408,-6.9008218059640285
127,host/63/100,host/100,63,9,perturb_0.3_+1,787.9726157778905,770.3562879579513,-17.616327819939215
128,bca/0/0,bca/0,0,0,host_reference,649.3192595475979,641.26161958959,-8.057639958007826
128,bca/0/0,bca/0,0,1,bca,647.8190324494061,640.9628429231049,-6.85618952630125
128,bca/0/0,bca/0,0,2,nearest_recorded,648.2517641232712,640.8903930696792,-7.361371053591938
128,bca/0/0,bca/0,0,3,uniform,660.511499174633,664.4897213841299,3.9782222094969484
128,bca/0/0,bca/0,0,4,perturb_0.05_-1,646.9788373624117,641.0941424139089,-5.8846949485027835
128,bca/0/0,bca/0,0,5,perturb_0.05_+1,652.2114167815081,642.4940653627458,-9.717351418762291
128,bca/0/0,bca/0,0,6,perturb_0.15_-1,645.498261211223,641.3097858671294,-4.188475344093604
128,bca/0/0,bca/0,0,7,perturb_0.15_+1,655.4526921877084,641.3879204868322,-14.064771700876236
128,bca/0/0,bca/0,0,8,perturb_0.3_-1,647.4648131492478,641.9948530615646,-5.469960087683148
128,bca/0/0,bca/0,0,9,perturb_0.3_+1,663.8368130523953,644.476357927965,-19.36045512443036
129,bca/0/100,bca/100,0,0,host_reference,771.1816856514196,765.5321326177076,-5.649553033711982
129,bca/0/100,bca/100,0,1,bca,771.1252788019343,765.6251352296322,-5.500143572302136
129,bca/0/100,bca/100,0,2,nearest_recorded,776.3216045159782,765.8087064589607,-10.512898057017424
129,bca/0/100,bca/100,0,3,uniform,776.9600488720229,776.8448799690341,-0.1151689029887848
129,bca/0/100,bca/100,0,4,perturb_0.05_-1,771.1085509451912,765.6786159838659,-5.429934961325216
129,bca/0/100,bca/100,0,5,perturb_0.05_+1,776.4832762836222,765.3505777552946,-11.132698528327637
129,bca/0/100,bca/100,0,6,perturb_0.15_-1,770.8822789929734,767.8560864535817,-3.0261925393916727
129,bca/0/100,bca/100,0,7,perturb_0.15_+1,776.3814009475267,765.4946507182025,-10.886750229324207
129,bca/0/100,bca/100,0,8,perturb_0.3_-1,770.2817358388075,767.9724389599302,-2.309296878877376
129,bca/0/100,bca/100,0,9,perturb_0.3_+1,776.5135417973238,767.1832382467222,-9.33030355060157
130,bca/1/0,bca/0,1,0,host_reference,648.0805047920746,641.6961775610066,-6.384327231068028
130,bca/1/0,bca/0,1,1,bca,647.8604554441306,641.3988117214525,-6.4616437226781045
130,bca/1/0,bca/0,1,2,nearest_recorded,647.9722620581215,641.567837303507,-6.404424754614524
130,bca/1/0,bca/0,1,3,uniform,661.8000248548234,644.1860519881444,-17.613972866678978
130,bca/1/0,bca/0,1,4,perturb_0.05_-1,647.5027039824952,641.8148393575009,-5.68786462499429
130,bca/1/0,bca/0,1,5,perturb_0.05_+1,647.8416169846155,641.4122043912294,-6.429412593386132
130,bca/1/0,bca/0,1,6,perturb_0.15_-1,648.5355103233164,641.8481207133082,-6.6873896100082675
130,bca/1/0,bca/0,1,7,perturb_0.15_+1,648.1865934162219,641.6061625210041,-6.5804308952177735
130,bca/1/0,bca/0,1,8,perturb_0.3_-1,648.3787020012331,641.8940605508942,-6.484641450338927
130,bca/1/0,bca/0,1,9,perturb_0.3_+1,651.4009268057594,642.562945895561,-8.837980910198326
131,bca/1/100,bca/100,1,0,host_reference,766.2663685919217,762.9337696140332,-3.3325989778885514
131,bca/1/100,bca/100,1,1,bca,766.2183188187291,763.0091551660619,-3.2091636526672573
131,bca/1/100,bca/100,1,2,nearest_recorded,766.5301653493735,763.5047060616102,-3.025459287763283
131,bca/1/100,bca/100,1,3,uniform,766.5149487806201,762.8477685978446,-3.667180182775496
131,bca/1/100,bca/100,1,4,perturb_0.05_-1,766.1861263278995,763.2011146901497,-2.9850116377498352
131,bca/1/100,bca/100,1,5,perturb_0.05_+1,766.3681915800773,763.3026315289432,-3.0655600511341845
131,bca/1/100,bca/100,1,6,perturb_0.15_-1,766.0323980532042,763.3001480592462,-2.732249993958021
131,bca/1/100,bca/100,1,7,perturb_0.15_+1,766.5642646842144,763.4458224060286,-3.118442278185853
131,bca/1/100,bca/100,1,8,perturb_0.3_-1,766.66679013207,762.8718846756901,-3.7949054563798654
131,bca/1/100,bca/100,1,9,perturb_0.3_+1,769.7753989552228,763.7029021105456,-6.072496844677289
132,bca/2/0,bca/0,2,0,host_reference,642.6156170446374,642.8946811630219,0.2790641183845537
132,bca/2/0,bca/0,2,1,bca,642.5003894046305,641.6532915929868,-0.8470978116437209
132,bca/2/0,bca/0,2,2,nearest_recorded,642.7578073313082,642.2951798104133,-0.4626275208948982
132,bca/2/0,bca/0,2,3,uniform,642.9501610563116,642.5221342326316,-0.42802682367994294
132,bca/2/0,bca/0,2,4,perturb_0.05_-1,642.8683048547649,641.368046270839,-1.50025858392587
132,bca/2/0,bca/0,2,5,perturb_0.05_+1,644.6588579940978,642.4134820354104,-2.2453759586874185
132,bca/2/0,bca/0,2,6,perturb_0.15_-1,643.9622007432949,641.1497018582381,-2.8124988850568116
132,bca/2/0,bca/0,2,7,perturb_0.15_+1,646.0584619966601,641.3060388030736,-4.752423193586424
132,bca/2/0,bca/0,2,8,perturb_0.3_-1,651.9248952194722,641.3213358671887,-10.603559352283469
132,bca/2/0,bca/0,2,9,perturb_0.3_+1,647.5504900327643,640.5681778244672,-6.982312208297117
133,bca/2/100,bca/100,2,0,host_reference,773.9829897351316,774.47964852701,0.4966587918784171
133,bca/2/100,bca/100,2,1,bca,774.0212469441162,774.5009675307772,0.4797205866609602
133,bca/2/100,bca/100,2,2,nearest_recorded,773.490533238271,774.3860804601784,0.8955472219073499
133,bca/2/100,bca/100,2,3,uniform,783.2007528566744,771.3292225544307,-11.871530302243741
133,bca/2/100,bca/100,2,4,perturb_0.05_-1,774.0070691139283,774.3309614013322,0.3238922874038508
133,bca/2/100,bca/100,2,5,perturb_0.05_+1,773.9499864768957,774.4590815813131,0.5090951044173835
133,bca/2/100,bca/100,2,6,perturb_0.15_-1,774.0776498560556,774.33683256687,0.2591827108144571
133,bca/2/100,bca/100,2,7,perturb_0.15_+1,781.4653992529984,774.5023449121622,-6.963054340836152
133,bca/2/100,bca/100,2,8,perturb_0.3_-1,773.8160519660876,775.1541995981387,1.3381476320511183
133,bca/2/100,bca/100,2,9,perturb_0.3_+1,782.3992321364788,771.9864560728732,-10.41277606360552
134,bca/3/0,bca/0,3,0,host_reference,641.8610379111868,641.4648785577941,-0.39615935339270436
134,bca/3/0,bca/0,3,1,bca,641.1047908538205,640.8971141309496,-0.20767672287092864
134,bca/3/0,bca/0,3,2,nearest_recorded,642.3827975070975,641.2641904814457,-1.1186070256518406
134,bca/3/0,bca/0,3,3,uniform,658.5802585307135,655.7061099945512,-2.8741485361623518
134,bca/3/0,bca/0,3,4,perturb_0.05_-1,641.6218590459346,641.559921868463,-0.06193717747157734
134,bca/3/0,bca/0,3,5,perturb_0.05_+1,641.9569921213987,641.9910891659727,0.03409704457396856
134,bca/3/0,bca/0,3,6,perturb_0.15_-1,641.1326559841359,640.8138878316279,-0.3187681525080279
134,bca/3/0,bca/0,3,7,perturb_0.15_+1,641.7595765055153,641.6050367605885,-0.15453974492675115
134,bca/3/0,bca/0,3,8,perturb_0.3_-1,645.593596778944,641.1163533658793,-4.477243413064684
134,bca/3/0,bca/0,3,9,perturb_0.3_+1,642.0007654721207,641.954493119783,-0.04627235233772353
135,bca/3/100,bca/100,3,0,host_reference,769.4909433667947,764.1157797439331,-5.375163622861578
135,bca/3/100,bca/100,3,1,bca,769.6020980651307,761.2498823591249,-8.352215706005836
135,bca/3/100,bca/100,3,2,nearest_recorded,773.9178262905568,759.6038479905548,-14.313978300002077
135,bca/3/100,bca/100,3,3,uniform,769.284689882504,759.6560819190212,-9.628607963482864
135,bca/3/100,bca/100,3,4,perturb_0.05_-1,769.6033549447724,763.1912804911657,-6.412074453606692
135,bca/3/100,bca/100,3,5,perturb_0.05_+1,769.5127839016756,764.0872086484854,-5.425575253190118
135,bca/3/100,bca/100,3,6,perturb_0.15_-1,769.0098688829501,759.5289520504584,-9.48091683249163
135,bca/3/100,bca/100,3,7,perturb_0.15_+1,770.8743175332166,764.429961737318,-6.444355795898673
135,bca/3/100,bca/100,3,8,perturb_0.3_-1,768.8737669955711,760.4581721477244,-8.415594847846705
135,bca/3/100,bca/100,3,9,perturb_0.3_+1,769.5144712263336,764.3989804758412,-5.115490750492427
136,bca/4/0,bca/0,4,0,host_reference,645.7070493521046,639.4377183168141,-6.26933103529052
136,bca/4/0,bca/0,4,1,bca,646.1221441128145,640.7663564885453,-5.355787624269169
136,bca/4/0,bca/0,4,2,nearest_recorded,646.1760073237433,640.5361102321266,-5.639897091616717
136,bca/4/0,bca/0,4,3,uniform,665.244193179223,646.0122978387404,-19.231895340482538
136,bca/4/0,bca/0,4,4,perturb_0.05_-1,645.9533965096947,640.144829963802,-5.808566545892745
136,bca/4/0,bca/0,4,5,perturb_0.05_+1,645.7605734506095,640.5771963987888,-5.183377051820685
136,bca/4/0,bca/0,4,6,perturb_0.15_-1,646.1527329161277,640.1651330616459,-5.9875998544818
136,bca/4/0,bca/0,4,7,perturb_0.15_+1,645.761683509902,640.9979729019564,-4.763710607945654
136,bca/4/0,bca/0,4,8,perturb_0.3_-1,646.4500983447925,640.2377236485185,-6.2123746962740825
136,bca/4/0,bca/0,4,9,perturb_0.3_+1,646.9807144099323,641.2944632783397,-5.6862511315925985
137,bca/4/100,bca/100,4,0,host_reference,765.7523852813247,764.3052338108383,-1.4471514704863466
137,bca/4/100,bca/100,4,1,bca,765.4504267308063,764.3869171850215,-1.0635095457847683
137,bca/4/100,bca/100,4,2,nearest_recorded,765.9850187992162,763.6384651516811,-2.3465536475350746
137,bca/4/100,bca/100,4,3,uniform,765.6806723507914,763.6845485887737,-1.9961237620176462
137,bca/4/100,bca/100,4,4,perturb_0.05_-1,765.7825508814799,764.2127443269519,-1.569806554527986
137,bca/4/100,bca/100,4,5,perturb_0.05_+1,765.4813202209923,763.5926653050265,-1.8886549159658443
137,bca/4/100,bca/100,4,6,perturb_0.15_-1,765.8705884732841,763.5707250880818,-2.299863385202343
137,bca/4/100,bca/100,4,7,perturb_0.15_+1,767.2897521323612,763.642908228108,-3.64684390425316
137,bca/4/100,bca/100,4,8,perturb_0.3_-1,767.6593668268362,763.5094603796343,-4.149906447201829
137,bca/4/100,bca/100,4,9,perturb_0.3_+1,768.2217677247538,764.2975253476948,-3.924242377059045
138,bca/5/0,bca/0,5,0,host_reference,643.618936538293,641.7708777135919,-1.8480588247011838
138,bca/5/0,bca/0,5,1,bca,643.7595465188567,641.5800105373074,-2.179535981549293
138,bca/5/0,bca/0,5,2,nearest_recorded,644.7684659840374,642.4086920384984,-2.3597739455390183
138,bca/5/0,bca/0,5,3,uniform,654.7178682507213,643.288618823784,-11.429249426937304
138,bca/5/0,bca/0,5,4,perturb_0.05_-1,645.5771768231224,642.4822892843048,-3.094887538817602
138,bca/5/0,bca/0,5,5,perturb_0.05_+1,643.852875900718,641.076467986492,-2.776407914225956
138,bca/5/0,bca/0,5,6,perturb_0.15_-1,646.5333445027906,641.7108108479744,-4.822533654816198
138,bca/5/0,bca/0,5,7,perturb_0.15_+1,643.495843056047,642.1017104438348,-1.394132612212161
138,bca/5/0,bca/0,5,8,perturb_0.3_-1,656.12149521535,643.540866993926,-12.580628221424035
138,bca/5/0,bca/0,5,9,perturb_0.3_+1,644.2687128556352,641.40218965334,-2.866523202295184
139,bca/5/100,bca/100,5,0,host_reference,771.9534578427724,764.0419430217838,-7.9115148209886
139,bca/5/100,bca/100,5,1,bca,771.6818868969027,764.2158350562167,-7.466051840685964
139,bca/5/100,bca/100,5,2,nearest_recorded,772.4202402884639,760.7608197163188,-11.659420572145109
139,bca/5/100,bca/100,5,3,uniform,773.0769492198973,769.5607218046426,-3.5162274152546615
139,bca/5/100,bca/100,5,4,perturb_0.05_-1,772.5113192651977,760.9363044338038,-11.5750148313939
139,bca/5/100,bca/100,5,5,perturb_0.05_+1,771.7962056631976,760.7081254827843,-11.088080180413272
139,bca/5/100,bca/100,5,6,perturb_0.15_-1,774.5969928196421,761.1638513020852,-13.433141517556919
139,bca/5/100,bca/100,5,7,perturb_0.15_+1,768.6211887209445,763.9691035070999,-4.652085213844543
139,bca/5/100,bca/100,5,8,perturb_0.3_-1,771.993556306466,768.480430221733,-3.513126084733017
139,bca/5/100,bca/100,5,9,perturb_0.3_+1,771.4403685741859,760.2828528775606,-11.157515696625296
140,bca/6/0,bca/0,6,0,host_reference,645.9475918604259,642.670355564651,-3.2772362957748555
140,bca/6/0,bca/0,6,1,bca,645.2398548368853,643.4988605196631,-1.7409943172222029
140,bca/6/0,bca/0,6,2,nearest_recorded,665.551805223657,662.4377187206189,-3.1140865030380382
140,bca/6/0,bca/0,6,3,uniform,666.0347236965414,651.9036207304572,-14.1311029660842
140,bca/6/0,bca/0,6,4,perturb_0.05_-1,646.6281556968097,642.2871504754373,-4.34100522137237
140,bca/6/0,bca/0,6,5,perturb_0.05_+1,645.3242334191449,643.3281057700611,-1.9961276490837463
140,bca/6/0,bca/0,6,6,perturb_0.15_-1,646.5833924854005,641.1925692885002,-5.390823196900328
140,bca/6/0,bca/0,6,7,perturb_0.15_+1,643.9219485775619,643.0155799890326,-0.9063685885292898
140,bca/6/0,bca/0,6,8,perturb_0.3_-1,647.2968696186332,640.9786150556225,-6.318254563010669
140,bca/6/0,bca/0,6,9,perturb_0.3_+1,642.3037104431846,642.8041415106138,0.5004310674291901
141,bca/6/100,bca/100,6,0,host_reference,767.5964701844127,765.7548595620375,-1.8416106223752422
141,bca/6/100,bca/100,6,1,bca,767.6493282232027,764.3394253764407,-3.309902846762043
141,bca/6/100,bca/100,6,2,nearest_recorded,767.6998415124178,764.3793949127145,-3.3204465997033594
141,bca/6/100,bca/100,6,3,uniform,767.5956373749688,763.8912698753426,-3.704367499626187
141,bca/6/100,bca/100,6,4,perturb_0.05_-1,767.6477307276193,764.3406961880252,-3.307034539594156
141,bca/6/100,bca/100,6,5,perturb_0.05_+1,770.373919830857,765.6079579257581,-4.765961905098834
141,bca/6/100,bca/100,6,6,perturb_0.15_-1,767.5838809503391,764.4392712496526,-3.1446097006864875
141,bca/6/100,bca/100,6,7,perturb_0.15_+1,770.4351861654926,763.8643910117444,-6.570795153748236
141,bca/6/100,bca/100,6,8,perturb_0.3_-1,770.4117385378023,766.6174314967333,-3.7943070410690325
141,bca/6/100,bca/100,6,9,perturb_0.3_+1,770.651337472053,763.9257467462791,-6.725590725773941
142,bca/7/0,bca/0,7,0,host_reference,646.2422284974444,640.700269056674,-5.5419594407704835
142,bca/7/0,bca/0,7,1,bca,646.5234596453627,641.0845620203205,-5.438897625042159
142,bca/7/0,bca/0,7,2,nearest_recorded,653.0425908768689,643.9522726335828,-9.090318243286106
142,bca/7/0,bca/0,7,3,uniform,659.1563243910844,657.2546527909079,-1.901671600176428
142,bca/7/0,bca/0,7,4,perturb_0.05_-1,646.7592172231314,640.8194662088218,-5.939751014309536
142,bca/7/0,bca/0,7,5,perturb_0.05_+1,645.7791636869591,640.8315886409052,-4.947575046053885
142,bca/7/0,bca/0,7,6,perturb_0.15_-1,647.8418944099164,641.5448456924229,-6.297048717493567
142,bca/7/0,bca/0,7,7,perturb_0.15_+1,645.4085699583854,643.2243310773329,-2.184238881052579
142,bca/7/0,bca/0,7,8,perturb_0.3_-1,647.7785789435717,641.4196150880407,-6.3589638555309875
142,bca/7/0,bca/0,7,9,perturb_0.3_+1,647.2192759196399,643.393348343083,-3.8259275765569782
143,bca/7/100,bca/100,7,0,host_reference,769.0568088175589,763.6779612422596,-5.378847575299346
143,bca/7/100,bca/100,7,1,bca,769.0256050702264,763.6769608415099,-5.34864422871658
143,bca/7/100,bca/100,7,2,nearest_recorded,768.7849350831598,764.1475639099151,-4.637371173244674
143,bca/7/100,bca/100,7,3,uniform,769.9013142465807,764.3866767926319,-5.514637453948808
143,bca/7/100,bca/100,7,4,perturb_0.05_-1,769.1133994600509,764.0804807128058,-5.032918747245162
143,bca/7/100,bca/100,7,5,perturb_0.05_+1,769.0106192717562,763.6742912020233,-5.336328069732986
143,bca/7/100,bca/100,7,6,perturb_0.15_-1,769.7638778220862,764.8642527063125,-4.899625115773688
143,bca/7/100,bca/100,7,7,perturb_0.15_+1,768.4244179804573,764.1203781007971,-4.304039879660195
143,bca/7/100,bca/100,7,8,perturb_0.3_-1,770.0914027191993,763.2693916170001,-6.8220111021992125
143,bca/7/100,bca/100,7,9,perturb_0.3_+1,767.3286062964746,763.2533336874766,-4.075272608998034
144,bca/8/0,bca/0,8,0,host_reference,649.3187180122118,641.6717249984366,-7.646993013775159
144,bca/8/0,bca/0,8,1,bca,649.1077425894376,641.603490166019,-7.50425242341862
144,bca/8/0,bca/0,8,2,nearest_recorded,655.6020723046205,644.632613063448,-10.969459241172444
144,bca/8/0,bca/0,8,3,uniform,659.6949734327474,659.6733395958124,-0.0216338369349387
144,bca/8/0,bca/0,8,4,perturb_0.05_-1,649.1651990592468,641.5857112620483,-7.579487797198453
144,bca/8/0,bca/0,8,5,perturb_0.05_+1,648.6883824237881,641.8164381614163,-6.871944262371812
144,bca/8/0,bca/0,8,6,perturb_0.15_-1,649.4080397326651,641.944457892276,-7.463581840389111
144,bca/8/0,bca/0,8,7,perturb_0.15_+1,651.3956236291847,641.9791526505159,-9.416470978668826
144,bca/8/0,bca/0,8,8,perturb_0.3_-1,649.8841708607249,641.6488766924091,-8.235294168315818
144,bca/8/0,bca/0,8,9,perturb_0.3_+1,655.4304231045662,642.8014807913073,-12.628942313258904
145,bca/8/100,bca/100,8,0,host_reference,767.0136100132222,765.7457398743545,-1.2678701388676927
145,bca/8/100,bca/100,8,1,bca,766.9493386039638,764.7571081822713,-2.1922304216925568
145,bca/8/100,bca/100,8,2,nearest_recorded,768.813661605312,764.7818661204338,-4.031795484878103
145,bca/8/100,bca/100,8,3,uniform,768.6179673101631,765.6502474235732,-2.9677198865898617
145,bca/8/100,bca/100,8,4,perturb_0.05_-1,767.03789185075,765.7201256116201,-1.3177662391299236
145,bca/8/100,bca/100,8,5,perturb_0.05_+1,766.987046720202,764.7247280297689,-2.2623186904330623
145,bca/8/100,bca/100,8,6,perturb_0.15_-1,767.3757560490478,765.6761318450762,-1.6996242039716662
145,bca/8/100,bca/100,8,7,perturb_0.15_+1,766.9192836872835,764.7736149178616,-2.1456687694219454
145,bca/8/100,bca/100,8,8,perturb_0.3_-1,767.4680102123818,765.2902456557705,-2.1777645566113506
145,bca/8/100,bca/100,8,9,perturb_0.3_+1,766.842729434743,764.7890856856267,-2.053643749116304
146,bca/9/0,bca/0,9,0,host_reference,646.4060936141309,641.9497331422158,-4.456360471915104
146,bca/9/0,bca/0,9,1,bca,646.2248756187176,642.6277681416243,-3.5971074770933456
146,bca/9/0,bca/0,9,2,nearest_recorded,648.223682120608,642.0760568234112,-6.147625297196782
146,bca/9/0,bca/0,9,3,uniform,654.5115244267638,643.1824989256276,-11.329025501136243
146,bca/9/0,bca/0,9,4,perturb_0.05_-1,646.650040871228,642.0350745365557,-4.614966334672317
146,bca/9/0,bca/0,9,5,perturb_0.05_+1,645.6817035021552,642.6762893617799,-3.005414140375251
146,bca/9/0,bca/0,9,6,perturb_0.15_-1,645.25005657571,642.4547744023783,-2.795282173331657
146,bca/9/0,bca/0,9,7,perturb_0.15_+1,646.1590468665586,641.7972564932836,-4.361790373274971
146,bca/9/0,bca/0,9,8,perturb_0.3_-1,648.1987091584111,641.3025058131988,-6.8962033452123706
146,bca/9/0,bca/0,9,9,perturb_0.3_+1,646.3484107340254,641.575895350539,-4.772515383486393
147,bca/9/100,bca/100,9,0,host_reference,770.917686276569,778.9190213144129,8.001335037843887
147,bca/9/100,bca/100,9,1,bca,770.9210979583781,779.203074067536,8.281976109157881
147,bca/9/100,bca/100,9,2,nearest_recorded,772.5485966813183,774.672835887618,2.1242392062997624
147,bca/9/100,bca/100,9,3,uniform,772.3578615282745,771.5609425629092,-0.7969189653653075
147,bca/9/100,bca/100,9,4,perturb_0.05_-1,770.9234884505606,779.119145346687,8.195656896126366
147,bca/9/100,bca/100,9,5,perturb_0.05_+1,770.8181881968965,778.7014694696275,7.883281272730983
147,bca/9/100,bca/100,9,6,perturb_0.15_-1,770.9462039498455,779.419000662544,8.472796712698482
147,bca/9/100,bca/100,9,7,perturb_0.15_+1,772.5555461757374,774.7262340794123,2.1706879036748887
147,bca/9/100,bca/100,9,8,perturb_0.3_-1,771.1851245075146,773.7105385011589,2.5254139936442925
147,bca/9/100,bca/100,9,9,perturb_0.3_+1,772.4808783440126,774.658862787872,2.1779844438593727
148,bca/10/0,bca/0,10,0,host_reference,644.0531096465671,641.5111277470626,-2.541981899504549
148,bca/10/0,bca/0,10,1,bca,642.3030303840218,641.5937778104916,-0.7092525735301933
148,bca/10/0,bca/0,10,2,nearest_recorded,645.1817823796898,642.1345409888397,-3.047241390850104
148,bca/10/0,bca/0,10,3,uniform,667.2814652390265,662.6478431313113,-4.633622107715155
148,bca/10/0,bca/0,10,4,perturb_0.05_-1,641.6317835321042,641.7838309172905,0.15204738518627892
148,bca/10/0,bca/0,10,5,perturb_0.05_+1,644.5604832174905,641.7225535211453,-2.8379296963452134
148,bca/10/0,bca/0,10,6,perturb_0.15_-1,645.4676456570285,642.1158370120065,-3.351808645021947
148,bca/10/0,bca/0,10,7,perturb_0.15_+1,646.0436015015614,641.1496170235704,-4.893984477991012
148,bca/10/0,bca/0,10,8,perturb_0.3_-1,646.794081065515,642.7588863244758,-4.035194741039163
148,bca/10/0,bca/0,10,9,perturb_0.3_+1,650.6217910977198,640.7751901539744,-9.84660094374533
149,bca/10/100,bca/100,10,0,host_reference,767.4657302596888,760.3657820719656,-7.099948187723271
149,bca/10/100,bca/100,10,1,bca,767.7674473481062,759.330523246039,-8.436924102067223
149,bca/10/100,bca/100,10,2,nearest_recorded,770.9842567732882,759.3514202181196,-11.632836555168524
149,bca/10/100,bca/100,10,3,uniform,767.982392566947,760.3098988679786,-7.672493698968424
149,bca/10/100,bca/100,10,4,perturb_0.05_-1,767.8052590119589,759.2582800860745,-8.546978925884446
149,bca/10/100,bca/100,10,5,perturb_0.05_+1,767.9322908505728,760.4144729193605,-7.517817931212335
149,bca/10/100,bca/100,10,6,perturb_0.15_-1,768.0073421926951,760.2027244850225,-7.804617707672605
149,bca/10/100,bca/100,10,7,perturb_0.15_+1,767.5003904775288,759.3387875155653,-8.161602961963467
149,bca/10/100,bca/100,10,8,perturb_0.3_-1,767.5166524239677,760.2507563940909,-7.265896029876785
149,bca/10/100,bca/100,10,9,perturb_0.3_+1,768.0877583008892,759.5533100955325,-8.534448205356625
150,bca/11/0,bca/0,11,0,host_reference,645.3829782268874,643.5318482569652,-1.8511299699222263
150,bca/11/0,bca/0,11,1,bca,644.1853946225483,643.5327741679474,-0.6526204546008785
150,bca/11/0,bca/0,11,2,nearest_recorded,648.3650687195135,641.227793245122,-7.137275474391458
150,bca/11/0,bca/0,11,3,uniform,646.736753980842,642.8678669707575,-3.8688870100844497
150,bca/11/0,bca/0,11,4,perturb_0.05_-1,647.7811117401797,644.2659069176995,-3.5152048224802
150,bca/11/0,bca/0,11,5,perturb_0.05_+1,644.8567977043564,643.5341653028928,-1.3226324014635793
150,bca/11/0,bca/0,11,6,perturb_0.15_-1,647.4900510065727,643.4901303990541,-3.999920607518561
150,bca/11/0,bca/0,11,7,perturb_0.15_+1,644.5379333009674,643.6088416051731,-0.9290916957943409
150,bca/11/0,bca/0,11,8,perturb_0.3_-1,647.8108535662822,642.0798071880853,-5.731046378196879
150,bca/11/0,bca/0,11,9,perturb_0.3_+1,645.1722314064349,643.8936852655235,-1.2785461409114305
151,bca/11/100,bca/100,11,0,host_reference,768.2039458057773,760.0009669656386,-8.202978840138712
151,bca/11/100,bca/100,11,1,bca,770.6385772705335,759.9808740068299,-10.657703263703524
151,bca/11/100,bca/100,11,2,nearest_recorded,771.5077328343135,760.0168554443696,-11.490877389943876
151,bca/11/100,bca/100,11,3,uniform,771.0575568560906,761.6362793988145,-9.421277457276119
151,bca/11/100,bca/100,11,4,perturb_0.05_-1,768.1779803558712,760.1966491906669,-7.981331165204324
151,bca/11/100,bca/100,11,5,perturb_0.05_+1,770.6363845242531,759.9803627982903,-10.656021725962773
151,bca/11/100,bca/100,11,6,perturb_0.15_-1,768.2433400543327,760.1119168819439,-8.13142317238885
151,bca/11/100,bca/100,11,7,perturb_0.15_+1,771.6362497229246,759.6889884787811,-11.947261244143533
151,bca/11/100,bca/100,11,8,perturb_0.3_-1,768.8193639803203,759.943027728356,-8.87633625196429
151,bca/11/100,bca/100,11,9,perturb_0.3_+1,770.1159760498307,761.5540911074877,-8.561884942343
152,bca/12/0,bca/0,12,0,host_reference,647.4224578315551,640.5311482888258,-6.891309542729346
152,bca/12/0,bca/0,12,1,bca,647.6658768308395,640.6992756554391,-6.966601175400342
152,bca/12/0,bca/0,12,2,nearest_recorded,646.9301825341869,641.971171584795,-4.959010949391882
152,bca/12/0,bca/0,12,3,uniform,664.3112425955911,644.3703806094059,-19.94086198618527
152,bca/12/0,bca/0,12,4,perturb_0.05_-1,646.8419825466468,640.3318320374328,-6.510150509213986
152,bca/12/0,bca/0,12,5,perturb_0.05_+1,646.8682206324138,640.9839268765376,-5.884293755876229
152,bca/12/0,bca/0,12,6,perturb_0.15_-1,646.8984580562142,640.7250165941181,-6.173441462096093
152,bca/12/0,bca/0,12,7,perturb_0.15_+1,647.0575206935848,642.098569876121,-4.958950817463801
152,bca/12/0,bca/0,12,8,perturb_0.3_-1,656.8776468638115,642.6227260982891,-14.254920765522343
152,bca/12/0,bca/0,12,9,perturb_0.3_+1,646.7123387123614,642.8138830047835,-3.8984557075779094
153,bca/12/100,bca/100,12,0,host_reference,766.2976371610124,762.9960260378144,-3.301611123197972
153,bca/12/100,bca/100,12,1,bca,766.7377739838294,763.1736910593138,-3.56408292451556
153,bca/12/100,bca/100,12,2,nearest_recorded,765.1088532187031,762.7577593557523,-2.3510938629507336
153,bca/12/100,bca/100,12,3,uniform,766.0905382771897,767.8534405288503,1.7629022516606483
153,bca/12/100,bca/100,12,4,perturb_0.05_-1,766.3031580118798,762.9468726798451,-3.356285332034645
153,bca/12/100,bca/100,12,5,perturb_0.05_+1,766.2915842652232,763.0817032425082,-3.209881022714967
153,bca/12/100,bca/100,12,6,perturb_0.15_-1,766.3134136695013,763.1555044729042,-3.1579091965970747
153,bca/12/100,bca/100,12,7,perturb_0.15_+1,766.7723578956862,763.1382651026505,-3.634092793035734
153,bca/12/100,bca/100,12,8,perturb_0.3_-1,766.4272851694221,762.9532290814999,-3.4740560879222357
153,bca/12/100,bca/100,12,9,perturb_0.3_+1,766.7353508373186,763.2349109982036,-3.5004398391149607
154,bca/13/0,bca/0,13,0,host_reference,646.7240091902713,642.9952408658183,-3.7287683244529717
154,bca/13/0,bca/0,13,1,bca,646.0731096079247,642.9567926467137,-3.116316961211055
154,bca/13/0,bca/0,13,2,nearest_recorded,642.3272159945686,642.189683759079,-0.13753223548962978
154,bca/13/0,bca/0,13,3,uniform,661.5448657551165,662.3013987877349,0.7565330326184494
154,bca/13/0,bca/0,13,4,perturb_0.05_-1,646.0827107249266,642.6750521543963,-3.407658570530316
154,bca/13/0,bca/0,13,5,perturb_0.05_+1,647.4244993539195,642.6100621706639,-4.8144371832555635
154,bca/13/0,bca/0,13,6,perturb_0.15_-1,646.7466822727899,641.7028603826616,-5.043821890128356
154,bca/13/0,bca/0,13,7,perturb_0.15_+1,647.5192957052765,642.569123291572,-4.950172413704422
154,bca/13/0,bca/0,13,8,perturb_0.3_-1,647.926836321808,641.9535075231997,-5.973328798608236
154,bca/13/0,bca/0,13,9,perturb_0.3_+1,647.7338570623923,641.585013207973,-6.148843854419283
155,bca/13/100,bca/100,13,0,host_reference,771.4090074735238,759.5556942449933,-11.85331322853051
155,bca/13/100,bca/100,13,1,bca,771.4880703595483,759.6421154412047,-11.845954918343523
155,bca/13/100,bca/100,13,2,nearest_recorded,768.7875533409061,759.9843275855166,-8.803225755389576
155,bca/13/100,bca/100,13,3,uniform,770.9948721180184,760.2206887902744,-10.774183327744026
155,bca/13/100,bca/100,13,4,perturb_0.05_-1,768.6707801689046,759.7737570924867,-8.897023076417895
155,bca/13/100,bca/100,13,5,perturb_0.05_+1,771.5253677981499,759.8612077514684,-11.664160046681445
155,bca/13/100,bca/100,13,6,perturb_0.15_-1,768.0663078137525,759.9456279090313,-8.120679904721214
155,bca/13/100,bca/100,13,7,perturb_0.15_+1,771.3716771034733,759.8135663331634,-11.558110770309895
155,bca/13/100,bca/100,13,8,perturb_0.3_-1,768.1871173084538,762.7741591733969,-5.412958135056897
155,bca/13/100,bca/100,13,9,perturb_0.3_+1,768.576705398559,759.860234228112,-8.716471170447107
156,bca/14/0,bca/0,14,0,host_reference,645.8814419845446,641.4083627196479,-4.473079264896683
156,bca/14/0,bca/0,14,1,bca,645.5307847262769,640.283285235116,-5.247499491160966
156,bca/14/0,bca/0,14,2,nearest_recorded,645.7790618242168,642.5639297556278,-3.215132068589014
156,bca/14/0,bca/0,14,3,uniform,665.1553966560764,656.1651143782408,-8.990282277835604
156,bca/14/0,bca/0,14,4,perturb_0.05_-1,646.1537140745049,640.1716157563574,-5.982098318147564
156,bca/14/0,bca/0,14,5,perturb_0.05_+1,645.2002165146503,641.7186442190468,-3.481572295603428
156,bca/14/0,bca/0,14,6,perturb_0.15_-1,645.2041396913158,642.8473579080741,-2.356781783241786
156,bca/14/0,bca/0,14,7,perturb_0.15_+1,645.7498494537066,641.6816387155068,-4.068210738199809
156,bca/14/0,bca/0,14,8,perturb_0.3_-1,643.1404984876415,641.8232209815405,-1.317277506100936
156,bca/14/0,bca/0,14,9,perturb_0.3_+1,650.2923242891334,641.5707926712242,-8.721531617909136
157,bca/14/100,bca/100,14,0,host_reference,772.03543293003,768.2518476538158,-3.7835852762141258
157,bca/14/100,bca/100,14,1,bca,770.8128165008558,768.2351879162662,-2.5776285845895472
157,bca/14/100,bca/100,14,2,nearest_recorded,768.02182799535,768.4016586104369,0.3798306150869166
157,bca/14/100,bca/100,14,3,uniform,769.8294038123001,766.7629257051873,-3.0664781071128573
157,bca/14/100,bca/100,14,4,perturb_0.05_-1,772.0624215454842,767.311058192699,-4.7513633527852335
157,bca/14/100,bca/100,14,5,perturb_0.05_+1,768.079704807384,768.2322698035304,0.15256499614633867
157,bca/14/100,bca/100,14,6,perturb_0.15_-1,769.577820486423,767.3193944020974,-2.258426084325606
157,bca/14/100,bca/100,14,7,perturb_0.15_+1,767.9177382257299,771.5046115998573,3.5868733741274355
157,bca/14/100,bca/100,14,8,perturb_0.3_-1,769.7244126661611,767.0275525040172,-2.6968601621439348
157,bca/14/100,bca/100,14,9,perturb_0.3_+1,767.5922332714475,773.4131839684436,5.8209506969960785
158,bca/15/0,bca/0,15,0,host_reference,647.9052355532497,640.9722313732627,-6.933004179986938
158,bca/15/0,bca/0,15,1,bca,645.1851664605549,641.6409210776794,-3.544245382875488
158,bca/15/0,bca/0,15,2,nearest_recorded,648.3635547949436,641.532652536873,-6.830902258070637
158,bca/15/0,bca/0,15,3,uniform,642.5981902033516,641.3994784892644,-1.1987117140871533
158,bca/15/0,bca/0,15,4,perturb_0.05_-1,647.6919674688958,640.7859744812093,-6.905992987686432
158,bca/15/0,bca/0,15,5,perturb_0.05_+1,647.8434830420634,640.8068011717806,-7.036681870282791
158,bca/15/0,bca/0,15,6,perturb_0.15_-1,647.5039375544808,641.505950616894,-5.997986937586802
158,bca/15/0,bca/0,15,7,perturb_0.15_+1,647.3533696422518,641.6474045512841,-5.705965090967652
158,bca/15/0,bca/0,15,8,perturb_0.3_-1,644.7669170482078,641.712974187705,-3.0539428605028434
158,bca/15/0,bca/0,15,9,perturb_0.3_+1,647.4711239770992,641.5987855438223,-5.872338433276923
159,bca/15/100,bca/100,15,0,host_reference,768.0486966155835,761.1723469410404,-6.876349674543121
159,bca/15/100,bca/100,15,1,bca,767.5640822649544,761.4941426720401,-6.069939592914352
159,bca/15/100,bca/100,15,2,nearest_recorded,768.6353110867968,764.076354553342,-4.558956533454875
159,bca/15/100,bca/100,15,3,uniform,767.7434297994391,764.136035923154,-3.607393876285073
159,bca/15/100,bca/100,15,4,perturb_0.05_-1,768.1091190251165,761.2701643803841,-6.8389546447323255
159,bca/15/100,bca/100,15,5,perturb_0.05_+1,767.6712891667706,761.1636767542492,-6.507612412521439
159,bca/15/100,bca/100,15,6,perturb_0.15_-1,767.6050062411185,761.5025741428086,-6.102432098309919
159,bca/15/100,bca/100,15,7,perturb_0.15_+1,767.3207441744461,765.1527717654232,-2.167972409022923
159,bca/15/100,bca/100,15,8,perturb_0.3_-1,768.0609483310495,761.0547081907296,-7.00624014031996
159,bca/15/100,bca/100,15,9,perturb_0.3_+1,771.1461575086939,765.1537366135456,-5.992420895148371
160,bca/16/0,bca/0,16,0,host_reference,646.8919348402397,641.810960111344,-5.08097472889574
160,bca/16/0,bca/0,16,1,bca,647.4788629362774,641.7673336659556,-5.711529270321876
160,bca/16/0,bca/0,16,2,nearest_recorded,647.9770348190209,643.3924346876266,-4.584600131394268
160,bca/16/0,bca/0,16,3,uniform,647.6458151446651,641.1828115907223,-6.463003553942826
160,bca/16/0,bca/0,16,4,perturb_0.05_-1,648.0128292785017,641.6723723510496,-6.340456927452124
160,bca/16/0,bca/0,16,5,perturb_0.05_+1,647.6357732545579,641.844676617345,-5.791096637212831
160,bca/16/0,bca/0,16,6,perturb_0.15_-1,647.1298936053527,640.4991925060091,-6.630701099343582
160,bca/16/0,bca/0,16,7,perturb_0.15_+1,647.5474359544319,643.682504003407,-3.8649319510249143
160,bca/16/0,bca/0,16,8,perturb_0.3_-1,646.9018073372839,641.2896791489266,-5.61212818835736
160,bca/16/0,bca/0,16,9,perturb_0.3_+1,648.3177914970112,644.2742585172018,-4.043532979809356
161,bca/16/100,bca/100,16,0,host_reference,766.2996131233294,762.5088710171766,-3.790742106152834
161,bca/16/100,bca/100,16,1,bca,766.1559987631739,760.1068571331674,-6.049141630006488
161,bca/16/100,bca/100,16,2,nearest_recorded,766.1202785481338,761.7747460998198,-4.345532448313975
161,bca/16/100,bca/100,16,3,uniform,768.9395202681861,763.23937789185,-5.700142376336089
161,bca/16/100,bca/100,16,4,perturb_0.05_-1,766.3031310686515,762.5011996979521,-3.8019313706994353
161,bca/16/100,bca/100,16,5,perturb_0.05_+1,766.2974350890305,762.5150588996692,-3.7823761893613437
161,bca/16/100,bca/100,16,6,perturb_0.15_-1,766.3077448331028,762.4862461450941,-3.82149868800866
161,bca/16/100,bca/100,16,7,perturb_0.15_+1,766.1590962030392,762.5263324108076,-3.6327637922315716
161,bca/16/100,bca/100,16,8,perturb_0.3_-1,766.3003664542541,762.465257817192,-3.8351086370621488
161,bca/16/100,bca/100,16,9,perturb_0.3_+1,766.1687803944003,760.1058587833367,-6.0629216110636435
162,bca/17/0,bca/0,17,0,host_reference,643.765028836781,641.3085982884523,-2.456430548328626
162,bca/17/0,bca/0,17,1,bca,642.7750310727868,642.0290384798991,-0.7459925928876601
162,bca/17/0,bca/0,17,2,nearest_recorded,646.731099143909,641.7470942276641,-4.984004916244885
162,bca/17/0,bca/0,17,3,uniform,659.2269843052452,661.4497017651794,2.222717459934188
162,bca/17/0,bca/0,17,4,perturb_0.05_-1,643.6057202960408,642.4124451471839,-1.1932751488568556
162,bca/17/0,bca/0,17,5,perturb_0.05_+1,649.2086386603572,642.1133524676011,-7.095286192756134
162,bca/17/0,bca/0,17,6,perturb_0.15_-1,642.5241559853542,641.0238284957308,-1.500327489623487
162,bca/17/0,bca/0,17,7,perturb_0.15_+1,658.9893230646059,649.4695548500462,-9.51976821455969
162,bca/17/0,bca/0,17,8,perturb_0.3_-1,641.3305671770368,641.0224483448825,-0.30811883215426406
162,bca/17/0,bca/0,17,9,perturb_0.3_+1,661.7766110453481,661.0370912528053,-0.739519792542751
163,bca/17/100,bca/100,17,0,host_reference,771.595981716511,765.0716146037269,-6.524367112784148
163,bca/17/100,bca/100,17,1,bca,771.7793410915879,765.4139319038376,-6.365409187750288
163,bca/17/100,bca/100,17,2,nearest_recorded,773.2243137187626,765.5210632884623,-7.7032504303002725
163,bca/17/100,bca/100,17,3,uniform,772.0937324276643,773.8554984156222,1.7617659879578014
163,bca/17/100,bca/100,17,4,perturb_0.05_-1,771.6678685523336,765.3129806359125,-6.3548879164211485
163,bca/17/100,bca/100,17,5,perturb_0.05_+1,771.4950001493557,765.6782068120225,-5.816793337333252
163,bca/17/100,bca/100,17,6,perturb_0.15_-1,770.4475819875427,767.497918377938,-2.949663609604613
163,bca/17/100,bca/100,17,7,perturb_0.15_+1,771.6581689434344,765.1083580864066,-6.549810857027751
163,bca/17/100,bca/100,17,8,perturb_0.3_-1,770.0520010931212,770.1214756872841,0.06947459416289803
163,bca/17/100,bca/100,17,9,perturb_0.3_+1,773.3011958759913,765.5839298770479,-7.71726599894339
164,bca/18/0,bca/0,18,0,host_reference,642.3198492204714,641.2082987244731,-1.1115504959982445
164,bca/18/0,bca/0,18,1,bca,642.6616772200043,642.5448197201448,-0.11685749985952043
164,bca/18/0,bca/0,18,2,nearest_recorded,650.6889182891389,642.16642162417,-8.522496664968912
164,bca/18/0,bca/0,18,3,uniform,663.1134075475958,664.6056512902715,1.4922437426756687
164,bca/18/0,bca/0,18,4,perturb_0.05_-1,642.2279063256242,641.3106460826231,-0.9172602430011239
164,bca/18/0,bca/0,18,5,perturb_0.05_+1,642.6635871244446,641.2600573993461,-1.4035297250984513
164,bca/18/0,bca/0,18,6,perturb_0.15_-1,641.9596968018085,642.3724935825398,0.4127967807313553
164,bca/18/0,bca/0,18,7,perturb_0.15_+1,642.3182937317978,641.276091354279,-1.0422023775188336
164,bca/18/0,bca/0,18,8,perturb_0.3_-1,642.6493800742621,642.347558275797,-0.3018217984650846
164,bca/18/0,bca/0,18,9,perturb_0.3_+1,643.5006883106937,640.9523261794211,-2.5483621312725973
165,bca/18/100,bca/100,18,0,host_reference,772.8444409196456,765.9705279331022,-6.873912986543473
165,bca/18/100,bca/100,18,1,bca,773.0788091664311,765.9994071247679,-7.079402041663229
165,bca/18/100,bca/100,18,2,nearest_recorded,773.1456123133111,764.5007575985373,-8.644854714773714
165,bca/18/100,bca/100,18,3,uniform,773.2133292402531,764.2906382551631,-8.922690985089957
165,bca/18/100,bca/100,18,4,perturb_0.05_-1,773.9821586303063,765.9444820398,-8.037676590506294
165,bca/18/100,bca/100,18,5,perturb_0.05_+1,773.240082845792,765.8429658183243,-7.397117027467743
165,bca/18/100,bca/100,18,6,perturb_0.15_-1,772.8087061716947,765.4842939345511,-7.32441223714352
165,bca/18/100,bca/100,18,7,perturb_0.15_+1,773.3423315868807,765.9382903823099,-7.404041204570831
165,bca/18/100,bca/100,18,8,perturb_0.3_-1,773.817674602714,765.5486795549608,-8.268995047753151
165,bca/18/100,bca/100,18,9,perturb_0.3_+1,773.5702661693798,766.3310028887283,-7.239263280651471
166,bca/19/0,bca/0,19,0,host_reference,645.2940354211572,641.7355421604683,-3.5584932606889197
166,bca/19/0,bca/0,19,1,bca,644.4057858687837,641.7535878745828,-2.6521979942009466
166,bca/19/0,bca/0,19,2,nearest_recorded,643.4795445393408,642.0452933194294,-1.4342512199114026
166,bca/19/0,bca/0,19,3,uniform,658.5711329238488,655.6346059383621,-2.9365269854866938
166,bca/19/0,bca/0,19,4,perturb_0.05_-1,644.4227956393795,641.5567309968322,-2.866064642547258
166,bca/19/0,bca/0,19,5,perturb_0.05_+1,644.2379165688426,641.9105817622643,-2.3273348065782784
166,bca/19/0,bca/0,19,6,perturb_0.15_-1,644.292537495462,641.7356450541513,-2.556892441310765
166,bca/19/0,bca/0,19,7,perturb_0.15_+1,644.5848892561082,642.0148748337898,-2.5700144223184225
166,bca/19/0,bca/0,19,8,perturb_0.3_-1,646.3423679365209,641.5443934695417,-4.797974466979213
166,bca/19/0,bca/0,19,9,perturb_0.3_+1,645.349692721246,641.7572784850533,-3.592414236192667
167,bca/19/100,bca/100,19,0,host_reference,768.0293353330462,760.4921174598642,-7.537217873182044
167,bca/19/100,bca/100,19,1,bca,767.7894938380668,760.3826904019744,-7.406803436092446
167,bca/19/100,bca/100,19,2,nearest_recorded,771.0438817092783,759.3159049717453,-11.727976737532913
167,bca/19/100,bca/100,19,3,uniform,768.0372208182446,760.065776661864,-7.971444156380585
167,bca/19/100,bca/100,19,4,perturb_0.05_-1,767.4728571904961,760.4627842524783,-7.010072938017856
167,bca/19/100,bca/100,19,5,perturb_0.05_+1,768.0602985845211,760.4895382337796,-7.570760350741466
167,bca/19/100,bca/100,19,6,perturb_0.15_-1,767.4707664246037,760.4651719539204,-7.005594470683263
167,bca/19/100,bca/100,19,7,perturb_0.15_+1,768.0868510219746,760.481319189796,-7.605531832178599
167,bca/19/100,bca/100,19,8,perturb_0.3_-1,767.483134705365,760.4667085394112,-7.016426165953817
167,bca/19/100,bca/100,19,9,perturb_0.3_+1,767.7876071899664,760.3624991525749,-7.42510803739151
168,bca/20/0,bca/0,20,0,host_reference,644.6009563285045,642.18688274332,-2.4140735851844966
168,bca/20/0,bca/0,20,1,bca,643.3108577733321,641.8582818857773,-1.4525758875548718
168,bca/20/0,bca/0,20,2,nearest_recorded,644.6445207574759,641.0695290853766,-3.5749916720992587
168,bca/20/0,bca/0,20,3,uniform,644.6199093294052,641.1484185889477,-3.4714907404575115
168,bca/20/0,bca/0,20,4,perturb_0.05_-1,643.2264442954935,641.7536185836766,-1.4728257118168813
168,bca/20/0,bca/0,20,5,perturb_0.05_+1,643.7344176129774,641.9183049793372,-1.8161126336401594
168,bca/20/0,bca/0,20,6,perturb_0.15_-1,642.947688622023,642.0337392366156,-0.9139493854073635
168,bca/20/0,bca/0,20,7,perturb_0.15_+1,645.6326797739235,641.1090744538116,-4.523605320111983
168,bca/20/0,bca/0,20,8,perturb_0.3_-1,642.5188703607676,642.2271780015665,-0.29169235920107894
168,bca/20/0,bca/0,20,9,perturb_0.3_+1,650.8348656302256,640.9734710517226,-9.861394578502996
169,bca/20/100,bca/100,20,0,host_reference,769.1639735409123,762.9240859213947,-6.2398876195175035
169,bca/20/100,bca/100,20,1,bca,771.4122742903961,762.729832533981,-8.682441756415074
169,bca/20/100,bca/100,20,2,nearest_recorded,768.4623881035596,758.9571597755726,-9.505228327987084
169,bca/20/100,bca/100,20,3,uniform,771.5787417574647,762.8080961369881,-8.770645620476671
169,bca/20/100,bca/100,20,4,perturb_0.05_-1,771.606452643159,762.859415862956,-8.747036780202961
169,bca/20/100,bca/100,20,5,perturb_0.05_+1,771.5044796620526,762.7760497858268,-8.728429876225846
169,bca/20/100,bca/100,20,6,perturb_0.15_-1,772.8965766352487,762.5949370089336,-10.301639626315136
169,bca/20/100,bca/100,20,7,perturb_0.15_+1,768.6267202468491,762.1224056501745,-6.50431459667459
169,bca/20/100,bca/100,20,8,perturb_0.3_-1,772.0067375216773,763.0138399968511,-8.992897524826276
169,bca/20/100,bca/100,20,9,perturb_0.3_+1,767.5755350187009,759.0530295136002,-8.52250550510064
170,bca/21/0,bca/0,21,0,host_reference,644.3531298996003,641.662303020039,-2.690826879561314
170,bca/21/0,bca/0,21,1,bca,644.0458927467017,641.7014786627103,-2.34441408399141
170,bca/21/0,bca/0,21,2,nearest_recorded,646.9581939602658,641.5909781893067,-5.367215770959092
170,bca/21/0,bca/0,21,3,uniform,663.9619862373728,664.7112952336546,0.7493089962817976
170,bca/21/0,bca/0,21,4,perturb_0.05_-1,644.4183373598966,641.4876833499814,-2.9306540099152016
170,bca/21/0,bca/0,21,5,perturb_0.05_+1,644.0466781167969,641.6930295867377,-2.3536485300592176
170,bca/21/0,bca/0,21,6,perturb_0.15_-1,647.4605796556198,641.6881659070605,-5.772413748559302
170,bca/21/0,bca/0,21,7,perturb_0.15_+1,642.766841069392,641.7031906714617,-1.063650397930246
170,bca/21/0,bca/0,21,8,perturb_0.3_-1,646.9874260563295,641.2283335976024,-5.759092458727082
170,bca/21/0,bca/0,21,9,perturb_0.3_+1,641.4881370225639,641.9039522282274,0.4158152056634208
171,bca/21/100,bca/100,21,0,host_reference,768.0778732073812,759.4386854995759,-8.639187707805377
171,bca/21/100,bca/100,21,1,bca,768.1118646812457,760.4725106613269,-7.639354019918869
171,bca/21/100,bca/100,21,2,nearest_recorded,771.1103607686058,759.3957470905956,-11.71461367801021
171,bca/21/100,bca/100,21,3,uniform,767.2860413669748,759.4291440036308,-7.856897363344046
171,bca/21/100,bca/100,21,4,perturb_0.05_-1,768.1085620740686,760.4614250754487,-7.647136998619885
171,bca/21/100,bca/100,21,5,perturb_0.05_+1,768.0490147871873,759.4170991432543,-8.631915643932984
171,bca/21/100,bca/100,21,6,perturb_0.15_-1,768.2123086060216,760.5225402770656,-7.689768328956006
171,bca/21/100,bca/100,21,7,perturb_0.15_+1,767.9896673267632,759.4090111119974,-8.580656214765781
171,bca/21/100,bca/100,21,8,perturb_0.3_-1,767.9407934338292,759.2832307574325,-8.657562676396651
171,bca/21/100,bca/100,21,9,perturb_0.3_+1,767.9338663432999,759.4758384353094,-8.458027907990527
172,bca/22/0,bca/0,22,0,host_reference,643.633274505869,641.1006739494687,-2.5326005564003253
172,bca/22/0,bca/0,22,1,bca,642.484802548785,642.5101932564914,0.02539070770649232
172,bca/22/0,bca/0,22,2,nearest_recorded,661.4441988084507,655.6748601172422,-5.769338691208418
172,bca/22/0,bca/0,22,3,uniform,652.1823771500405,643.6777597148626,-8.504617435177806
172,bca/22/0,bca/0,22,4,perturb_0.05_-1,643.3496520187938,641.0455268013685,-2.3041252174252804
172,bca/22/0,bca/0,22,5,perturb_0.05_+1,643.4313687503918,641.0442368374622,-2.38713191292959
172,bca/22/0,bca/0,22,6,perturb_0.15_-1,642.8869381528556,641.030766549289,-1.8561716035666223
172,bca/22/0,bca/0,22,7,perturb_0.15_+1,645.6621202933646,642.4474645786095,-3.2146557147551675
172,bca/22/0,bca/0,22,8,perturb_0.3_-1,644.0648688491788,641.1308844553788,-2.9339843937999603
172,bca/22/0,bca/0,22,9,perturb_0.3_+1,644.861227956676,642.1513966499914,-2.7098313066845776
173,bca/22/100,bca/100,22,0,host_reference,775.4191162105468,769.0650154711508,-6.354100739396017
173,bca/22/100,bca/100,22,1,bca,775.1893218064661,769.1931085499643,-5.996213256501733
173,bca/22/100,bca/100,22,2,nearest_recorded,775.1645198739111,769.1261660584192,-6.03835381549186
173,bca/22/100,bca/100,22,3,uniform,777.9490056797554,775.4019254512659,-2.547080228489449
173,bca/22/100,bca/100,22,4,perturb_0.05_-1,775.3467169407963,769.0117667440979,-6.334950196698401
173,bca/22/100,bca/100,22,5,perturb_0.05_+1,775.1527289072953,768.7394420324991,-6.413286874796199
173,bca/22/100,bca/100,22,6,perturb_0.15_-1,779.5678608980425,769.549477714711,-10.01838318333148
173,bca/22/100,bca/100,22,7,perturb_0.15_+1,775.0228901942338,768.7891224634465,-6.233767730787349
173,bca/22/100,bca/100,22,8,perturb_0.3_-1,779.7251541508192,771.308715378849,-8.416438771970206
173,bca/22/100,bca/100,22,9,perturb_0.3_+1,771.9267309945647,767.9240516899365,-4.0026793046281455
174,bca/23/0,bca/0,23,0,host_reference,644.760175150719,640.7841977351135,-3.9759774156054846
174,bca/23/0,bca/0,23,1,bca,644.2954257690684,640.7505563141617,-3.5448694549066886
174,bca/23/0,bca/0,23,2,nearest_recorded,656.8551517421355,645.0647597430898,-11.79039199904571
174,bca/23/0,bca/0,23,3,uniform,657.8421582138819,679.748533742516,21.906375528634044
174,bca/23/0,bca/0,23,4,perturb_0.05_-1,643.7730112975917,640.9574844679796,-2.815526829612054
174,bca/23/0,bca/0,23,5,perturb_0.05_+1,643.8729905214757,640.9629366687182,-2.910053852757528
174,bca/23/0,bca/0,23,6,perturb_0.15_-1,644.7618361475024,640.6580337265922,-4.103802420910256
174,bca/23/0,bca/0,23,7,perturb_0.15_+1,643.8507331537799,640.6545852061753,-3.1961479476045724
174,bca/23/0,bca/0,23,8,perturb_0.3_-1,646.7922491119492,640.5686298977654,-6.223619214183827
174,bca/23/0,bca/0,23,9,perturb_0.3_+1,644.1186511309431,640.440861319022,-3.677789811921116
175,bca/23/100,bca/100,23,0,host_reference,768.3034128851136,765.4974791850943,-2.8059337000192954
175,bca/23/100,bca/100,23,1,bca,768.0639630225962,763.9325208373513,-4.131442185244964
175,bca/23/100,bca/100,23,2,nearest_recorded,768.1121897898588,763.865039695166,-4.247150094692756
175,bca/23/100,bca/100,23,3,uniform,766.9041655427735,760.8030327092823,-6.101132833491192
175,bca/23/100,bca/100,23,4,perturb_0.05_-1,769.1745862742307,764.0030563241276,-5.1715299501031495
175,bca/23/100,bca/100,23,5,perturb_0.05_+1,767.1228362883966,764.1560157733693,-2.9668205150272797
175,bca/23/100,bca/100,23,6,perturb_0.15_-1,769.251253408834,765.2277020072141,-4.023551401619898
175,bca/23/100,bca/100,23,7,perturb_0.15_+1,767.0855336594203,761.3884928348078,-5.697040824612486
175,bca/23/100,bca/100,23,8,perturb_0.3_-1,766.1109149603409,765.1318178486013,-0.9790971117396339
175,bca/23/100,bca/100,23,9,perturb_0.3_+1,768.1548748155487,761.0345645031184,-7.12031031243032
176,bca/24/0,bca/0,24,0,host_reference,646.4765736576558,642.4078295034103,-4.068744154245451
176,bca/24/0,bca/0,24,1,bca,643.5048036149866,642.1731256640047,-1.3316779509818844
176,bca/24/0,bca/0,24,2,nearest_recorded,647.5341240915612,641.8385517993433,-5.695572292217889
176,bca/24/0,bca/0,24,3,uniform,665.5085420417544,662.6097871134903,-2.898754928264111
176,bca/24/0,bca/0,24,4,perturb_0.05_-1,647.2628672832363,641.0795184751141,-6.1833488081222185
176,bca/24/0,bca/0,24,5,perturb_0.05_+1,642.8162536692982,642.1130825653628,-0.7031711039354605
176,bca/24/0,bca/0,24,6,perturb_0.15_-1,652.8866072500435,642.7641238733288,-10.12248337671474
176,bca/24/0,bca/0,24,7,perturb_0.15_+1,642.7512608311225,642.8975377166097,0.14627688548716833
176,bca/24/0,bca/0,24,8,perturb_0.3_-1,659.9688700698961,659.7601296969125,-0.20874037298358417
176,bca/24/0,bca/0,24,9,perturb_0.3_+1,641.9135256175855,641.7795636133653,-0.1339620042201659
177,bca/24/100,bca/100,24,0,host_reference,767.7204263956754,759.3910533335368,-8.329373062138643
177,bca/24/100,bca/100,24,1,bca,767.742768164615,759.4388591260547,-8.303909038560278
177,bca/24/100,bca/100,24,2,nearest_recorded,771.0936528423352,759.5014447166641,-11.592208125671164
177,bca/24/100,bca/100,24,3,uniform,767.6219067143785,759.6860731050613,-7.935833609317228
177,bca/24/100,bca/100,24,4,perturb_0.05_-1,767.7104400638328,759.3592887515812,-8.351151312251659
177,bca/24/100,bca/100,24,5,perturb_0.05_+1,767.7527995843923,759.3904330102096,-8.362366574182715
177,bca/24/100,bca/100,24,6,perturb_0.15_-1,767.7320365001196,759.3627398552786,-8.369296644841029
177,bca/24/100,bca/100,24,7,perturb_0.15_+1,767.7956627824113,759.3609310931166,-8.434731689294722
177,bca/24/100,bca/100,24,8,perturb_0.3_-1,768.1324357658937,759.365672348911,-8.766763416982712
177,bca/24/100,bca/100,24,9,perturb_0.3_+1,767.6677487595235,759.5003224260249,-8.16742633349861
178,bca/25/0,bca/0,25,0,host_reference,644.1038330810266,643.8613622032867,-0.24247087773983367
178,bca/25/0,bca/0,25,1,bca,644.1075209510019,643.9589667927544,-0.14855415824752072
178,bca/25/0,bca/0,25,2,nearest_recorded,648.0152280675245,641.1993874770712,-6.815840590453263
178,bca/25/0,bca/0,25,3,uniform,647.665484485224,642.7235313346622,-4.941953150561858
178,bca/25/0,bca/0,25,4,perturb_0.05_-1,647.8633400585071,644.1267185688672,-3.7366214896399015
178,bca/25/0,bca/0,25,5,perturb_0.05_+1,644.6517128665972,643.4675241466678,-1.184188719929466
178,bca/25/0,bca/0,25,6,perturb_0.15_-1,647.3582775741417,643.1734571596473,-4.184820414494311
178,bca/25/0,bca/0,25,7,perturb_0.15_+1,642.8829815844466,643.7768781329465,0.8938965484999244
178,bca/25/0,bca/0,25,8,perturb_0.3_-1,648.3204156707495,641.6339631380291,-6.686452532720409
178,bca/25/0,bca/0,25,9,perturb_0.3_+1,642.8717926589686,642.8367520292504,-0.035040629718196215
179,bca/25/100,bca/100,25,0,host_reference,770.488446098323,763.4000842252174,-7.088361873105669
179,bca/25/100,bca/100,25,1,bca,767.6694401284271,764.4067266953006,-3.262713433126578
179,bca/25/100,bca/100,25,2,nearest_recorded,767.7642874409308,764.7552362976226,-3.009051143308284
179,bca/25/100,bca/100,25,3,uniform,767.2986310789953,764.6386947400052,-2.6599363389900645
179,bca/25/100,bca/100,25,4,perturb_0.05_-1,770.4352506791938,763.2949267806629,-7.140323898530937
179,bca/25/100,bca/100,25,5,perturb_0.05_+1,767.6549669807188,764.3972311904421,-3.2577357902766835
179,bca/25/100,bca/100,25,6,perturb_0.15_-1,770.417953518634,763.1352226922331,-7.282730826400893
179,bca/25/100,bca/100,25,7,perturb_0.15_+1,767.8130717766497,764.7549520837204,-3.058119692929381
179,bca/25/100,bca/100,25,8,perturb_0.3_-1,770.9193452139226,763.2245823233756,-7.694762890547054
179,bca/25/100,bca/100,25,9,perturb_0.3_+1,767.7564269950034,763.6367185293547,-4.119708465648728
180,bca/26/0,bca/0,26,0,host_reference,646.7046427352227,640.2570476574407,-6.447595077782012
180,bca/26/0,bca/0,26,1,bca,646.8827032478006,640.8515806506309,-6.031122597169656
180,bca/26/0,bca/0,26,2,nearest_recorded,646.5040842166337,642.4030297051904,-4.101054511443294
180,bca/26/0,bca/0,26,3,uniform,655.8025842166727,642.6111707127352,-13.191413503937497
180,bca/26/0,bca/0,26,4,perturb_0.05_-1,646.6956715027181,640.9693355681512,-5.726335934566919
180,bca/26/0,bca/0,26,5,perturb_0.05_+1,646.3927077187741,640.6208141445223,-5.771893574251749
180,bca/26/0,bca/0,26,6,perturb_0.15_-1,646.841310275583,641.7150359362518,-5.126274339331303
180,bca/26/0,bca/0,26,7,perturb_0.15_+1,647.0724047036852,640.6425919104094,-6.429812793275801
180,bca/26/0,bca/0,26,8,perturb_0.3_-1,647.0337610353498,641.7819786367191,-5.251782398630667
180,bca/26/0,bca/0,26,9,perturb_0.3_+1,650.3271134281446,640.4187692071425,-9.90834422100204
181,bca/26/100,bca/100,26,0,host_reference,766.5128940514626,763.0492026091803,-3.463691442282311
181,bca/26/100,bca/100,26,1,bca,766.4478689625636,762.9597076441697,-3.48816131839385
181,bca/26/100,bca/100,26,2,nearest_recorded,766.5199235958088,762.437745863007,-4.082177732801824
181,bca/26/100,bca/100,26,3,uniform,766.6980758141091,763.2108733099489,-3.487202504160223
181,bca/26/100,bca/100,26,4,perturb_0.05_-1,766.5163149890545,763.0627570707406,-3.4535579183138907
181,bca/26/100,bca/100,26,5,perturb_0.05_+1,766.5099135519065,763.0437702145612,-3.466143337345329
181,bca/26/100,bca/100,26,6,perturb_0.15_-1,766.5070393917483,763.0749289017903,-3.4321104899580632
181,bca/26/100,bca/100,26,7,perturb_0.15_+1,766.5084676582981,761.6021733465536,-4.906294311744432
181,bca/26/100,bca/100,26,8,perturb_0.3_-1,766.5014264589679,763.0992898813148,-3.4021365776530956
181,bca/26/100,bca/100,26,9,perturb_0.3_+1,766.4135941393129,764.4436272974782,-1.9699668418346619
182,bca/27/0,bca/0,27,0,host_reference,645.3665142214173,640.7505374614806,-4.615976759936757
182,bca/27/0,bca/0,27,1,bca,645.1566017842006,641.1210845743905,-4.035517209810109
182,bca/27/0,bca/0,27,2,nearest_recorded,647.7620429827556,641.8297037923517,-5.932339190403923
182,bca/27/0,bca/0,27,3,uniform,666.8985145616252,656.8042865336879,-10.094228027937334
182,bca/27/0,bca/0,27,4,perturb_0.05_-1,645.2854968690697,642.0247541354361,-3.260742733633606
182,bca/27/0,bca/0,27,5,perturb_0.05_+1,646.1323736773195,640.7446417022139,-5.387731975105567
182,bca/27/0,bca/0,27,6,perturb_0.15_-1,646.5342463850372,641.8632047909259,-4.67104159411133
182,bca/27/0,bca/0,27,7,perturb_0.15_+1,648.294032069116,640.9940806151933,-7.299951453922745
182,bca/27/0,bca/0,27,8,perturb_0.3_-1,647.4292052697349,641.7403456053096,-5.688859664425308
182,bca/27/0,bca/0,27,9,perturb_0.3_+1,655.0731858103492,641.7043580033654,-13.368827806983745
183,bca/27/100,bca/100,27,0,host_reference,776.6638395274211,766.19876486618,-10.465074661241147
183,bca/27/100,bca/100,27,1,bca,776.6243070304395,766.0877611003278,-10.536545930111629
183,bca/27/100,bca/100,27,2,nearest_recorded,773.548783546001,766.3602914978942,-7.188492048106809
183,bca/27/100,bca/100,27,3,uniform,769.531321967906,769.7912130708961,0.2598911029900819
183,bca/27/100,bca/100,27,4,perturb_0.05_-1,776.5465293369944,766.1919153710959,-10.354613965898466
183,bca/27/100,bca/100,27,5,perturb_0.05_+1,773.5162641986586,766.2763004602281,-7.239963738430561
183,bca/27/100,bca/100,27,6,perturb_0.15_-1,776.6524042132259,766.0002479184944,-10.652156294731412
183,bca/27/100,bca/100,27,7,perturb_0.15_+1,773.5488863525051,766.1958326699265,-7.3530536825785475
183,bca/27/100,bca/100,27,8,perturb_0.3_-1,776.5802878484693,766.0743405900936,-10.505947258375727
183,bca/27/100,bca/100,27,9,perturb_0.3_+1,773.5747818264269,766.3848689346196,-7.189912891807353
184,bca/28/0,bca/0,28,0,host_reference,646.8783851178933,641.550695190378,-5.327689927515394
184,bca/28/0,bca/0,28,1,bca,646.8233726787447,641.7250871228066,-5.098285555938105
184,bca/28/0,bca/0,28,2,nearest_recorded,646.6937782416816,641.4961236824507,-5.197654559230841
184,bca/28/0,bca/0,28,3,uniform,646.8320145230269,641.3377509208411,-5.494263602185811
184,bca/28/0,bca/0,28,4,perturb_0.05_-1,647.164111693967,641.4161258980255,-5.747985795941531
184,bca/28/0,bca/0,28,5,perturb_0.05_+1,646.1267630374165,641.2561128762445,-4.870650161171966
184,bca/28/0,bca/0,28,6,perturb_0.15_-1,646.823265314008,642.2694787006927,-4.55378661331531
184,bca/28/0,bca/0,28,7,perturb_0.15_+1,646.6905296999072,641.3516740417642,-5.338855658142961
184,bca/28/0,bca/0,28,8,perturb_0.3_-1,646.8141642617403,643.0873217587371,-3.7268425030032404
184,bca/28/0,bca/0,28,9,perturb_0.3_+1,647.146325824657,640.0205736897012,-7.125752134955746
185,bca/28/100,bca/100,28,0,host_reference,765.2635877379572,762.6505165530284,-2.613071184928799
185,bca/28/100,bca/100,28,1,bca,765.2529736531485,762.4228132992444,-2.830160353904148
185,bca/28/100,bca/100,28,2,nearest_recorded,765.6996220303502,763.0576102365447,-2.642011793805409
185,bca/28/100,bca/100,28,3,uniform,770.4024673599986,766.8213856318117,-3.5810817281868594
185,bca/28/100,bca/100,28,4,perturb_0.05_-1,765.4756756559543,765.9001316333802,0.4244559774258505
185,bca/28/100,bca/100,28,5,perturb_0.05_+1,765.2625873891329,762.388081258586,-2.8745061305469335
185,bca/28/100,bca/100,28,6,perturb_0.15_-1,765.2742784567289,765.5580000808841,0.2837216241551914
185,bca/28/100,bca/100,28,7,perturb_0.15_+1,765.6980014731691,763.7462652677917,-1.951736205377415
185,bca/28/100,bca/100,28,8,perturb_0.3_-1,765.4827747673388,768.600797695933,3.1180229285942005
185,bca/28/100,bca/100,28,9,perturb_0.3_+1,765.2374351703053,763.435378460788,-1.8020567095172737
186,bca/29/0,bca/0,29,0,host_reference,650.4029579427812,642.6485601636198,-7.7543977791614225
186,bca/29/0,bca/0,29,1,bca,649.9653465698403,642.0266707732686,-7.938675796571715
186,bca/29/0,bca/0,29,2,nearest_recorded,662.8103315292484,651.2617947747342,-11.548536754514203
186,bca/29/0,bca/0,29,3,uniform,665.9302505062597,653.5132277789949,-12.417022727264794
186,bca/29/0,bca/0,29,4,perturb_0.05_-1,649.8923674311837,643.4067295326935,-6.485637898490268
186,bca/29/0,bca/0,29,5,perturb_0.05_+1,651.6973100070986,644.7272704863241,-6.970039520774549
186,bca/29/0,bca/0,29,6,perturb_0.15_-1,646.9877905376309,641.7858484034286,-5.201942134202227
186,bca/29/0,bca/0,29,7,perturb_0.15_+1,654.371210581629,644.5010335870154,-9.870176994613644
186,bca/29/0,bca/0,29,8,perturb_0.3_-1,646.4222805175274,641.7121978353982,-4.710082682129155
186,bca/29/0,bca/0,29,9,perturb_0.3_+1,659.0910895742434,645.5787588405402,-13.512330733703152
187,bca/29/100,bca/100,29,0,host_reference,769.5888728303465,770.8437780443343,1.2549052139877404
187,bca/29/100,bca/100,29,1,bca,770.0859118284156,770.7809182840718,0.6950064556561983
187,bca/29/100,bca/100,29,2,nearest_recorded,769.4259257982857,770.9562029069272,1.530277108641485
187,bca/29/100,bca/100,29,3,uniform,769.615945509511,770.993010257355,1.3770647478439741
187,bca/29/100,bca/100,29,4,perturb_0.05_-1,769.6799121170759,770.8386981286199,1.1587860115439526
187,bca/29/100,bca/100,29,5,perturb_0.05_+1,770.0521467853199,770.8279500351051,0.7758032497852128
187,bca/29/100,bca/100,29,6,perturb_0.15_-1,770.0164961112538,770.8323975899514,0.8159014786975831
187,bca/29/100,bca/100,29,7,perturb_0.15_+1,769.8234718533452,770.8852657991742,1.0617939458290948
187,bca/29/100,bca/100,29,8,perturb_0.3_-1,770.2314954805984,770.926706637764,0.6952111571656587
187,bca/29/100,bca/100,29,9,perturb_0.3_+1,769.6036259004309,770.7883039837817,1.184678083350832
188,bca/30/0,bca/0,30,0,host_reference,647.6438363269525,641.7640082718746,-5.879828055077951
188,bca/30/0,bca/0,30,1,bca,648.0714084686899,641.7287914127002,-6.342617055989763
188,bca/30/0,bca/0,30,2,nearest_recorded,661.5708508124184,649.7585603245154,-11.812290487902942
188,bca/30/0,bca/0,30,3,uniform,646.8243068110606,641.8509067930406,-4.9734000180200155
188,bca/30/0,bca/0,30,4,perturb_0.05_-1,647.7563807682533,641.4403498013154,-6.316030966937888
188,bca/30/0,bca/0,30,5,perturb_0.05_+1,647.9176830439601,641.6673532819425,-6.2503297620176
188,bca/30/0,bca/0,30,6,perturb_0.15_-1,650.4831752214662,641.643675973572,-8.839499247894196
188,bca/30/0,bca/0,30,7,perturb_0.15_+1,647.1073540327277,641.9566394048335,-5.150714627894217
188,bca/30/0,bca/0,30,8,perturb_0.3_-1,654.8041566474144,642.4722226105708,-12.331934036843563
188,bca/30/0,bca/0,30,9,perturb_0.3_+1,647.0704693566211,641.876667560616,-5.193801796005005
189,bca/30/100,bca/100,30,0,host_reference,765.345350665961,763.9752430194153,-1.370107646545648
189,bca/30/100,bca/100,30,1,bca,765.2297571026572,763.5569133715517,-1.6728437311055586
189,bca/30/100,bca/100,30,2,nearest_recorded,765.1219424138644,764.0772205872095,-1.0447218266549498
189,bca/30/100,bca/100,30,3,uniform,767.6291125528401,763.2285156248768,-4.400596927963306
189,bca/30/100,bca/100,30,4,perturb_0.05_-1,765.0907223740423,763.953838623233,-1.1368837508093748
189,bca/30/100,bca/100,30,5,perturb_0.05_+1,765.3690833905855,763.8785678877471,-1.4905155028384343
189,bca/30/100,bca/100,30,6,perturb_0.15_-1,765.9166107286167,763.7701884363781,-2.146422292238526
189,bca/30/100,bca/100,30,7,perturb_0.15_+1,765.8028595075734,763.5806397814354,-2.2222197261380643
189,bca/30/100,bca/100,30,8,perturb_0.3_-1,765.9916349615278,763.4977620203285,-2.4938729411992426
189,bca/30/100,bca/100,30,9,perturb_0.3_+1,765.7833527924039,763.7880376316722,-1.9953151607317068
190,bca/31/0,bca/0,31,0,host_reference,645.4379876950004,640.8342264535613,-4.603761241439088
190,bca/31/0,bca/0,31,1,bca,643.0069400087813,640.8004184742093,-2.206521534571948
190,bca/31/0,bca/0,31,2,nearest_recorded,647.3376443651329,641.5176321692206,-5.820012195912227
190,bca/31/0,bca/0,31,3,uniform,645.9864040861858,640.9233008066351,-5.06310327955066
190,bca/31/0,bca/0,31,4,perturb_0.05_-1,643.2230845691226,640.8414950540196,-2.3815895151030873
190,bca/31/0,bca/0,31,5,perturb_0.05_+1,646.6680492039087,641.5450403958142,-5.1230088080944824
190,bca/31/0,bca/0,31,6,perturb_0.15_-1,642.5834067554429,641.6353336724942,-0.9480730829486674
190,bca/31/0,bca/0,31,7,perturb_0.15_+1,648.8466444049858,642.1305440593003,-6.716100345685504
190,bca/31/0,bca/0,31,8,perturb_0.3_-1,641.6036443490522,640.4120068450603,-1.191637503991842
190,bca/31/0,bca/0,31,9,perturb_0.3_+1,649.2600971173136,641.6303255690998,-7.629771548213853
191,bca/31/100,bca/100,31,0,host_reference,768.3786607607751,764.0634938706391,-4.31516689013597
191,bca/31/100,bca/100,31,1,bca,771.2844000843954,759.4748333106303,-11.809566773765141
191,bca/31/100,bca/100,31,2,nearest_recorded,772.7962145748002,759.3609042086276,-13.43531036617253
191,bca/31/100,bca/100,31,3,uniform,772.812802735635,772.7267351426547,-0.08606759298038469
191,bca/31/100,bca/100,31,4,perturb_0.05_-1,771.3741211578133,760.404775710325,-10.969345447488308
191,bca/31/100,bca/100,31,5,perturb_0.05_+1,768.8036190292817,759.5658001897698,-9.237818839511874
191,bca/31/100,bca/100,31,6,perturb_0.15_-1,768.5330714723428,761.0980909530518,-7.434980519291003
191,bca/31/100,bca/100,31,7,perturb_0.15_+1,771.6856243432684,759.2633388170747,-12.422285526193718
191,bca/31/100,bca/100,31,8,perturb_0.3_-1,768.6027068944563,760.9233109036533,-7.679395990803073
191,bca/31/100,bca/100,31,9,perturb_0.3_+1,768.6552588429596,759.5334954291594,-9.121763413800181
192,bca/32/0,bca/0,32,0,host_reference,645.1915099420446,642.5861868866225,-2.6053230554221045
192,bca/32/0,bca/0,32,1,bca,644.6016407244416,642.873730807,-1.7279099174415933
192,bca/32/0,bca/0,32,2,nearest_recorded,643.6818918231274,642.5069369523769,-1.1749548707505255
192,bca/32/0,bca/0,32,3,uniform,660.1176876142989,660.6323067443869,0.5146191300880218
192,bca/32/0,bca/0,32,4,perturb_0.05_-1,644.6014243696372,642.8586494609489,-1.742774908688375
192,bca/32/0,bca/0,32,5,perturb_0.05_+1,645.3881769244518,641.3890985476634,-3.999078376788475
192,bca/32/0,bca/0,32,6,perturb_0.15_-1,644.7328602799502,641.4350267431594,-3.2978335367907903
192,bca/32/0,bca/0,32,7,perturb_0.15_+1,644.8357204564475,641.6475658191736,-3.1881546372738967
192,bca/32/0,bca/0,32,8,perturb_0.3_-1,643.6675865330247,641.4739821512262,-2.1936043817985365
192,bca/32/0,bca/0,32,9,perturb_0.3_+1,649.5125689008128,641.71986971132,-7.792699189492737
193,bca/32/100,bca/100,32,0,host_reference,787.0358040239238,787.8274720480364,0.791668024112596
193,bca/32/100,bca/100,32,1,bca,787.0306444362681,787.8403727854059,0.8097283491377993
193,bca/32/100,bca/100,32,2,nearest_recorded,786.934100729197,787.72311499708,0.7890142678829761
193,bca/32/100,bca/100,32,3,uniform,784.8561205540622,773.0289038823163,-11.827216671745873
193,bca/32/100,bca/100,32,4,perturb_0.05_-1,786.9962498239122,787.7911576986464,0.7949078747342355
193,bca/32/100,bca/100,32,5,perturb_0.05_+1,786.9432216592992,787.7044679204724,0.7612462611732553
193,bca/32/100,bca/100,32,6,perturb_0.15_-1,786.8420082181565,787.8309750342096,0.9889668160531073
193,bca/32/100,bca/100,32,7,perturb_0.15_+1,786.9686481964376,787.7747313074728,0.8060831110352638
193,bca/32/100,bca/100,32,8,perturb_0.3_-1,786.6060351511622,787.628617512442,1.022582361279774
193,bca/32/100,bca/100,32,9,perturb_0.3_+1,786.6122123904202,787.2629718430269,0.6507594526067351
194,bca/33/0,bca/0,33,0,host_reference,649.1932635385924,641.7096907354046,-7.483572803187826
194,bca/33/0,bca/0,33,1,bca,647.9976227419115,641.642771821779,-6.354850920132549
194,bca/33/0,bca/0,33,2,nearest_recorded,648.208486267182,641.879776419371,-6.328709847811069
194,bca/33/0,bca/0,33,3,uniform,659.2561710605978,647.4126585242069,-11.843512536390904
194,bca/33/0,bca/0,33,4,perturb_0.05_-1,648.072941033587,641.4743556400041,-6.59858539358288
194,bca/33/0,bca/0,33,5,perturb_0.05_+1,651.1681412568817,642.2114746774618,-8.956666579419903
194,bca/33/0,bca/0,33,6,perturb_0.15_-1,647.4547801974006,641.600844693358,-5.853935504042624
194,bca/33/0,bca/0,33,7,perturb_0.15_+1,654.451454384921,642.7453383871656,-11.706115997755433
194,bca/33/0,bca/0,33,8,perturb_0.3_-1,644.692795655076,641.3907292824267,-3.3020663726492785
194,bca/33/0,bca/0,33,9,perturb_0.3_+1,655.5837610205695,643.2783856085788,-12.305375411990667
195,bca/33/100,bca/100,33,0,host_reference,768.8821697123922,766.9953429889996,-1.8868267233925735
195,bca/33/100,bca/100,33,1,bca,769.3905933637627,764.9768631566369,-4.413730207125809
195,bca/33/100,bca/100,33,2,nearest_recorded,769.042623751019,765.2097820471588,-3.832841703860254
195,bca/33/100,bca/100,33,3,uniform,768.6932386967893,765.2913803177183,-3.4018583790709727
195,bca/33/100,bca/100,33,4,perturb_0.05_-1,769.1877660221757,764.9292582756,-4.258507746575674
195,bca/33/100,bca/100,33,5,perturb_0.05_+1,768.7597416148857,766.938055114631,-1.8216865002547138
195,bca/33/100,bca/100,33,6,perturb_0.15_-1,767.0767633691726,764.8331852214119,-2.2435781477606724
195,bca/33/100,bca/100,33,7,perturb_0.15_+1,768.7807210281787,767.3824849767938,-1.3982360513849699
195,bca/33/100,bca/100,33,8,perturb_0.3_-1,767.1209696338695,766.8854070247544,-0.23556260911516347
195,bca/33/100,bca/100,33,9,perturb_0.3_+1,767.9377503753379,765.2231386394374,-2.7146117359005757
196,bca/34/0,bca/0,34,0,host_reference,649.9843211291586,641.9739641253691,-8.010357003789522
196,bca/34/0,bca/0,34,1,bca,648.7846434295668,640.6737393861824,-8.11090404338438
196,bca/34/0,bca/0,34,2,nearest_recorded,656.7321502824666,642.5891867781357,-14.14296350433085
196,bca/34/0,bca/0,34,3,uniform,668.367047410406,650.4437260262785,-17.923321384127576
196,bca/34/0,bca/0,34,4,perturb_0.05_-1,653.8850708779037,642.6676698705395,-11.217401007364174
196,bca/34/0,bca/0,34,5,perturb_0.05_+1,646.6309803545034,640.3733320011486,-6.257648353354853
196,bca/34/0,bca/0,34,6,perturb_0.15_-1,665.6462751243866,650.5749847310084,-15.071290393378263
196,bca/34/0,bca/0,34,7,perturb_0.15_+1,647.0024291613076,643.0845254567123,-3.9179037045953464
196,bca/34/0,bca/0,34,8,perturb_0.3_-1,668.079592100205,659.8655816801743,-8.214010420030718
196,bca/34/0,bca/0,34,9,perturb_0.3_+1,647.1618789393337,641.725420255785,-5.436458683548722
197,bca/34/100,bca/100,34,0,host_reference,771.9276600530503,764.2163272936499,-7.71133275940042
197,bca/34/100,bca/100,34,1,bca,771.899625830933,764.2956382566804,-7.603987574252642
197,bca/34/100,bca/100,34,2,nearest_recorded,771.9836671059256,763.6161961405769,-8.36747096534873
197,bca/34/100,bca/100,34,3,uniform,773.4708329191228,764.0173811460162,-9.453451773106622
197,bca/34/100,bca/100,34,4,perturb_0.05_-1,771.88786613788,764.235664387232,-7.652201750648032
197,bca/34/100,bca/100,34,5,perturb_0.05_+1,772.1849723812796,764.064474003078,-8.12049837820166
197,bca/34/100,bca/100,34,6,perturb_0.15_-1,771.652338744665,764.447527795035,-7.204810949630087
197,bca/34/100,bca/100,34,7,perturb_0.15_+1,772.313429570264,766.1009649417366,-6.212464628527414
197,bca/34/100,bca/100,34,8,perturb_0.3_-1,771.6514975870097,768.2749874894666,-3.3765100975430187
197,bca/34/100,bca/100,34,9,perturb_0.3_+1,772.4896592624095,765.4217510898234,-7.067908172586158
198,bca/35/0,bca/0,35,0,host_reference,643.7028787898334,641.2889816355511,-2.413897154282381
198,bca/35/0,bca/0,35,1,bca,643.3935329329572,641.1148870934273,-2.2786458395298723
198,bca/35/0,bca/0,35,2,nearest_recorded,649.5178044978128,641.4060261949805,-8.11177830283225
198,bca/35/0,bca/0,35,3,uniform,664.857347372448,661.7178352067604,-3.13951216568762
198,bca/35/0,bca/0,35,4,perturb_0.05_-1,642.5793068457323,640.789260595692,-1.790046250040291
198,bca/35/0,bca/0,35,5,perturb_0.05_+1,645.2542250328005,641.4212179051445,-3.8330071276559465
198,bca/35/0,bca/0,35,6,perturb_0.15_-1,642.1063338474132,641.900618975143,-0.20571487227027774
198,bca/35/0,bca/0,35,7,perturb_0.15_+1,657.4305685841412,642.8887645030212,-14.541804081119949
198,bca/35/0,bca/0,35,8,perturb_0.3_-1,641.243502012983,641.9200527004227,0.6765506874397715
198,bca/35/0,bca/0,35,9,perturb_0.3_+1,660.6706326798092,651.1010997240463,-9.569532955762838
199,bca/35/100,bca/100,35,0,host_reference,772.0950951371577,760.4382032789051,-11.656891858252607
199,bca/35/100,bca/100,35,1,bca,772.8324455753382,760.5982041790242,-12.234241396314019
199,bca/35/100,bca/100,35,2,nearest_recorded,773.3402951806653,759.5832038568636,-13.75709132380166
199,bca/35/100,bca/100,35,3,uniform,773.7375877582612,763.7077457570398,-10.029842001221368
199,bca/35/100,bca/100,35,4,perturb_0.05_-1,772.8086753491344,760.5852983321472,-12.223377016987229
199,bca/35/100,bca/100,35,5,perturb_0.05_+1,771.7826657951454,760.6629129433752,-11.119752851770158
199,bca/35/100,bca/100,35,6,perturb_0.15_-1,773.049535249785,763.7769049391953,-9.272630310589648
199,bca/35/100,bca/100,35,7,perturb_0.15_+1,771.9518137285731,760.605437622487,-11.346376106086154
199,bca/35/100,bca/100,35,8,perturb_0.3_-1,772.8328844966364,764.701226480029,-8.131658016607389
199,bca/35/100,bca/100,35,9,perturb_0.3_+1,768.8355959551292,759.5817895396281,-9.253806415501117
200,bca/36/0,bca/0,36,0,host_reference,645.4363665551022,641.1343809388859,-4.301985616216257
200,bca/36/0,bca/0,36,1,bca,645.3845618122064,640.6980953254454,-4.686466486760992
200,bca/36/0,bca/0,36,2,nearest_recorded,646.6152260717795,640.8622183895783,-5.753007682201201
200,bca/36/0,bca/0,36,3,uniform,646.7813399941392,641.4396061360379,-5.341733858101293
200,bca/36/0,bca/0,36,4,perturb_0.05_-1,645.675114901403,640.4564387334814,-5.2186761679216715
200,bca/36/0,bca/0,36,5,perturb_0.05_+1,645.3424809383619,640.4691030248345,-4.873377913527406
200,bca/36/0,bca/0,36,6,perturb_0.15_-1,646.2676271376907,640.5470639617835,-5.720563175907273
200,bca/36/0,bca/0,36,7,perturb_0.15_+1,646.2134064012258,641.1446707490743,-5.068735652151531
200,bca/36/0,bca/0,36,8,perturb_0.3_-1,646.3610375206695,641.1540559718705,-5.206981548798922
200,bca/36/0,bca/0,36,9,perturb_0.3_+1,645.5378325388201,640.9562582875774,-4.581574251242728
201,bca/36/100,bca/100,36,0,host_reference,766.7446641498117,763.2314913830705,-3.5131727667411496
201,bca/36/100,bca/100,36,1,bca,766.745083510526,763.2733628731122,-3.471720637413796
201,bca/36/100,bca/100,36,2,nearest_recorded,766.8671637738082,763.2173906002388,-3.6497731735694288
201,bca/36/100,bca/100,36,3,uniform,766.636222217598,765.7234728187658,-0.9127493988321476
201,bca/36/100,bca/100,36,4,perturb_0.05_-1,766.6088805361858,765.1617174825398,-1.4471630536460225
201,bca/36/100,bca/100,36,5,perturb_0.05_+1,766.737124217659,763.3025596642545,-3.4345645534044706
201,bca/36/100,bca/100,36,6,perturb_0.15_-1,766.8653621846049,763.2194432094592,-3.645918975145719
201,bca/36/100,bca/100,36,7,perturb_0.15_+1,766.465833684381,762.8019299875416,-3.663903696839384
201,bca/36/100,bca/100,36,8,perturb_0.3_-1,766.1350492216661,763.7315029788724,-2.403546242793709
201,bca/36/100,bca/100,36,9,perturb_0.3_+1,766.8789093576269,762.8554557664405,-4.023453591186353
202,bca/37/0,bca/0,37,0,host_reference,644.3428152053629,642.1530007713726,-2.18981443399025
202,bca/37/0,bca/0,37,1,bca,644.0968000812794,641.4438242664252,-2.652975814854244
202,bca/37/0,bca/0,37,2,nearest_recorded,644.4775779018552,641.3200304947419,-3.1575474071132703
202,bca/37/0,bca/0,37,3,uniform,659.2377687244532,661.6700845440726,2.4323158196193617
202,bca/37/0,bca/0,37,4,perturb_0.05_-1,644.9570094680454,642.5573871722279,-2.399622295817494
202,bca/37/0,bca/0,37,5,perturb_0.05_+1,643.9168148525862,642.7451264320065,-1.1716884205796987
202,bca/37/0,bca/0,37,6,perturb_0.15_-1,644.6008087925105,641.2386560211313,-3.3621527713792148
202,bca/37/0,bca/0,37,7,perturb_0.15_+1,643.9688487840197,641.3297872023915,-2.639061581628198
202,bca/37/0,bca/0,37,8,perturb_0.3_-1,644.2601817107034,641.4942749683804,-2.7659067423229544
202,bca/37/0,bca/0,37,9,perturb_0.3_+1,642.9607371596863,641.7465859377726,-1.2141512219137667
203,bca/37/100,bca/100,37,0,host_reference,771.9660722827127,777.7542499845769,5.788177701864129
203,bca/37/100,bca/100,37,1,bca,772.0965974058564,777.7377539729564,5.6411565670999835
203,bca/37/100,bca/100,37,2,nearest_recorded,773.9531582325794,787.7184099173277,13.76525168474825
203,bca/37/100,bca/100,37,3,uniform,772.1445887439273,776.5123644017,4.367775657772654
203,bca/37/100,bca/100,37,4,perturb_0.05_-1,771.9873979775351,777.7552448332198,5.767846855684638
203,bca/37/100,bca/100,37,5,perturb_0.05_+1,771.9609608169476,777.7407244786249,5.779763661677293
203,bca/37/100,bca/100,37,6,perturb_0.15_-1,772.1365076476446,777.7469950708754,5.610487423230779
203,bca/37/100,bca/100,37,7,perturb_0.15_+1,771.9225834630026,777.7434894536071,5.820905990604501
203,bca/37/100,bca/100,37,8,perturb_0.3_-1,772.2167745073034,777.6771738797331,5.46039937242972
203,bca/37/100,bca/100,37,9,perturb_0.3_+1,771.8101576517314,777.6837961378992,5.873638486167806
204,bca/38/0,bca/0,38,0,host_reference,647.2134616200495,642.0762139736356,-5.137247646413925
204,bca/38/0,bca/0,38,1,bca,647.6710418259761,642.3828288869348,-5.288212939041273
204,bca/38/0,bca/0,38,2,nearest_recorded,651.7682861598339,643.6571653164654,-8.111120843368553
204,bca/38/0,bca/0,38,3,uniform,664.8162646842187,662.1471865070057,-2.6690781772130094
204,bca/38/0,bca/0,38,4,perturb_0.05_-1,646.8822719444179,641.1211199719146,-5.761151972503285
204,bca/38/0,bca/0,38,5,perturb_0.05_+1,645.6626282193276,642.4525742288744,-3.210053990453275
204,bca/38/0,bca/0,38,6,perturb_0.15_-1,646.4209771888922,641.2592331731446,-5.1617440157475585
204,bca/38/0,bca/0,38,7,perturb_0.15_+1,648.4302211549623,642.2873309723728,-6.14289018258944
204,bca/38/0,bca/0,38,8,perturb_0.3_-1,647.5833139875807,640.9513266355925,-6.631987351988187
204,bca/38/0,bca/0,38,9,perturb_0.3_+1,653.3551874285495,642.0289120439219,-11.326275384627593
205,bca/38/100,bca/100,38,0,host_reference,771.2070803982288,774.9148792678345,3.7077988696057673
205,bca/38/100,bca/100,38,1,bca,771.2140421774741,774.9232863101013,3.709244132627191
205,bca/38/100,bca/100,38,2,nearest_recorded,775.5662889331104,776.9227316287196,1.3564426956091893
205,bca/38/100,bca/100,38,3,uniform,771.9891014033273,772.2807627148245,0.2916613114972506
205,bca/38/100,bca/100,38,4,perturb_0.05_-1,771.2200281076371,774.9332978342061,3.713269726569024
205,bca/38/100,bca/100,38,5,perturb_0.05_+1,771.1897451299475,774.82254022548,3.632795095532515
205,bca/38/100,bca/100,38,6,perturb_0.15_-1,771.3045462294335,776.9601130658481,5.65556683641455
205,bca/38/100,bca/100,38,7,perturb_0.15_+1,771.8726245519651,774.7383142204283,2.8656896684631192
205,bca/38/100,bca/100,38,8,perturb_0.3_-1,771.5479035673806,776.8604768924555,5.312573325074936
205,bca/38/100,bca/100,38,9,perturb_0.3_+1,771.7820988722366,774.6788233278733,2.8967244556366722
206,bca/39/0,bca/0,39,0,host_reference,649.9021446973746,641.7303128924528,-8.171831804921794
206,bca/39/0,bca/0,39,1,bca,649.7704089043148,641.2485291961076,-8.521879708207166
206,bca/39/0,bca/0,39,2,nearest_recorded,649.2990030181119,641.4238088845509,-7.875194133560967
206,bca/39/0,bca/0,39,3,uniform,661.4204025632602,645.1485468646378,-16.271855698622403
206,bca/39/0,bca/0,39,4,perturb_0.05_-1,650.1086524931737,640.9242243342798,-9.18442815889398
206,bca/39/0,bca/0,39,5,perturb_0.05_+1,654.040576660263,641.5926131727438,-12.447963487519246
206,bca/39/0,bca/0,39,6,perturb_0.15_-1,648.9569756497485,641.0803755815489,-7.87660006819965
206,bca/39/0,bca/0,39,7,perturb_0.15_+1,655.9476991009611,642.5586821257979,-13.389016975163258
206,bca/39/0,bca/0,39,8,perturb_0.3_-1,648.8031931339219,641.6655350748691,-7.1376580590527965
206,bca/39/0,bca/0,39,9,perturb_0.3_+1,660.0164570882149,649.6300094708838,-10.3864476173311
207,bca/39/100,bca/100,39,0,host_reference,769.3149799633414,766.7078276727906,-2.6071522905508573
207,bca/39/100,bca/100,39,1,bca,769.2671552333719,766.7409137150502,-2.52624151832174
207,bca/39/100,bca/100,39,2,nearest_recorded,769.5519780335436,765.0639613361355,-4.488016697408057
207,bca/39/100,bca/100,39,3,uniform,771.8355393383029,767.467325619582,-4.368213718720881
207,bca/39/100,bca/100,39,4,perturb_0.05_-1,769.2652334143803,766.7851022154063,-2.4801311989740498
207,bca/39/100,bca/100,39,5,perturb_0.05_+1,769.3726018627054,764.8588335134132,-4.513768349292263
207,bca/39/100,bca/100,39,6,perturb_0.15_-1,769.2908033009837,766.8355262071622,-2.4552770938215644
207,bca/39/100,bca/100,39,7,perturb_0.15_+1,769.4842790378859,766.7942616638016,-2.6900173740842774
207,bca/39/100,bca/100,39,8,perturb_0.3_-1,766.9820775875971,766.5239976863618,-0.4580799012353509
207,bca/39/100,bca/100,39,9,perturb_0.3_+1,769.6651239806738,766.4729213149421,-3.1922026657316565
208,bca/40/0,bca/0,40,0,host_reference,646.9988831400224,641.6831502070518,-5.3157329329706045
208,bca/40/0,bca/0,40,1,bca,647.8438435833846,642.3665811217727,-5.477262461611872
208,bca/40/0,bca/0,40,2,nearest_recorded,646.7813888757366,642.1295602443513,-4.651828631385342
208,bca/40/0,bca/0,40,3,uniform,663.5374192958227,656.3481285583224,-7.189290737500301
208,bca/40/0,bca/0,40,4,perturb_0.05_-1,647.3772702175587,641.9466529145002,-5.430617303058511
208,bca/40/0,bca/0,40,5,perturb_0.05_+1,650.0816732555896,641.7566450084578,-8.325028247131854
208,bca/40/0,bca/0,40,6,perturb_0.15_-1,647.2844683244253,642.2705401669631,-5.01392815746226
208,bca/40/0,bca/0,40,7,perturb_0.15_+1,653.5430919809933,643.0932097968478,-10.449882184145508
208,bca/40/0,bca/0,40,8,perturb_0.3_-1,647.8674705765462,642.7082109040005,-5.1592596725457724
208,bca/40/0,bca/0,40,9,perturb_0.3_+1,665.4195719790773,646.7030050395929,-18.716566939484437
209,bca/40/100,bca/100,40,0,host_reference,768.625753122881,770.4170574691354,1.791304346254492
209,bca/40/100,bca/100,40,1,bca,768.5594877419952,770.850670575507,2.2911828335118116
209,bca/40/100,bca/100,40,2,nearest_recorded,768.8279037427,770.0672056786505,1.2393019359504933
209,bca/40/100,bca/100,40,3,uniform,767.678770419516,767.1574918061684,-0.5212786133475902
209,bca/40/100,bca/100,40,4,perturb_0.05_-1,768.5779325933804,770.8447206625495,2.266788069169138
209,bca/40/100,bca/100,40,5,perturb_0.05_+1,768.6651030071977,770.4064561945121,1.7413531873144166
209,bca/40/100,bca/100,40,6,perturb_0.15_-1,770.9727354985573,770.9039449594611,-0.0687905390961987
209,bca/40/100,bca/100,40,7,perturb_0.15_+1,768.750440767493,770.2117591262646,1.461318358771564
209,bca/40/100,bca/100,40,8,perturb_0.3_-1,770.7784477157225,771.034776814836,0.2563290991136
209,bca/40/100,bca/100,40,9,perturb_0.3_+1,768.9367726173788,769.9038886449797,0.9671160276009232
210,bca/41/0,bca/0,41,0,host_reference,647.1042625032534,640.5009122370815,-6.603350266171901
210,bca/41/0,bca/0,41,1,bca,647.0482051539162,640.244717274573,-6.803487879343265
210,bca/41/0,bca/0,41,2,nearest_recorded,648.8958199320599,641.0253370880533,-7.870482844006574
210,bca/41/0,bca/0,41,3,uniform,646.8237649707614,641.5723812559345,-5.251383714826943
210,bca/41/0,bca/0,41,4,perturb_0.05_-1,647.2327878529137,640.9576814174441,-6.275106435469638
210,bca/41/0,bca/0,41,5,perturb_0.05_+1,646.7190948717348,641.0802348632234,-5.638860008511415
210,bca/41/0,bca/0,41,6,perturb_0.15_-1,652.4819801050262,639.1656772839725,-13.316302821053682
210,bca/41/0,bca/0,41,7,perturb_0.15_+1,644.985496189276,641.5840887087509,-3.4014074805251084
210,bca/41/0,bca/0,41,8,perturb_0.3_-1,662.8665326038571,646.6781340199576,-16.18839858389947
210,bca/41/0,bca/0,41,9,perturb_0.3_+1,642.2625243900392,642.2395396729742,-0.022984717065014593
211,bca/41/100,bca/100,41,0,host_reference,771.6898506089035,762.8917079197455,-8.798142689157999
211,bca/41/100,bca/100,41,1,bca,771.6091743586528,762.7431234672222,-8.866050891430632
211,bca/41/100,bca/100,41,2,nearest_recorded,766.3189703824951,763.2099471895153,-3.1090231929797483
211,bca/41/100,bca/100,41,3,uniform,766.7509007585061,763.8931165230046,-2.8577842355015264
211,bca/41/100,bca/100,41,4,perturb_0.05_-1,771.6886035494585,762.8911775020697,-8.797426047388853
211,bca/41/100,bca/100,41,5,perturb_0.05_+1,771.6917979061171,762.8951476907039,-8.796650215413251
211,bca/41/100,bca/100,41,6,perturb_0.15_-1,771.685311343311,762.9052352831039,-8.78007606020708
211,bca/41/100,bca/100,41,7,perturb_0.15_+1,771.6620788251552,762.8977955928667,-8.764283232288449
211,bca/41/100,bca/100,41,8,perturb_0.3_-1,771.5512263021867,763.2758397460565,-8.275386556130229
211,bca/41/100,bca/100,41,9,perturb_0.3_+1,771.6765748054017,763.1333827107637,-8.543192094638016
212,bca/42/0,bca/0,42,0,host_reference,646.852078110967,641.5262547500619,-5.325823360905133
212,bca/42/0,bca/0,42,1,bca,647.0337472564679,641.570612176902,-5.463135079565859
212,bca/42/0,bca/0,42,2,nearest_recorded,647.4792050889132,643.2578139824366,-4.221391106476631
212,bca/42/0,bca/0,42,3,uniform,662.3161889745277,661.192485756977,-1.1237032175506556
212,bca/42/0,bca/0,42,4,perturb_0.05_-1,646.8014267161376,641.3955637204789,-5.405862995658708
212,bca/42/0,bca/0,42,5,perturb_0.05_+1,647.2339934565223,641.9700872646063,-5.263906191916021
212,bca/42/0,bca/0,42,6,perturb_0.15_-1,646.8413544699096,640.7378564342526,-6.103498035656912
212,bca/42/0,bca/0,42,7,perturb_0.15_+1,647.1777434326581,643.2131353185458,-3.9646081141122522
212,bca/42/0,bca/0,42,8,perturb_0.3_-1,647.2347658076158,639.4818581256228,-7.752907681992951
212,bca/42/0,bca/0,42,9,perturb_0.3_+1,647.4347735584083,643.5946347024559,-3.840138855952432
213,bca/42/100,bca/100,42,0,host_reference,766.5666548635631,762.155920614443,-4.410734249120196
213,bca/42/100,bca/100,42,1,bca,766.5435250816269,762.378611397757,-4.164913683869827
213,bca/42/100,bca/100,42,2,nearest_recorded,766.4797751381569,763.048310498037,-3.4314646401198843
213,bca/42/100,bca/100,42,3,uniform,775.9784337293358,764.2722958856141,-11.706137843721763
213,bca/42/100,bca/100,42,4,perturb_0.05_-1,766.6145180708088,764.5684558440382,-2.046062226770573
213,bca/42/100,bca/100,42,5,perturb_0.05_+1,766.5453233034356,762.3602813529119,-4.185041950523669
213,bca/42/100,bca/100,42,6,perturb_0.15_-1,766.6848907271598,762.4942812160762,-4.190609511083608
213,bca/42/100,bca/100,42,7,perturb_0.15_+1,766.4880810284811,762.7939616264551,-3.69411940202599
213,bca/42/100,bca/100,42,8,perturb_0.3_-1,766.788453996286,766.1644287288597,-0.6240252674263047
213,bca/42/100,bca/100,42,9,perturb_0.3_+1,766.3658749555776,763.3018320869027,-3.06404286867496
214,bca/43/0,bca/0,43,0,host_reference,643.8603236501042,642.828755487901,-1.0315681622031434
214,bca/43/0,bca/0,43,1,bca,643.3924250716366,642.5916354685509,-0.8007896030857182
214,bca/43/0,bca/0,43,2,nearest_recorded,643.3038806395584,642.761903191298,-0.541977448260468
214,bca/43/0,bca/0,43,3,uniform,647.6225980753018,642.212553134834,-5.410044940467742
214,bca/43/0,bca/0,43,4,perturb_0.05_-1,643.7117347662943,643.1513147471909,-0.5604200191033897
214,bca/43/0,bca/0,43,5,perturb_0.05_+1,644.4573325821433,644.8156388748149,0.35830629267161385
214,bca/43/0,bca/0,43,6,perturb_0.15_-1,646.0757593901459,643.1902973986649,-2.885461991480952
214,bca/43/0,bca/0,43,7,perturb_0.15_+1,646.2409267457207,642.8682904784698,-3.3726362672508685
214,bca/43/0,bca/0,43,8,perturb_0.3_-1,652.5737341640997,641.6091379332569,-10.964596230842858
214,bca/43/0,bca/0,43,9,perturb_0.3_+1,646.4671385391171,643.3182107673249,-3.1489277717921595
215,bca/43/100,bca/100,43,0,host_reference,778.484942372631,765.1934243615137,-13.291518011117319
215,bca/43/100,bca/100,43,1,bca,778.4422419084459,764.6874698448983,-13.754772063547648
215,bca/43/100,bca/100,43,2,nearest_recorded,778.3026870640495,764.1434379847966,-14.159249079252845
215,bca/43/100,bca/100,43,3,uniform,778.5534797717883,764.664276856856,-13.889202914932298
215,bca/43/100,bca/100,43,4,perturb_0.05_-1,778.4774896735225,765.2722058229234,-13.20528385059913
215,bca/43/100,bca/100,43,5,perturb_0.05_+1,778.3742049538852,765.1444050580653,-13.229799895819838
215,bca/43/100,bca/100,43,6,perturb_0.15_-1,778.4808207484459,765.4843680049291,-12.996452743516784
215,bca/43/100,bca/100,43,7,perturb_0.15_+1,778.3819443184369,764.9564177301273,-13.425526588309594
215,bca/43/100,bca/100,43,8,perturb_0.3_-1,776.7589036730159,771.9555701950077,-4.803333478008199
215,bca/43/100,bca/100,43,9,perturb_0.3_+1,778.3659937412579,764.9477156270353,-13.418278114222517
216,bca/44/0,bca/0,44,0,host_reference,644.328945641725,641.8297122747506,-2.4992333669744085
216,bca/44/0,bca/0,44,1,bca,645.3177122871427,641.8287206389991,-3.4889916481436103
216,bca/44/0,bca/0,44,2,nearest_recorded,646.947645489116,641.4077415438406,-5.539903945275341
216,bca/44/0,bca/0,44,3,uniform,664.1487253356931,646.5247964989028,-17.623928836790355
216,bca/44/0,bca/0,44,4,perturb_0.05_-1,646.8316443502607,642.025722924889,-4.805921425371707
216,bca/44/0,bca/0,44,5,perturb_0.05_+1,643.808393524953,641.6097438938834,-2.198649631069543
216,bca/44/0,bca/0,44,6,perturb_0.15_-1,648.5208659563824,641.5821154858746,-6.9387504705077845
216,bca/44/0,bca/0,44,7,perturb_0.15_+1,644.3540601719965,641.8991156722394,-2.4549444997570617
216,bca/44/0,bca/0,44,8,perturb_0.3_-1,654.8722010773481,642.0756055004605,-12.796595576887626
216,bca/44/0,bca/0,44,9,perturb_0.3_+1,644.7728002445215,642.1964213641651,-2.576378880356401
217,bca/44/100,bca/100,44,0,host_reference,767.3561477447408,760.5152785440241,-6.840869200716725
217,bca/44/100,bca/100,44,1,bca,767.4341056662321,760.5554721689336,-6.878633497298438
217,bca/44/100,bca/100,44,2,nearest_recorded,768.4314054155087,759.4503308493237,-8.981074566185043
217,bca/44/100,bca/100,44,3,uniform,768.0546702504951,759.4434743612875,-8.611195889207579
217,bca/44/100,bca/100,44,4,perturb_0.05_-1,767.5777319761659,759.574344128228,-8.003387847937915
217,bca/44/100,bca/100,44,5,perturb_0.05_+1,767.5350076586388,759.4361204746683,-8.098887183970533
217,bca/44/100,bca/100,44,6,perturb_0.15_-1,768.1904081675953,759.3335714539855,-8.85683671360971
217,bca/44/100,bca/100,44,7,perturb_0.15_+1,766.9844855543647,760.3112629676409,-6.673222586723796
217,bca/44/100,bca/100,44,8,perturb_0.3_-1,767.6789506389082,759.4451170218957,-8.233833617012465
217,bca/44/100,bca/100,44,9,perturb_0.3_+1,767.0404744432828,760.2716056153707,-6.768868827912115
218,bca/45/0,bca/0,45,0,host_reference,644.6085768177245,641.7335982313148,-2.874978586409725
218,bca/45/0,bca/0,45,1,bca,642.7948519935385,641.7891954100527,-1.005656583485802
218,bca/45/0,bca/0,45,2,nearest_recorded,641.5161483633733,641.7338451728654,0.21769680949205394
218,bca/45/0,bca/0,45,3,uniform,647.5804206758305,640.4660212621936,-7.114399413636875
218,bca/45/0,bca/0,45,4,perturb_0.05_-1,643.5710872255659,641.8144839859831,-1.7566032395827733
218,bca/45/0,bca/0,45,5,perturb_0.05_+1,642.8388573006413,641.7805788876952,-1.0582784129460379
218,bca/45/0,bca/0,45,6,perturb_0.15_-1,644.1746896091373,642.112825124999,-2.0618644841383684
218,bca/45/0,bca/0,45,7,perturb_0.15_+1,642.4991087178423,641.8121621996281,-0.6869465182141994
218,bca/45/0,bca/0,45,8,perturb_0.3_-1,645.0148554390945,641.9723853014891,-3.0424701376053918
218,bca/45/0,bca/0,45,9,perturb_0.3_+1,643.3768938591379,642.0212335970103,-1.3556602621275715
219,bca/45/100,bca/100,45,0,host_reference,768.559989251721,762.9592917445958,-5.600697507125233
219,bca/45/100,bca/100,45,1,bca,767.7950157973922,762.9755422178987,-4.819473579493547
219,bca/45/100,bca/100,45,2,nearest_recorded,770.9941482717853,759.3121342101373,-11.682014061648033
219,bca/45/100,bca/100,45,3,uniform,770.6406057915481,766.8557013192905,-3.784904472257608
219,bca/45/100,bca/100,45,4,perturb_0.05_-1,768.2075659926716,763.0133498905009,-5.194216102170685
219,bca/45/100,bca/100,45,5,perturb_0.05_+1,768.4855591100115,762.892774787534,-5.5927843224775415
219,bca/45/100,bca/100,45,6,perturb_0.15_-1,770.0779511796596,759.5796905534534,-10.498260626206275
219,bca/45/100,bca/100,45,7,perturb_0.15_+1,767.8619193710034,762.6323990100672,-5.229520360936249
219,bca/45/100,bca/100,45,8,perturb_0.3_-1,770.9650677696542,759.4165224320546,-11.548545337599535
219,bca/45/100,bca/100,45,9,perturb_0.3_+1,768.6902646605828,762.7048886182451,-5.985376042337634
220,bca/46/0,bca/0,46,0,host_reference,644.4614278992774,641.7526900885916,-2.7087378106857614
220,bca/46/0,bca/0,46,1,bca,644.2573314588253,642.001849625482,-2.2554818333433104
220,bca/46/0,bca/0,46,2,nearest_recorded,645.8180575090893,643.114997796903,-2.7030597121862456
220,bca/46/0,bca/0,46,3,uniform,659.7555968300875,647.6656294910471,-12.089967339040413
220,bca/46/0,bca/0,46,4,perturb_0.05_-1,645.7121614534583,641.9432223806174,-3.768939072840908
220,bca/46/0,bca/0,46,5,perturb_0.05_+1,644.4797922529491,642.883609541253,-1.5961827116960876
220,bca/46/0,bca/0,46,6,perturb_0.15_-1,645.5693449250083,643.0073108751523,-2.562034049856038
220,bca/46/0,bca/0,46,7,perturb_0.15_+1,646.0517587593677,641.9220290303757,-4.129729728991947
220,bca/46/0,bca/0,46,8,perturb_0.3_-1,644.236750756022,642.0591522536932,-2.177598502328806
220,bca/46/0,bca/0,46,9,perturb_0.3_+1,644.3765277046396,641.1937436264427,-3.182784078196846
221,bca/46/100,bca/100,46,0,host_reference,775.5912795549046,771.2532698837648,-4.338009671139844
221,bca/46/100,bca/100,46,1,bca,773.7087967814243,771.2134612604082,-2.495335521016159
221,bca/46/100,bca/100,46,2,nearest_recorded,773.5981258842265,770.9067068266902,-2.6914190575363364
221,bca/46/100,bca/100,46,3,uniform,774.5929467157353,771.7041558819966,-2.8887908337386534
221,bca/46/100,bca/100,46,4,perturb_0.05_-1,775.5318504263512,771.2711167315975,-4.26073369475364
221,bca/46/100,bca/100,46,5,perturb_0.05_+1,777.0768324733446,771.2278733684719,-5.84895910487262
221,bca/46/100,bca/100,46,6,perturb_0.15_-1,774.3558049399322,771.7548648258502,-2.60094011408205
221,bca/46/100,bca/100,46,7,perturb_0.15_+1,775.5885850881415,770.9238390963211,-4.664745991820382
221,bca/46/100,bca/100,46,8,perturb_0.3_-1,776.801434851209,772.2606147749011,-4.540820076307909
221,bca/46/100,bca/100,46,9,perturb_0.3_+1,776.9360108866406,774.355561206786,-2.5804496798546097
222,bca/47/0,bca/0,47,0,host_reference,647.5182468752458,642.0992265278363,-5.419020347409514
222,bca/47/0,bca/0,47,1,bca,647.4976042307277,641.7626889396211,-5.734915291106631
222,bca/47/0,bca/0,47,2,nearest_recorded,647.9662964255921,641.4866318308509,-6.479664594741166
222,bca/47/0,bca/0,47,3,uniform,647.8189714228819,641.094434334928,-6.724537087953877
222,bca/47/0,bca/0,47,4,perturb_0.05_-1,647.4470363120549,641.3391271543453,-6.107909157709628
222,bca/47/0,bca/0,47,5,perturb_0.05_+1,647.0864358894715,643.2594783863891,-3.82695750308244
222,bca/47/0,bca/0,47,6,perturb_0.15_-1,646.6986585128199,641.2248463909411,-5.473812121878723
222,bca/47/0,bca/0,47,7,perturb_0.15_+1,647.9255840750835,642.8705661688622,-5.055017906221337
222,bca/47/0,bca/0,47,8,perturb_0.3_-1,646.3511291682676,640.4046025364559,-5.946526631811707
222,bca/47/0,bca/0,47,9,perturb_0.3_+1,647.8060811607894,643.5611191150135,-4.244962045775878
223,bca/47/100,bca/100,47,0,host_reference,766.1968020031975,762.4647014821087,-3.732100521088796
223,bca/47/100,bca/100,47,1,bca,766.1793314466806,762.5334197601206,-3.645911686559998
223,bca/47/100,bca/100,47,2,nearest_recorded,766.1175943535684,764.295182207159,-1.8224121464094196
223,bca/47/100,bca/100,47,3,uniform,776.0346304587854,765.6002367361033,-10.434393722682103
223,bca/47/100,bca/100,47,4,perturb_0.05_-1,766.2035497329905,762.7445477457225,-3.4590019872680386
223,bca/47/100,bca/100,47,5,perturb_0.05_+1,766.190842203465,762.4829625941717,-3.707879609293286
223,bca/47/100,bca/100,47,6,perturb_0.15_-1,769.2479829513217,762.6510853586409,-6.596897592680762
223,bca/47/100,bca/100,47,7,perturb_0.15_+1,766.1777334356121,762.5220190418041,-3.6557143938080117
223,bca/47/100,bca/100,47,8,perturb_0.3_-1,769.2760677675669,762.6985386917405,-6.577529075826419
223,bca/47/100,bca/100,47,9,perturb_0.3_+1,766.1544725838304,764.3264839782063,-1.827988605624114
224,bca/48/0,bca/0,48,0,host_reference,649.4637805449368,643.1147312069608,-6.349049337975998
224,bca/48/0,bca/0,48,1,bca,647.8602024094173,641.9730205374707,-5.887181871946609
224,bca/48/0,bca/0,48,2,nearest_recorded,647.9281465039401,641.7634041723038,-6.164742331636262
224,bca/48/0,bca/0,48,3,uniform,668.3458583102,662.8111541299087,-5.534704180291328
224,bca/48/0,bca/0,48,4,perturb_0.05_-1,648.8086819133719,642.3270451920298,-6.481636721342056
224,bca/48/0,bca/0,48,5,perturb_0.05_+1,648.8699270705115,642.1247691064794,-6.745157964032046
224,bca/48/0,bca/0,48,6,perturb_0.15_-1,649.8040230985922,642.1633444295676,-7.640678669024624
224,bca/48/0,bca/0,48,7,perturb_0.15_+1,647.2202540722895,642.8125062301638,-4.4077478421257865
224,bca/48/0,bca/0,48,8,perturb_0.3_-1,652.262094278202,642.0669061517594,-10.195188126442531
224,bca/48/0,bca/0,48,9,perturb_0.3_+1,647.7369168744805,642.0680885144668,-5.668828360013663
225,bca/48/100,bca/100,48,0,host_reference,773.7382089953635,771.119443325813,-2.6187656695504984
225,bca/48/100,bca/100,48,1,bca,773.7112854974563,771.1215086473571,-2.589776850099156
225,bca/48/100,bca/100,48,2,nearest_recorded,772.7619847633282,771.1768066004614,-1.5851781628667823
225,bca/48/100,bca/100,48,3,uniform,773.2896688459949,778.7324536569437,5.442784810948751
225,bca/48/100,bca/100,48,4,perturb_0.05_-1,773.7131838017903,771.1246079358441,-2.5885758659461544
225,bca/48/100,bca/100,48,5,perturb_0.05_+1,773.8717830103272,771.1382258170586,-2.733557193268666
225,bca/48/100,bca/100,48,6,perturb_0.15_-1,773.7574393407504,771.1522434425458,-2.605195898204556
225,bca/48/100,bca/100,48,7,perturb_0.15_+1,774.0398598755468,771.1118523296377,-2.928007545909054
225,bca/48/100,bca/100,48,8,perturb_0.3_-1,773.6148809696372,770.7927494231459,-2.8221315464912777
225,bca/48/100,bca/100,48,9,perturb_0.3_+1,767.7234722361654,771.1722336274069,3.448761391241419
226,bca/49/0,bca/0,49,0,host_reference,647.1773504657134,641.6363211479247,-5.541029317788684
226,bca/49/0,bca/0,49,1,bca,647.1700868686889,641.5885840285299,-5.5815028401590325
226,bca/49/0,bca/0,49,2,nearest_recorded,647.4705936699869,640.8378691943584,-6.632724475628493
226,bca/49/0,bca/0,49,3,uniform,654.7598182224401,641.660298124605,-13.099520097835125
226,bca/49/0,bca/0,49,4,perturb_0.05_-1,647.0404281876079,641.511302266773,-5.529125920834872
226,bca/49/0,bca/0,49,5,perturb_0.05_+1,646.7288040142523,641.0810569066895,-5.64774710756285
226,bca/49/0,bca/0,49,6,perturb_0.15_-1,647.6400394030998,641.6157851750945,-6.024254228005248
226,bca/49/0,bca/0,49,7,perturb_0.15_+1,647.7092732379319,640.3248372477863,-7.3844359901456755
226,bca/49/0,bca/0,49,8,perturb_0.3_-1,646.5738467392385,641.763231712706,-4.81061502653256
226,bca/49/0,bca/0,49,9,perturb_0.3_+1,658.8133736125501,642.7421415367819,-16.071232075768194
227,bca/49/100,bca/100,49,0,host_reference,765.0061522849128,763.8146077374668,-1.1915445474460284
227,bca/49/100,bca/100,49,1,bca,765.0386338368658,763.6048182265789,-1.4338156102868425
227,bca/49/100,bca/100,49,2,nearest_recorded,765.1701510253802,763.9451639936968,-1.2249870316833267
227,bca/49/100,bca/100,49,3,uniform,767.2731025920618,763.7509609752041,-3.522141616857766
227,bca/49/100,bca/100,49,4,perturb_0.05_-1,765.0311663582638,763.6333845111117,-1.397781847152146
227,bca/49/100,bca/100,49,5,perturb_0.05_+1,765.914977005883,763.7758266604753,-2.139150345407643
227,bca/49/100,bca/100,49,6,perturb_0.15_-1,765.5689712595582,763.5248002887575,-2.0441709708006783
227,bca/49/100,bca/100,49,7,perturb_0.15_+1,765.0787140234336,763.6694323669606,-1.4092816564730128
227,bca/49/100,bca/100,49,8,perturb_0.3_-1,765.4577387449768,763.4621742128838,-1.9955645320929989
227,bca/49/100,bca/100,49,9,perturb_0.3_+1,765.5085989262741,763.9951884442814,-1.5134104819926506
228,bca/50/0,bca/0,50,0,host_reference,646.3210090437839,641.3836593461174,-4.937349697666491
228,bca/50/0,bca/0,50,1,bca,644.9697454269054,641.4256765853462,-3.5440688415592376
228,bca/50/0,bca/0,50,2,nearest_recorded,657.5510672720546,648.0183161893727,-9.532751082681898
228,bca/50/0,bca/0,50,3,uniform,643.9183294921538,641.067824766489,-2.8505047256647913
228,bca/50/0,bca/0,50,4,perturb_0.05_-1,643.557201928648,641.5984667844514,-1.9587351441966803
228,bca/50/0,bca/0,50,5,perturb_0.05_+1,646.8231223128433,641.4440821268053,-5.3790401860380825
228,bca/50/0,bca/0,50,6,perturb_0.15_-1,643.4354382594205,640.7039917301502,-2.731446529270329
228,bca/50/0,bca/0,50,7,perturb_0.15_+1,649.4813069854649,642.3509248373738,-7.130382148091144
228,bca/50/0,bca/0,50,8,perturb_0.3_-1,643.0872310880417,641.9023956863767,-1.184835401664941
228,bca/50/0,bca/0,50,9,perturb_0.3_+1,655.8541542101491,643.0044219498246,-12.849732260324458
229,bca/50/100,bca/100,50,0,host_reference,771.4021549869326,764.0977022832755,-7.304452703657148
229,bca/50/100,bca/100,50,1,bca,771.5970161672476,760.7976802234447,-10.79933594380293
229,bca/50/100,bca/100,50,2,nearest_recorded,773.2283795500972,760.8394860913273,-12.388893458769871
229,bca/50/100,bca/100,50,3,uniform,768.8262621223566,764.7251417910843,-4.101120331272341
229,bca/50/100,bca/100,50,4,perturb_0.05_-1,771.539355402693,760.5472262420476,-10.99212916064539
229,bca/50/100,bca/100,50,5,perturb_0.05_+1,771.6691313556906,764.009063523664,-7.660067832026584
229,bca/50/100,bca/100,50,6,perturb_0.15_-1,771.7971645145477,763.8535075130942,-7.943657001453516
229,bca/50/100,bca/100,50,7,perturb_0.15_+1,771.4907085439984,760.8037155195505,-10.68699302444793
229,bca/50/100,bca/100,50,8,perturb_0.3_-1,771.3618518685263,763.8135401786132,-7.548311689913135
229,bca/50/100,bca/100,50,9,perturb_0.3_+1,771.9396998570388,759.5851970026791,-12.35450285435968
230,bca/51/0,bca/0,51,0,host_reference,644.0655034770605,642.3226291517609,-1.7428743252995673
230,bca/51/0,bca/0,51,1,bca,643.6833860675185,642.3877282156137,-1.2956578519048207
230,bca/51/0,bca/0,51,2,nearest_recorded,644.0386954243547,642.5222631288498,-1.5164322955049556
230,bca/51/0,bca/0,51,3,uniform,659.981845812091,650.3064690125207,-9.675376799570358
230,bca/51/0,bca/0,51,4,perturb_0.05_-1,645.2517264941669,642.6760585734469,-2.5756679207199795
230,bca/51/0,bca/0,51,5,perturb_0.05_+1,643.6643377569546,642.1665151602535,-1.4978225967010985
230,bca/51/0,bca/0,51,6,perturb_0.15_-1,643.3937603588483,641.4321643470573,-1.9615960117910163
230,bca/51/0,bca/0,51,7,perturb_0.15_+1,645.5995788155655,642.3489715506156,-3.250607264949849
230,bca/51/0,bca/0,51,8,perturb_0.3_-1,655.7112571120422,643.4836169865463,-12.227640125495896
230,bca/51/0,bca/0,51,9,perturb_0.3_+1,644.0583991289568,642.7545963825892,-1.3038027463676372
231,bca/51/100,bca/100,51,0,host_reference,776.9182924077771,770.6967960692275,-6.221496338549628
231,bca/51/100,bca/100,51,1,bca,776.8185286281062,771.2120379655674,-5.606490662538704
231,bca/51/100,bca/100,51,2,nearest_recorded,777.9011034686282,775.6413081628166,-2.259795305811622
231,bca/51/100,bca/100,51,3,uniform,778.5272703518983,771.434616059806,-7.092654292092334
231,bca/51/100,bca/100,51,4,perturb_0.05_-1,776.8026656245802,771.2120495033731,-5.590616121207063
231,bca/51/100,bca/100,51,5,perturb_0.05_+1,776.9026462287985,771.7055497596754,-5.197096469123153
231,bca/51/100,bca/100,51,6,perturb_0.15_-1,778.4682008912338,771.3931270528535,-7.075073838380263
231,bca/51/100,bca/100,51,7,perturb_0.15_+1,776.3096789236557,776.7459624984474,0.43628357479167335
231,bca/51/100,bca/100,51,8,perturb_0.3_-1,777.5166956408775,772.8879745070559,-4.628721133821614
231,bca/51/100,bca/100,51,9,perturb_0.3_+1,780.229118767979,776.9531636422812,-3.2759551256978057
232,bca/52/0,bca/0,52,0,host_reference,649.2758948943796,642.0272152942764,-7.2486796001031735
232,bca/52/0,bca/0,52,1,bca,647.2295048441622,641.101761330434,-6.1277435137282055
232,bca/52/0,bca/0,52,2,nearest_recorded,652.4927885546931,642.149349434103,-10.34343912059012
232,bca/52/0,bca/0,52,3,uniform,642.936668477373,641.5060173655357,-1.4306511118372782
232,bca/52/0,bca/0,52,4,perturb_0.05_-1,650.1593158355284,642.3894948249955,-7.769821010532951
232,bca/52/0,bca/0,52,5,perturb_0.05_+1,648.95093544672,642.0385723752571,-6.912363071462892
232,bca/52/0,bca/0,52,6,perturb_0.15_-1,652.6020938353794,642.6624641131314,-9.939629722248014
232,bca/52/0,bca/0,52,7,perturb_0.15_+1,644.929162614542,642.2661142148064,-2.663048399735544
232,bca/52/0,bca/0,52,8,perturb_0.3_-1,653.1795994236984,642.2348322034495,-10.944767220248877
232,bca/52/0,bca/0,52,9,perturb_0.3_+1,645.6082892054492,641.526842901302,-4.081446304147221
233,bca/52/100,bca/100,52,0,host_reference,773.4231246532576,759.6275273704769,-13.795597282780705
233,bca/52/100,bca/100,52,1,bca,773.5033495593315,759.5962510997578,-13.907098459573717
233,bca/52/100,bca/100,52,2,nearest_recorded,773.8118931953315,759.6013046350666,-14.21058856026491
233,bca/52/100,bca/100,52,3,uniform,776.5964481859559,766.0421988320794,-10.554249353876457
233,bca/52/100,bca/100,52,4,perturb_0.05_-1,773.7876958049322,759.3770695187778,-14.410626286154411
233,bca/52/100,bca/100,52,5,perturb_0.05_+1,773.5015551875451,759.5901448037972,-13.91141038374792
233,bca/52/100,bca/100,52,6,perturb_0.15_-1,773.7587239363737,759.4887025237958,-14.270021412577876
233,bca/52/100,bca/100,52,7,perturb_0.15_+1,773.562981621825,760.3212216451535,-13.24175997667146
233,bca/52/100,bca/100,52,8,perturb_0.3_-1,773.859190374919,759.8763516251397,-13.982838749779262
233,bca/52/100,bca/100,52,9,perturb_0.3_+1,773.8704568927737,760.2721485114049,-13.598308381368838
234,bca/53/0,bca/0,53,0,host_reference,643.3220597231596,642.6706473619485,-0.6514123612111007
234,bca/53/0,bca/0,53,1,bca,641.9099390534368,642.6293293658409,0.7193903124041299
234,bca/53/0,bca/0,53,2,nearest_recorded,643.3700747852636,642.1536035035401,-1.216471281723443
234,bca/53/0,bca/0,53,3,uniform,647.714344009086,641.0306720943053,-6.683671914780689
234,bca/53/0,bca/0,53,4,perturb_0.05_-1,642.163272715427,641.8025264519545,-0.3607462634724925
234,bca/53/0,bca/0,53,5,perturb_0.05_+1,643.0478289146528,642.6727903864299,-0.3750385282228308
234,bca/53/0,bca/0,53,6,perturb_0.15_-1,642.5390821331939,641.9472271308024,-0.5918550023915259
234,bca/53/0,bca/0,53,7,perturb_0.15_+1,643.790783513059,643.4767814747067,-0.3140020383522142
234,bca/53/0,bca/0,53,8,perturb_0.3_-1,645.4414056553269,642.7958001470316,-2.6456055082952616
234,bca/53/0,bca/0,53,9,perturb_0.3_+1,644.9119746252447,641.6240573918107,-3.2879172334340865
235,bca/53/100,bca/100,53,0,host_reference,777.5428387429961,774.6458340178859,-2.8970047251101505
235,bca/53/100,bca/100,53,1,bca,776.4546726776582,775.6913443963236,-0.7633282813345659
235,bca/53/100,bca/100,53,2,nearest_recorded,772.4510817021162,774.5420490534092,2.0909673512929885
235,bca/53/100,bca/100,53,3,uniform,788.1262915993519,775.2149480178147,-12.911343581537267
235,bca/53/100,bca/100,53,4,perturb_0.05_-1,777.6446975536533,774.6226264334261,-3.0220711202271104
235,bca/53/100,bca/100,53,5,perturb_0.05_+1,776.4665870548737,774.6521063091698,-1.8144807457039178
235,bca/53/100,bca/100,53,6,perturb_0.15_-1,777.6330800458062,774.6192738792112,-3.0138061665950318
235,bca/53/100,bca/100,53,7,perturb_0.15_+1,776.3725257862424,775.718883430617,-0.6536423556253794
235,bca/53/100,bca/100,53,8,perturb_0.3_-1,779.3889712614622,774.6690883504141,-4.719882911048103
235,bca/53/100,bca/100,53,9,perturb_0.3_+1,777.6229802325671,775.7298629523361,-1.8931172802309675
236,bca/54/0,bca/0,54,0,host_reference,644.4971081845972,642.2790608736062,-2.2180473109909826
236,bca/54/0,bca/0,54,1,bca,644.013408632949,642.1950150100479,-1.8183936229011124
236,bca/54/0,bca/0,54,2,nearest_recorded,652.0963116369927,642.4054273786992,-9.690884258293522
236,bca/54/0,bca/0,54,3,uniform,659.5823133145593,662.3593505735731,2.7770372590138095
236,bca/54/0,bca/0,54,4,perturb_0.05_-1,644.1398577161434,642.3791485125856,-1.7607092035577807
236,bca/54/0,bca/0,54,5,perturb_0.05_+1,644.7132483536378,642.1245228164407,-2.5887255371970923
236,bca/54/0,bca/0,54,6,perturb_0.15_-1,644.4172713379445,642.0888506250205,-2.3284207129239576
236,bca/54/0,bca/0,54,7,perturb_0.15_+1,646.3338636745021,641.810228841792,-4.523634832710172
236,bca/54/0,bca/0,54,8,perturb_0.3_-1,643.5415652369954,642.3324257529629,-1.209139484032562
236,bca/54/0,bca/0,54,9,perturb_0.3_+1,647.8985750382851,641.5944176247922,-6.304157413492931
237,bca/54/100,bca/100,54,0,host_reference,771.7079760735362,759.1490207246932,-12.558955348843028
237,bca/54/100,bca/100,54,1,bca,771.8055225343061,759.1698094129424,-12.635713121363665
237,bca/54/100,bca/100,54,2,nearest_recorded,768.2207392552752,759.0372717857581,-9.183467469517154
237,bca/54/100,bca/100,54,3,uniform,772.9965850199616,767.334677854713,-5.661907165248522
237,bca/54/100,bca/100,54,4,perturb_0.05_-1,771.5564960704452,759.118289635309,-12.43820643513618
237,bca/54/100,bca/100,54,5,perturb_0.05_+1,771.8619533538543,759.1932955125501,-12.668657841304253
237,bca/54/100,bca/100,54,6,perturb_0.15_-1,772.45282281027,759.17935166379,-13.273471146480006
237,bca/54/100,bca/100,54,7,perturb_0.15_+1,771.7492446104724,759.0014912663803,-12.747753344092075
237,bca/54/100,bca/100,54,8,perturb_0.3_-1,772.1182153640433,759.2110212357615,-12.907194128281844
237,bca/54/100,bca/100,54,9,perturb_0.3_+1,768.4719205604226,759.161857890415,-9.310062670007596
238,bca/55/0,bca/0,55,0,host_reference,644.8476388935992,642.2040720508738,-2.643566842725363
238,bca/55/0,bca/0,55,1,bca,644.8567168474821,642.2604581371824,-2.5962587102997077
238,bca/55/0,bca/0,55,2,nearest_recorded,649.7578588455232,642.4109017032883,-7.346957142234828
238,bca/55/0,bca/0,55,3,uniform,651.8142535567115,642.0146199679214,-9.79963358879013
238,bca/55/0,bca/0,55,4,perturb_0.05_-1,644.5155240801886,642.0816482380521,-2.4338758421364446
238,bca/55/0,bca/0,55,5,perturb_0.05_+1,645.0976066593785,642.6962570683837,-2.401349590994755
238,bca/55/0,bca/0,55,6,perturb_0.15_-1,646.3579671824015,642.1749138838891,-4.183053298512391
238,bca/55/0,bca/0,55,7,perturb_0.15_+1,646.3004416486211,642.9203108584157,-3.380130790205385
238,bca/55/0,bca/0,55,8,perturb_0.3_-1,652.0304082591648,642.1618360579076,-9.868572201257166
238,bca/55/0,bca/0,55,9,perturb_0.3_+1,649.7287157303908,641.9195283029011,-7.809187427489746
239,bca/55/100,bca/100,55,0,host_reference,768.8380857641719,759.3294799307953,-9.508605833376578
239,bca/55/100,bca/100,55,1,bca,768.9516794977278,759.2198401750458,-9.731839322682049
239,bca/55/100,bca/100,55,2,nearest_recorded,768.3160984365169,758.9981373977964,-9.317961038720455
239,bca/55/100,bca/100,55,3,uniform,772.0234471166455,759.4269082508221,-12.59653886582339
239,bca/55/100,bca/100,55,4,perturb_0.05_-1,769.0555252584431,759.2297744644549,-9.825750793988277
239,bca/55/100,bca/100,55,5,perturb_0.05_+1,772.227796358365,759.3046335032694,-12.923162855095597
239,bca/55/100,bca/100,55,6,perturb_0.15_-1,768.9930206285961,759.077363014573,-9.915657614023075
239,bca/55/100,bca/100,55,7,perturb_0.15_+1,771.9520714632529,759.1603736363106,-12.791697826942254
239,bca/55/100,bca/100,55,8,perturb_0.3_-1,771.7893032075709,758.8093632897289,-12.979939917841989
239,bca/55/100,bca/100,55,9,perturb_0.3_+1,772.9232859026755,766.8739478240094,-6.049338078666096
240,bca/56/0,bca/0,56,0,host_reference,645.5461186440161,643.5447775651559,-2.001341078860264
240,bca/56/0,bca/0,56,1,bca,643.666322776541,643.1612287362576,-0.5050940402834385
240,bca/56/0,bca/0,56,2,nearest_recorded,643.0743620693592,643.1905604526402,0.1161983832810165
240,bca/56/0,bca/0,56,3,uniform,660.561629376613,657.350341036344,-3.211288340268993
240,bca/56/0,bca/0,56,4,perturb_0.05_-1,646.3048002058721,641.9023245871663,-4.402475618705807
240,bca/56/0,bca/0,56,5,perturb_0.05_+1,643.0677624549276,642.1844943667747,-0.8832680881528177
240,bca/56/0,bca/0,56,6,perturb_0.15_-1,648.6048232838441,641.3243331546798,-7.280490129164264
240,bca/56/0,bca/0,56,7,perturb_0.15_+1,644.327544416161,643.0039526778532,-1.323591738307755
240,bca/56/0,bca/0,56,8,perturb_0.3_-1,652.5215103128727,643.8579070809232,-8.663603231949537
240,bca/56/0,bca/0,56,9,perturb_0.3_+1,642.4875574704716,642.0647281000637,-0.4228293704079533
241,bca/56/100,bca/100,56,0,host_reference,769.2055010155076,763.1970048813611,-6.008496134146526
241,bca/56/100,bca/100,56,1,bca,769.2228071534247,763.2068693482946,-6.015937805130079
241,bca/56/100,bca/100,56,2,nearest_recorded,771.8247173842208,762.728355660862,-9.096361723358768
241,bca/56/100,bca/100,56,3,uniform,769.2634344144708,761.4091303601679,-7.854304054302929
241,bca/56/100,bca/100,56,4,perturb_0.05_-1,769.1620663480853,763.1691691690723,-5.992897179012971
241,bca/56/100,bca/100,56,5,perturb_0.05_+1,769.2306852566027,763.2256602920834,-6.0050249645192935
241,bca/56/100,bca/100,56,6,perturb_0.15_-1,769.073705176169,761.5417502759617,-7.5319549002073245
241,bca/56/100,bca/100,56,7,perturb_0.15_+1,768.1514474332209,763.1810073603679,-4.97044007285308
241,bca/56/100,bca/100,56,8,perturb_0.3_-1,769.3328217131318,763.1009060395995,-6.231915673532285
241,bca/56/100,bca/100,56,9,perturb_0.3_+1,771.8117473786109,763.5381216719741,-8.273625706636835
242,bca/57/0,bca/0,57,0,host_reference,643.9551224303677,643.2871278983002,-0.667994532067496
242,bca/57/0,bca/0,57,1,bca,644.3119534359797,643.2572120806351,-1.0547413553446177
242,bca/57/0,bca/0,57,2,nearest_recorded,645.8045329996197,642.0724559043683,-3.732077095251384
242,bca/57/0,bca/0,57,3,uniform,647.0625352995345,642.0950224554857,-4.96751284404877
242,bca/57/0,bca/0,57,4,perturb_0.05_-1,645.2669638749549,643.2984340006344,-1.9685298743204385
242,bca/57/0,bca/0,57,5,perturb_0.05_+1,643.8317372342269,642.0034854201814,-1.8282518140455295
242,bca/57/0,bca/0,57,6,perturb_0.15_-1,643.9081909804479,643.4173871375137,-0.4908038429341559
242,bca/57/0,bca/0,57,7,perturb_0.15_+1,643.1097443410221,642.7873676644784,-0.3223766765436267
242,bca/57/0,bca/0,57,8,perturb_0.3_-1,642.9254281749933,642.6839859406427,-0.24144223435052936
242,bca/57/0,bca/0,57,9,perturb_0.3_+1,645.9616812035649,642.8837807663161,-3.077900437248786
243,bca/57/100,bca/100,57,0,host_reference,776.9965052986439,773.7451767660768,-3.251328532567072
243,bca/57/100,bca/100,57,1,bca,776.8044622268455,771.7703141253986,-5.034148101446931
243,bca/57/100,bca/100,57,2,nearest_recorded,776.5886321856242,770.6552404077383,-5.933391777885845
243,bca/57/100,bca/100,57,3,uniform,777.2247211328423,774.6608858747115,-2.56383525813078
243,bca/57/100,bca/100,57,4,perturb_0.05_-1,777.0411833247698,773.8086339454097,-3.23254937936008
243,bca/57/100,bca/100,57,5,perturb_0.05_+1,776.9630525639703,773.7238484558992,-3.239204108071135
243,bca/57/100,bca/100,57,6,perturb_0.15_-1,778.7057231873617,773.9929928666617,-4.712730320700075
243,bca/57/100,bca/100,57,7,perturb_0.15_+1,776.90357166221,774.9673833413187,-1.9361883208912332
243,bca/57/100,bca/100,57,8,perturb_0.3_-1,777.0947439754124,774.1677045624112,-2.9270394130011255
243,bca/57/100,bca/100,57,9,perturb_0.3_+1,776.7604818542109,773.7975244885422,-2.9629573656686716
244,bca/58/0,bca/0,58,0,host_reference,644.2925446495252,643.5601493811469,-0.7323952683783546
244,bca/58/0,bca/0,58,1,bca,643.0871150831271,643.4702529192651,0.3831378361380757
244,bca/58/0,bca/0,58,2,nearest_recorded,647.3442347606149,643.3176777981254,-4.026556962489508
244,bca/58/0,bca/0,58,3,uniform,666.4356925283712,655.1206380462829,-11.315054482088271
244,bca/58/0,bca/0,58,4,perturb_0.05_-1,643.1558491990011,643.5974473772252,0.44159817822412606
244,bca/58/0,bca/0,58,5,perturb_0.05_+1,644.4599353157362,643.7734137091221,-0.6865216066140647
244,bca/58/0,bca/0,58,6,perturb_0.15_-1,644.2841769456513,643.5840641010042,-0.7001128446471512
244,bca/58/0,bca/0,58,7,perturb_0.15_+1,643.1671282882667,643.7978634998871,0.6307352116203901
244,bca/58/0,bca/0,58,8,perturb_0.3_-1,643.1319913455035,643.2689412340369,0.13694988853342238
244,bca/58/0,bca/0,58,9,perturb_0.3_+1,644.9668210442799,643.7785328620226,-1.1882881822572244
245,bca/58/100,bca/100,58,0,host_reference,770.5903049883328,759.9629665617547,-10.627338426578149
245,bca/58/100,bca/100,58,1,bca,771.686223198544,759.9815577024942,-11.704665496049756
245,bca/58/100,bca/100,58,2,nearest_recorded,771.7047548331035,760.1097838611315,-11.594970971971975
245,bca/58/100,bca/100,58,3,uniform,770.536381284336,760.4067038325385,-10.129677451797534
245,bca/58/100,bca/100,58,4,perturb_0.05_-1,771.8131839251317,759.9282006833931,-11.88498324173861
245,bca/58/100,bca/100,58,5,perturb_0.05_+1,770.8428391239735,759.9898628107261,-10.852976313247382
245,bca/58/100,bca/100,58,6,perturb_0.15_-1,770.6886457258411,759.844535603508,-10.844110122333063
245,bca/58/100,bca/100,58,7,perturb_0.15_+1,767.7457715667277,760.0333598139597,-7.712411752768048
245,bca/58/100,bca/100,58,8,perturb_0.3_-1,772.0184315963926,759.981546463683,-12.036885132709585
245,bca/58/100,bca/100,58,9,perturb_0.3_+1,770.2785167216252,760.1497102407322,-10.12880648089299
246,bca/59/0,bca/0,59,0,host_reference,644.6422456784097,642.6212247690084,-2.0210209094012725
246,bca/59/0,bca/0,59,1,bca,644.4918268751926,642.2771370852703,-2.2146897899223177
246,bca/59/0,bca/0,59,2,nearest_recorded,645.2610654391067,641.9373919515839,-3.3236734875227967
246,bca/59/0,bca/0,59,3,uniform,647.8470117998656,641.7570493229155,-6.089962476950177
246,bca/59/0,bca/0,59,4,perturb_0.05_-1,645.4815362487836,642.5515880279746,-2.929948220809024
246,bca/59/0,bca/0,59,5,perturb_0.05_+1,644.5908335064547,642.259076348098,-2.3317571583567087
246,bca/59/0,bca/0,59,6,perturb_0.15_-1,645.3628912844144,642.0244348338107,-3.3384564506037577
246,bca/59/0,bca/0,59,7,perturb_0.15_+1,644.3520761225158,641.961724722473,-2.390351400042732
246,bca/59/0,bca/0,59,8,perturb_0.3_-1,646.6261380584873,641.8854648074996,-4.740673250987697
246,bca/59/0,bca/0,59,9,perturb_0.3_+1,644.5652113887555,642.0142242962288,-2.550987092526725
247,bca/59/100,bca/100,59,0,host_reference,768.2649697669168,759.460098036371,-8.804871730545756
247,bca/59/100,bca/100,59,1,bca,768.3287204281726,759.607675796586,-8.721044631586551
247,bca/59/100,bca/100,59,2,nearest_recorded,771.3073174282187,759.5396882699115,-11.767629158307159
247,bca/59/100,bca/100,59,3,uniform,771.9781412432928,759.8909841018383,-12.087157141454554
247,bca/59/100,bca/100,59,4,perturb_0.05_-1,767.8941258856489,759.5927210304832,-8.301404855165742
247,bca/59/100,bca/100,59,5,perturb_0.05_+1,768.4937872676377,759.558910471703,-8.934876795934656
247,bca/59/100,bca/100,59,6,perturb_0.15_-1,768.5752031563719,759.4200182551159,-9.155184901256007
247,bca/59/100,bca/100,59,7,perturb_0.15_+1,768.7698465191262,759.4636773917609,-9.306169127365251
247,bca/59/100,bca/100,59,8,perturb_0.3_-1,768.9354125731935,759.6732890640617,-9.262123509131811
247,bca/59/100,bca/100,59,9,perturb_0.3_+1,767.3098187655146,759.6914510759392,-7.618367689575393
248,bca/60/0,bca/0,60,0,host_reference,647.2996463524888,642.9296836757934,-4.3699626766954225
248,bca/60/0,bca/0,60,1,bca,646.6660394945529,641.1499701859752,-5.516069308577698
248,bca/60/0,bca/0,60,2,nearest_recorded,665.3539913702418,648.323596518457,-17.030394851784877
248,bca/60/0,bca/0,60,3,uniform,646.5415429982772,641.0331959125439,-5.508347085733362
248,bca/60/0,bca/0,60,4,perturb_0.05_-1,646.5239084980783,642.0330821180582,-4.490826380020053
248,bca/60/0,bca/0,60,5,perturb_0.05_+1,648.5559752785031,642.5678974621221,-5.988077816380951
248,bca/60/0,bca/0,60,6,perturb_0.15_-1,646.2822479599057,641.1357843401483,-5.1464636197573554
248,bca/60/0,bca/0,60,7,perturb_0.15_+1,646.727950337413,641.2184822041633,-5.5094681332496975
248,bca/60/0,bca/0,60,8,perturb_0.3_-1,647.8843393457416,641.7178623586009,-6.166476987140754
248,bca/60/0,bca/0,60,9,perturb_0.3_+1,646.9412234233996,640.9974512324735,-5.943772190926097
249,bca/60/100,bca/100,60,0,host_reference,770.5564408034635,769.9281573256086,-0.6282834778548931
249,bca/60/100,bca/100,60,1,bca,770.5174334639519,769.9225873060005,-0.5948461579513378
249,bca/60/100,bca/100,60,2,nearest_recorded,773.1743507208718,769.6850965456331,-3.4892541752386705
249,bca/60/100,bca/100,60,3,uniform,770.1610735550656,770.651110354725,0.49003679965937863
249,bca/60/100,bca/100,60,4,perturb_0.05_-1,773.3150908856258,769.8945026986481,-3.420588186977625
249,bca/60/100,bca/100,60,5,perturb_0.05_+1,770.5935895642043,770.1799950262032,-0.4135945380011208
249,bca/60/100,bca/100,60,6,perturb_0.15_-1,773.2667900639941,769.7993830000468,-3.4674070639473484
249,bca/60/100,bca/100,60,7,perturb_0.15_+1,770.6904811331735,770.0408331827726,-0.6496479504008903
249,bca/60/100,bca/100,60,8,perturb_0.3_-1,773.198756860121,769.8213215996548,-3.3774352604662
249,bca/60/100,bca/100,60,9,perturb_0.3_+1,767.2731084571399,769.9927732947688,2.7196648376288977
250,bca/61/0,bca/0,61,0,host_reference,647.2448836030668,641.0875103642478,-6.157373238818991
250,bca/61/0,bca/0,61,1,bca,647.1806373851462,641.6983163013241,-5.4823210838220575
250,bca/61/0,bca/0,61,2,nearest_recorded,647.2217209001301,641.7042380334644,-5.5174828666656595
250,bca/61/0,bca/0,61,3,uniform,666.2818404278174,657.6053605504179,-8.676479877399515
250,bca/61/0,bca/0,61,4,perturb_0.05_-1,646.9091243819715,641.5820622218072,-5.32706216016436
250,bca/61/0,bca/0,61,5,perturb_0.05_+1,647.1694504312453,640.2825751901105,-6.886875241134817
250,bca/61/0,bca/0,61,6,perturb_0.15_-1,647.2890166855459,640.2305395637351,-7.058477121810824
250,bca/61/0,bca/0,61,7,perturb_0.15_+1,646.5606038435528,640.1368334694308,-6.423770374122
250,bca/61/0,bca/0,61,8,perturb_0.3_-1,647.102947686785,640.219604106079,-6.883343580705969
250,bca/61/0,bca/0,61,9,perturb_0.3_+1,650.7476418942133,643.2381153368435,-7.509526557369782
251,bca/61/100,bca/100,61,0,host_reference,766.8381189389611,762.3186447130604,-4.519474225900694
251,bca/61/100,bca/100,61,1,bca,766.8125868584378,762.578955431435,-4.23363142700282
251,bca/61/100,bca/100,61,2,nearest_recorded,766.7432245120814,762.3403698169549,-4.402854695126507
251,bca/61/100,bca/100,61,3,uniform,766.5075497476338,765.8091183746914,-0.698431372942423
251,bca/61/100,bca/100,61,4,perturb_0.05_-1,766.8358835654058,762.3203076085214,-4.5155759568843905
251,bca/61/100,bca/100,61,5,perturb_0.05_+1,766.8393931108237,762.3234961080444,-4.5158970027792975
251,bca/61/100,bca/100,61,6,perturb_0.15_-1,766.830173185738,762.3188712798086,-4.511301905929372
251,bca/61/100,bca/100,61,7,perturb_0.15_+1,766.8423535541187,762.3088096230955,-4.533543931023246
251,bca/61/100,bca/100,61,8,perturb_0.3_-1,766.8149096911436,762.4020871853273,-4.41282250581628
251,bca/61/100,bca/100,61,9,perturb_0.3_+1,766.121243954703,762.2835373958404,-3.8377065588625783
252,bca/62/0,bca/0,62,0,host_reference,642.1514860386982,641.8287785321048,-0.32270750659336045
252,bca/62/0,bca/0,62,1,bca,642.2350842807427,641.8978318077608,-0.3372524729819588
252,bca/62/0,bca/0,62,2,nearest_recorded,642.9439705117437,641.6232581664042,-1.3207123453395297
252,bca/62/0,bca/0,62,3,uniform,643.5017256117656,641.8796864998874,-1.6220391118781663
252,bca/62/0,bca/0,62,4,perturb_0.05_-1,642.8803115210079,641.8312434996101,-1.0490680213978294
252,bca/62/0,bca/0,62,5,perturb_0.05_+1,642.8087028402774,642.0633936297208,-0.7453092105565702
252,bca/62/0,bca/0,62,6,perturb_0.15_-1,642.8364132978109,642.427955636841,-0.40845766096981606
252,bca/62/0,bca/0,62,7,perturb_0.15_+1,643.9827114424961,642.4500199132051,-1.5326915292910144
252,bca/62/0,bca/0,62,8,perturb_0.3_-1,642.9974861655936,641.4732140378122,-1.524272127781387
252,bca/62/0,bca/0,62,9,perturb_0.3_+1,647.0050877835154,641.4266166345153,-5.578471149000052
253,bca/62/100,bca/100,62,0,host_reference,774.877147684871,765.5334214541783,-9.34372623069271
253,bca/62/100,bca/100,62,1,bca,769.8571972624314,764.7490120883157,-5.108185174115761
253,bca/62/100,bca/100,62,2,nearest_recorded,769.4182221359439,765.030759118288,-4.387463017655932
253,bca/62/100,bca/100,62,3,uniform,777.8446614444529,764.7824226847508,-13.06223875970204
253,bca/62/100,bca/100,62,4,perturb_0.05_-1,769.8807388293887,765.4407663863986,-4.439972442990097
253,bca/62/100,bca/100,62,5,perturb_0.05_+1,770.0202084108449,765.6265848891409,-4.393623521704058
253,bca/62/100,bca/100,62,6,perturb_0.15_-1,769.8369516377152,764.8772900331111,-4.9596616046040936
253,bca/62/100,bca/100,62,7,perturb_0.15_+1,769.7307809647795,765.8923878138394,-3.838393150940078
253,bca/62/100,bca/100,62,8,perturb_0.3_-1,774.5251713512986,764.8997617052285,-9.625409646070125
253,bca/62/100,bca/100,62,9,perturb_0.3_+1,771.2633476620904,766.3456657291594,-4.917681932931032
254,bca/63/0,bca/0,63,0,host_reference,646.4453793007744,642.8442644649652,-3.6011148358091987
254,bca/63/0,bca/0,63,1,bca,647.3554734397945,642.2780846229695,-5.077388816825078
254,bca/63/0,bca/0,63,2,nearest_recorded,646.8614435118519,641.2893470242326,-5.572096487619319
254,bca/63/0,bca/0,63,3,uniform,658.8868218112211,644.31230216455,-14.574519646671092
254,bca/63/0,bca/0,63,4,perturb_0.05_-1,645.4962124625125,644.5497069620325,-0.9465055004800433
254,bca/63/0,bca/0,63,5,perturb_0.05_+1,645.9849845652127,643.3273733629158,-2.6576112022969482
254,bca/63/0,bca/0,63,6,perturb_0.15_-1,648.6777504462414,642.3912946014409,-6.286455844800457
254,bca/63/0,bca/0,63,7,perturb_0.15_+1,646.8129530022898,642.6881577614989,-4.1247952407908315
254,bca/63/0,bca/0,63,8,perturb_0.3_-1,657.9347702314906,642.9875036562464,-14.947266575244157
254,bca/63/0,bca/0,63,9,perturb_0.3_+1,646.3030432894107,644.4001983016008,-1.9028449878098854
255,bca/63/100,bca/100,63,0,host_reference,783.5476542197894,784.5500016468517,1.0023474270623183
255,bca/63/100,bca/100,63,1,bca,784.0955302857213,775.1928839031443,-8.902646382577018
255,bca/63/100,bca/100,63,2,nearest_recorded,783.3272112904518,775.3423838893673,-7.984827401084544
255,bca/63/100,bca/100,63,3,uniform,783.8871739890594,775.3491515831042,-8.53802240595519
255,bca/63/100,bca/100,63,4,perturb_0.05_-1,784.0961143400231,775.1849862421418,-8.91112809788126
255,bca/63/100,bca/100,63,5,perturb_0.05_+1,783.5501857747154,784.7109487711682,1.1607629964528314
255,bca/63/100,bca/100,63,6,perturb_0.15_-1,783.7986107518451,785.4349398386083,1.6363290867632259
255,bca/63/100,bca/100,63,7,perturb_0.15_+1,783.2925527032282,775.3348119121362,-7.957740791092078
255,bca/63/100,bca/100,63,8,perturb_0.3_-1,782.9495265706719,775.3288031722319,-7.620723398439964
255,bca/63/100,bca/100,63,9,perturb_0.3_+1,782.8932547484608,782.4338526265892,-0.4594021218715625
