panel,series,x,y,lower,upper,kind,note
0,Host seed 0,5000.0,-5.614207140319143,,,faint,
0,Host seed 0,10000.0,-5.2346453689132,,,faint,
0,Host seed 0,15000.0,-4.8613743076283615,,,faint,
0,Host seed 0,20000.0,-4.494454562621122,,,faint,
0,Host seed 0,25000.0,-4.1339471631391085,,,faint,
0,Host seed 0,30000.0,-3.7799130058625035,,,faint,
0,Host seed 0,35000.0,-3.432412306394595,,,faint,
0,Host seed 0,40000.0,-3.091504059470302,,,faint,
0,Host seed 0,45000.0,-2.757245509426851,,,faint,
0,Host seed 0,50000.0,-2.4296916324513904,,,faint,
0,Host seed 0,55000.0,-2.108894632086122,,,faint,
0,Host seed 0,60000.0,-1.7949034494328084,,,faint,
0,Host seed 0,65000.0,-1.487763289455238,,,faint,
0,Host seed 0,70000.0,-1.1875151647306619,,,faint,
0,Host seed 0,75000.0,-0.8941954579493594,,,faint,
0,Host seed 0,80000.0,-0.6078355044056541,,,faint,
0,Host seed 0,85000.0,-0.3284611956640032,,,faint,
0,Host seed 0,90000.0,-0.056092605520310146,,,faint,
0,Host seed 0,95000.0,0.20925636068828146,,,faint,
0,Host seed 0,100000.0,0.467578292441992,,,faint,
0,Host seed 0,105000.0,0.7188725751556497,,,faint,
0,Host seed 0,110000.0,0.9631456652208386,,,faint,
0,Host seed 0,115000.0,1.2004113382179333,,,faint,
0,Host seed 0,120000.0,1.4306909096241294,,,faint,
0,Host seed 0,125000.0,1.6540134274266634,,,faint,
0,Host seed 0,130000.0,1.8704158361355376,,,faint,
0,Host seed 0,135000.0,2.0799431117766534,,,faint,
0,Host seed 0,140000.0,2.282648367534173,,,faint,
0,Host seed 0,145000.0,2.4785929297999987,,,faint,
0,Host seed 0,150000.0,2.6678463844779756,,,faint,
0,Host seed 0,155000.0,2.8504865934807055,,,faint,
0,Host seed 0,160000.0,3.0265996814473906,,,faint,
0,Host seed 0,165000.0,3.1962799928015064,,,faint,
0,Host seed 0,170000.0,3.3596300193572155,,,faint,
0,Host seed 0,175000.0,3.516760298772941,,,faint,
0,Host seed 0,180000.0,3.667789284239025,,,faint,
0,Host seed 0,185000.0,3.812843185873878,,,faint,
0,Host seed 0,190000.0,3.9520557843889446,,,faint,
0,Host seed 0,195000.0,4.085568217667138,,,faint,
0,Host seed 0,200000.0,4.213528740981592,,,faint,
0,Host seed 0,205000.0,4.336092461661791,,,faint,
0,Host seed 0,210000.0,4.453421049091645,,,faint,
0,Host seed 0,215000.0,4.565682420999062,,,faint,
0,Host seed 0,220000.0,4.673050407068457,,,faint,
0,Host seed 0,225000.0,4.775704390976548,,,faint,
0,Host seed 0,230000.0,4.873828932017115,,,faint,
0,Host seed 0,235000.0,4.967613367542347,,,faint,
0,Host seed 0,240000.0,5.057251397506438,,,faint,
0,Host seed 0,245000.0,5.142940652451246,,,faint,
0,Host seed 0,250000.0,5.224882246323887,,,faint,
0,Host seed 0,255000.0,5.303280315561844,,,faint,
0,Host seed 0,260000.0,5.3783415459226,,,faint,
0,Host seed 0,265000.0,5.4502746885715165,,,faint,
0,Host seed 0,270000.0,5.5192900669739045,,,faint,
0,Host seed 0,275000.0,5.585599076164668,,,faint,
0,Host seed 0,280000.0,5.64941367599135,,,faint,
0,Host seed 0,285000.0,5.710945879944235,,,faint,
0,Host seed 0,290000.0,5.770407241199713,,,faint,
0,Host seed 0,295000.0,5.828008337510904,,,faint,
0,Host seed 0,300000.0,5.883958256582213,,,faint,
0,Host seed 0,305000.0,5.938464083562057,,,faint,
0,Host seed 0,310000.0,5.9917303922806875,,,faint,
0,Host seed 0,315000.0,6.043958741847623,,,faint,
0,Host seed 0,320000.0,6.095347180205843,,,faint,
0,Host seed 0,325000.0,6.146089756217617,,,faint,
0,Host seed 0,330000.0,6.196376041829724,,,faint,
0,Host seed 0,335000.0,6.246390665833992,,,faint,
0,Host seed 0,340000.0,6.296312860702491,,,faint,
0,Host seed 0,345000.0,6.346316023935592,,,faint,
0,Host seed 0,350000.0,6.396567295315747,,,faint,
0,Host seed 0,355000.0,6.447227151409803,,,faint,
0,Host seed 0,360000.0,6.498449018608991,,,faint,
0,Host seed 0,365000.0,6.550378905937635,,,faint,
0,Host seed 0,370000.0,6.603155058800058,,,faint,
0,Host seed 0,375000.0,6.656907634769828,,,faint,
0,Host seed 0,380000.0,6.7117584024568995,,,faint,
0,Host seed 0,385000.0,6.767820464416211,,,faint,
0,Host seed 0,390000.0,6.825198004986637,,,faint,
0,Host seed 0,395000.0,6.883986063871559,,,faint,
0,Host seed 0,400000.0,6.944270336192257,,,faint,
0,Host seed 0,405000.0,7.0061269996631665,,,faint,
0,Host seed 0,410000.0,7.069622569453589,,,faint,
0,Host seed 0,415000.0,7.134813781214619,,,faint,
0,Host seed 0,420000.0,7.201747502662447,,,faint,
0,Host seed 0,425000.0,7.270460674020591,,,faint,
0,Host seed 0,430000.0,7.3409802775339745,,,faint,
0,Host seed 0,435000.0,7.413323336177613,,,faint,
0,Host seed 0,440000.0,7.487496941591938,,,faint,
0,Host seed 0,445000.0,7.563498311186184,,,faint,
0,Host seed 0,450000.0,7.64131487426075,,,faint,
0,Host seed 0,455000.0,7.720924386909313,,,faint,
0,Host seed 0,460000.0,7.802295075372356,,,faint,
0,Host seed 0,465000.0,7.885385807425298,,,faint,
0,Host seed 0,470000.0,7.970146291297591,,,faint,
0,Host seed 0,475000.0,8.056517301533697,,,faint,
0,Host seed 0,480000.0,8.14443093112323,,,faint,
0,Host seed 0,485000.0,8.233810869146083,,,faint,
0,Host seed 0,490000.0,8.324572703099209,,,faint,
0,Host seed 0,495000.0,8.416624244995118,,,faint,
0,Host seed 0,500000.0,8.509865880248334,,,faint,
0,Host seed 0,505000.0,8.60419093829544,,,faint,
0,Host seed 0,510000.0,8.699486083826768,,,faint,
0,Host seed 0,515000.0,8.795631727443823,,,faint,
0,Host seed 0,520000.0,8.892502454496247,,,faint,
0,Host seed 0,525000.0,8.989967470795573,,,faint,
0,Host seed 0,530000.0,9.087891063850618,,,faint,
0,Host seed 0,535000.0,9.186133078221088,,,faint,
0,Host seed 0,540000.0,9.284549403542046,,,faint,
0,Host seed 0,545000.0,9.38299247373242,,,faint,
0,Host seed 0,550000.0,9.481311775865912,,,faint,
0,Host seed 0,555000.0,9.579354367152419,,,faint,
0,Host seed 0,560000.0,9.676965398452896,,,faint,
0,Host seed 0,565000.0,9.773988642729831,,,faint,
0,Host seed 0,570000.0,9.870267026820239,,,faint,
0,Host seed 0,575000.0,9.965643164907263,,,faint,
0,Host seed 0,580000.0,10.059959892061121,,,faint,
0,Host seed 0,585000.0,10.153060796219437,,,faint,
0,Host seed 0,590000.0,10.24479074698164,,,faint,
0,Host seed 0,595000.0,10.33499641960158,,,faint,
0,Host seed 0,600000.0,10.423526812577096,,,faint,
0,Host seed 0,605000.0,10.510233757254621,,,faint,
0,Host seed 0,610000.0,10.59497241789147,,,faint,
0,Host seed 0,615000.0,10.67760178064739,,,faint,
0,Host seed 0,620000.0,10.757985130011022,,,faint,
0,Host seed 0,625000.0,10.835990511205406,,,faint,
0,Host seed 0,630000.0,10.911491177159498,,,faint,
0,Host seed 0,635000.0,10.98436601868031,,,faint,
0,Host seed 0,640000.0,11.054499976511634,,,faint,
0,Host seed 0,645000.0,11.121784434021066,,,faint,
0,Host seed 0,650000.0,11.186117589316567,,,faint,
0,Host seed 0,655000.0,11.247404805657036,,,faint,
0,Host seed 0,660000.0,11.305558939088078,,,faint,
0,Host seed 0,665000.0,11.360500642304247,,,faint,
0,Host seed 0,670000.0,11.412158643812102,,,faint,
0,Host seed 0,675000.0,11.460470001544559,,,faint,
0,Host seed 0,680000.0,11.50538033015541,,,faint,
0,Host seed 0,685000.0,11.546844001304093,,,faint,
0,Host seed 0,690000.0,11.58482431632381,,,faint,
0,Host seed 0,695000.0,11.619293650751164,,,faint,
0,Host seed 0,700000.0,11.650233570282035,,,faint,
0,Host seed 0,705000.0,11.677634917806495,,,faint,
0,Host seed 0,710000.0,11.701497871264467,,,faint,
0,Host seed 0,715000.0,11.721831972153826,,,faint,
0,Host seed 0,720000.0,11.738656124612955,,,faint,
0,Host seed 0,725000.0,11.75199856509025,,,faint,
0,Host seed 0,730000.0,11.761896802703927,,,faint,
0,Host seed 0,735000.0,11.768397530485451,,,faint,
0,Host seed 0,740000.0,11.771556507789809,,,faint,
0,Host seed 0,745000.0,11.771438414244455,,,faint,
0,Host seed 0,750000.0,11.768116675696598,,,faint,
0,Host seed 0,755000.0,11.761673262704585,,,faint,
0,Host seed 0,760000.0,11.752198462203742,,,faint,
0,Host seed 0,765000.0,11.739790623059754,,,faint,
0,Host seed 0,770000.0,11.724555876302844,,,faint,
0,Host seed 0,775000.0,11.70660783091431,,,faint,
0,Host seed 0,780000.0,11.686067246111891,,,faint,
0,Host seed 0,785000.0,11.663061681153193,,,faint,
0,Host seed 0,790000.0,11.637725123745296,,,faint,
0,Host seed 0,795000.0,11.610197598214745,,,faint,
0,Host seed 0,800000.0,11.58062475465436,,,faint,
0,Host seed 0,805000.0,11.549157440321908,,,faint,
0,Host seed 0,810000.0,11.515951254620207,,,faint,
0,Host seed 0,815000.0,11.481166089038913,,,faint,
0,Host seed 0,820000.0,11.444965653484411,,,faint,
0,Host seed 0,825000.0,11.407516990466108,,,faint,
0,Host seed 0,830000.0,11.368989978644848,,,faint,
0,Host seed 0,835000.0,11.329556827281758,,,faint,
0,Host seed 0,840000.0,11.289391563153936,,,faint,
0,Host seed 0,845000.0,11.24866951152635,,,faint,
0,Host seed 0,850000.0,11.207566772787708,,,faint,
0,Host seed 0,855000.0,11.166259696371215,,,faint,
0,Host seed 0,860000.0,11.124924353589423,,,faint,
0,Host seed 0,865000.0,11.083736011015647,,,faint,
0,Host seed 0,870000.0,11.042868606042633,,,faint,
0,Host seed 0,875000.0,11.00249422624229,,,faint,
0,Host seed 0,880000.0,10.962782594138472,,,faint,
0,Host seed 0,885000.0,10.92390055898813,,,faint,
0,Host seed 0,890000.0,10.886011597144142,,,faint,
0,Host seed 0,895000.0,10.849275322546898,,,faint,
0,Host seed 0,900000.0,10.813847008860089,,,faint,
0,Host seed 0,905000.0,10.779877124730254,,,faint,
0,Host seed 0,910000.0,10.747510883609076,,,faint,
0,Host seed 0,915000.0,10.716887809532265,,,faint,
0,Host seed 0,920000.0,10.688141320199707,,,faint,
0,Host seed 0,925000.0,10.661398328647932,,,faint,
0,Host seed 0,930000.0,10.636778864748653,,,faint,
0,Host seed 0,935000.0,10.614395717705651,,,faint,
0,Host seed 0,940000.0,10.59435410065769,,,faint,
0,Host seed 0,945000.0,10.576751338426599,,,faint,
0,Host seed 0,950000.0,10.561676579378304,,,faint,
0,Host seed 0,955000.0,10.549210532290077,,,faint,
0,Host seed 0,960000.0,10.539425229039985,,,faint,
0,Host seed 0,965000.0,10.532383813854887,,,faint,
0,Host seed 0,970000.0,10.528140359771152,,,faint,
0,Host seed 0,975000.0,10.526739712878362,,,faint,
0,Host seed 0,980000.0,10.528217364830384,,,faint,
0,Host seed 0,985000.0,10.53259935402092,,,faint,
0,Host seed 0,990000.0,10.539902195732163,,,faint,
0,Host seed 0,995000.0,10.550132841475696,,,faint,
0,Host seed 0,1000000.0,10.563288667654554,,,faint,
0,Host seed 1,5000.0,-4.099560013476465,,,faint,
0,Host seed 1,10000.0,-3.749335796393196,,,faint,
0,Host seed 1,15000.0,-3.407825461068022,,,faint,
0,Host seed 1,20000.0,-3.0749916119355545,,,faint,
0,Host seed 1,25000.0,-2.750790101916791,,,faint,
0,Host seed 1,30000.0,-2.435169801295343,,,faint,
0,Host seed 1,35000.0,-2.128072394879546,,,faint,
0,Host seed 1,40000.0,-1.8294322079526908,,,faint,
0,Host seed 1,45000.0,-1.5391760614269994,,,faint,
0,Host seed 1,50000.0,-1.2572231565291538,,,faint,
0,Host seed 1,55000.0,-0.983484989256172,,,faint,
0,Host seed 1,60000.0,-0.7178652947507804,,,faint,
0,Host seed 1,65000.0,-0.46026002165515756,,,faint,
0,Host seed 1,70000.0,-0.21055733641156027,,,faint,
0,Host seed 1,75000.0,0.03136234261210313,,,faint,
0,Host seed 1,80000.0,0.2656262813836878,,,faint,
0,Host seed 1,85000.0,0.4923693371565445,,,faint,
0,Host seed 1,90000.0,0.711733836497475,,,faint,
0,Host seed 1,95000.0,0.9238694248701562,,,faint,
0,Host seed 1,100000.0,1.1289328883371401,,,faint,
0,Host seed 1,105000.0,1.327087948027855,,,faint,
0,Host seed 1,110000.0,1.5185050281021972,,,faint,
0,Host seed 1,115000.0,1.7033609980193585,,,faint,
0,Host seed 1,120000.0,1.8818388899991414,,,faint,
0,Host seed 1,125000.0,2.054127592637794,,,faint,
0,Host seed 1,130000.0,2.2204215217123964,,,faint,
0,Host seed 1,135000.0,2.3809202692765554,,,faint,
0,Host seed 1,140000.0,2.5358282322155326,,,faint,
0,Host seed 1,145000.0,2.6853542214908,,,faint,
0,Host seed 1,150000.0,2.829711053362022,,,faint,
0,Host seed 1,155000.0,2.9691151239285594,,,faint,
0,Host seed 1,160000.0,3.103785968382619,,,faint,
0,Host seed 1,165000.0,3.233945806411863,,,faint,
0,Host seed 1,170000.0,3.359819075230576,,,faint,
0,Host seed 1,175000.0,3.481631951755344,,,faint,
0,Host seed 1,180000.0,3.5996118654732108,,,faint,
0,Host seed 1,185000.0,3.713987003577732,,,faint,
0,Host seed 1,190000.0,3.8249858099708263,,,faint,
0,Host seed 1,195000.0,3.9328364797460087,,,faint,
0,Host seed 1,200000.0,4.037766450781146,,,faint,
0,Host seed 1,205000.0,4.140001894076692,,,faint,
0,Host seed 1,210000.0,4.239767204477835,,,faint,
0,Host seed 1,215000.0,4.337284493416777,,,faint,
0,Host seed 1,220000.0,4.432773085303722,,,faint,
0,Host seed 1,225000.0,4.526449019182972,,,faint,
0,Host seed 1,230000.0,4.618524557252926,,,faint,
0,Host seed 1,235000.0,4.709207701826632,,,faint,
0,Host seed 1,240000.0,4.798701722282281,,,faint,
0,Host seed 1,245000.0,4.887204693521219,,,faint,
0,Host seed 1,250000.0,4.974909047414397,,,faint,
0,Host seed 1,255000.0,5.062001138677136,,,faint,
0,Host seed 1,260000.0,5.148660826566491,,,faint,
0,Host seed 1,265000.0,5.235061073745685,,,faint,
0,Host seed 1,270000.0,5.321367563606109,,,faint,
0,Host seed 1,275000.0,5.40773833727954,,,faint,
0,Host seed 1,280000.0,5.494323451511377,,,faint,
0,Host seed 1,285000.0,5.581264658500565,,,faint,
0,Host seed 1,290000.0,5.6686951087430275,,,faint,
0,Host seed 1,295000.0,5.756739077843639,,,faint,
0,Host seed 1,300000.0,5.845511718186937,,,faint,
0,Host seed 1,305000.0,5.935118836279105,,,faint,
0,Host seed 1,310000.0,6.025656696493819,,,faint,
0,Host seed 1,315000.0,6.117211851872146,,,faint,
0,Host seed 1,320000.0,6.20986100254246,,,faint,
0,Host seed 1,325000.0,6.303670882240235,,,faint,
0,Host seed 1,330000.0,6.39869817332014,,,faint,
0,Host seed 1,335000.0,6.494989450564155,,,faint,
0,Host seed 1,340000.0,6.592581153999802,,,faint,
0,Host seed 1,345000.0,6.691499590852292,,,faint,
0,Host seed 1,350000.0,6.791760966663874,,,faint,
0,Host seed 1,355000.0,6.893371445522776,,,faint,
0,Host seed 1,360000.0,6.996327239253781,,,faint,
0,Host seed 1,365000.0,7.100614725332293,,,faint,
0,Host seed 1,370000.0,7.2062105931945055,,,faint,
0,Host seed 1,375000.0,7.313082018527938,,,faint,
0,Host seed 1,380000.0,7.421186865039723,,,faint,
0,Host seed 1,385000.0,7.530473913114438,,,faint,
0,Host seed 1,390000.0,7.640883114689819,,,faint,
0,Host seed 1,395000.0,7.752345873597092,,,faint,
0,Host seed 1,400000.0,7.864785350533473,,,faint,
0,Host seed 1,405000.0,7.978116791757871,,,faint,
0,Host seed 1,410000.0,8.092247880526877,,,faint,
0,Host seed 1,415000.0,8.207079110217574,,,faint,
0,Host seed 1,420000.0,8.322504178016066,,,faint,
0,Host seed 1,425000.0,8.438410397986672,,,faint,
0,Host seed 1,430000.0,8.554679132276378,,,faint,
0,Host seed 1,435000.0,8.671186239152687,,,faint,
0,Host seed 1,440000.0,8.787802536520427,,,faint,
0,Host seed 1,445000.0,8.904394279514925,,,faint,
0,Host seed 1,450000.0,9.020823650724962,,,faint,
0,Host seed 1,455000.0,9.136949261559403,,,faint,
0,Host seed 1,460000.0,9.252626663236661,,,faint,
0,Host seed 1,465000.0,9.367708865845797,,,faint,
0,Host seed 1,470000.0,9.482046863902859,,,faint,
0,Host seed 1,475000.0,9.595490166805448,,,faint,
0,Host seed 1,480000.0,9.707887332572982,,,faint,
0,Host seed 1,485000.0,9.819086503249489,,,faint,
0,Host seed 1,490000.0,9.928935940340288,,,faint,
0,Host seed 1,495000.0,10.037284558653324,,,faint,
0,Host seed 1,500000.0,10.143982456920366,,,faint,
0,Host seed 1,505000.0,10.24888144358294,,,faint,
0,Host seed 1,510000.0,10.351835556142296,,,faint,
0,Host seed 1,515000.0,10.452701572492124,,,faint,
0,Host seed 1,520000.0,10.551339512677224,,,faint,
0,Host seed 1,525000.0,10.64761312955033,,,faint,
0,Host seed 1,530000.0,10.74139038683331,,,faint,
0,Host seed 1,535000.0,10.832543923127341,,,faint,
0,Host seed 1,540000.0,10.920951500459761,,,faint,
0,Host seed 1,545000.0,11.006496436002541,,,faint,
0,Host seed 1,550000.0,11.089068015649035,,,faint,
0,Host seed 1,555000.0,11.16856188819113,,,faint,
0,Host seed 1,560000.0,11.244880438898651,,,faint,
0,Host seed 1,565000.0,11.31793314136586,,,faint,
0,Host seed 1,570000.0,11.387636886556871,,,faint,
0,Host seed 1,575000.0,11.453916288051628,,,faint,
0,Host seed 1,580000.0,11.516703962567366,,,faint,
0,Host seed 1,585000.0,11.57594078490636,,,faint,
0,Host seed 1,590000.0,11.631576116559453,,,faint,
0,Host seed 1,595000.0,11.683568007275772,,,faint,
0,Host seed 1,600000.0,11.731883368992248,,,faint,
0,Host seed 1,605000.0,11.776498121601463,,,faint,
0,Host seed 1,610000.0,11.817397310123075,,,faint,
0,Host seed 1,615000.0,11.85457519293193,,,faint,
0,Host seed 1,620000.0,11.888035300785047,,,faint,
0,Host seed 1,625000.0,11.917790466479591,,,faint,
0,Host seed 1,630000.0,11.943862825064091,,,faint,
0,Host seed 1,635000.0,11.966283784616039,,,faint,
0,Host seed 1,640000.0,11.985093967689359,,,faint,
0,Host seed 1,645000.0,12.000343123625584,,,faint,
0,Host seed 1,650000.0,12.01209001201226,,,faint,
0,Host seed 1,655000.0,12.020402257660836,,,faint,
0,Host seed 1,660000.0,12.025356177563966,,,faint,
0,Host seed 1,665000.0,12.027036580378402,,,faint,
0,Host seed 1,670000.0,12.025536539064154,,,faint,
0,Host seed 1,675000.0,12.02095713739331,,,faint,
0,Host seed 1,680000.0,12.01340719112217,,,faint,
0,Host seed 1,685000.0,12.003002944698446,,,faint,
0,Host seed 1,690000.0,11.989867744450496,,,faint,
0,Host seed 1,695000.0,11.97413168927797,,,faint,
0,Host seed 1,700000.0,11.955931259932358,,,faint,
0,Host seed 1,705000.0,11.935408928042005,,,faint,
0,Host seed 1,710000.0,11.91271274609816,,,faint,
0,Host seed 1,715000.0,11.887995919677559,,,faint,
0,Host seed 1,720000.0,11.86141636323133,,,faint,
0,Host seed 1,725000.0,11.833136240820666,,,faint,
0,Host seed 1,730000.0,11.803321493226123,,,faint,
0,Host seed 1,735000.0,11.772141352898968,,,faint,
0,Host seed 1,740000.0,11.739767848260612,,,faint,
0,Host seed 1,745000.0,11.706375298888732,,,faint,
0,Host seed 1,750000.0,11.672139803156652,,,faint,
0,Host seed 1,755000.0,11.637238719915723,,,faint,
0,Host seed 1,760000.0,11.60185014582856,,,faint,
0,Host seed 1,765000.0,11.566152389974453,,,faint,
0,Host seed 1,770000.0,11.530323447356219,,,faint,
0,Host seed 1,775000.0,11.494540472941408,,,faint,
0,Host seed 1,780000.0,11.458979257868512,,,faint,
0,Host seed 1,785000.0,11.423813709442479,,,faint,
0,Host seed 1,790000.0,11.389215336531562,,,faint,
0,Host seed 1,795000.0,11.355352741961052,,,faint,
0,Host seed 1,800000.0,11.322391123477532,,,faint,
0,Host seed 1,805000.0,11.290491784830781,,,faint,
0,Host seed 1,810000.0,11.25981165848908,,,faint,
0,Host seed 1,815000.0,11.230502841467638,,,faint,
0,Host seed 1,820000.0,11.202712145709325,,,faint,
0,Host seed 1,825000.0,11.17658066441176,,,faint,
0,Host seed 1,830000.0,11.152243355645593,,,faint,
0,Host seed 1,835000.0,11.129828644555237,,,faint,
0,Host seed 1,840000.0,11.109458045375963,,,faint,
0,Host seed 1,845000.0,11.091245804439858,,,faint,
0,Host seed 1,850000.0,11.075298565278455,,,faint,
0,Host seed 1,855000.0,11.061715056861354,,,faint,
0,Host seed 1,860000.0,11.050585805938805,,,faint,
0,Host seed 1,865000.0,11.04199287438165,,,faint,
0,Host seed 1,870000.0,11.036009622334841,,,faint,
0,Host seed 1,875000.0,11.032700497920937,,,faint,
0,Host seed 1,880000.0,11.032120854147989,,,faint,
0,Host seed 1,885000.0,11.034316793592216,,,faint,
0,Host seed 1,890000.0,11.039325041339962,,,faint,
0,Host seed 1,895000.0,11.047172846586268,,,faint,
0,Host seed 1,900000.0,11.057877913198753,,,faint,
0,Host seed 1,905000.0,11.07144835946613,,,faint,
0,Host seed 1,910000.0,11.087882707160436,,,faint,
0,Host seed 1,915000.0,11.107169899951593,,,faint,
0,Host seed 1,920000.0,11.129289351122248,,,faint,
0,Host seed 1,925000.0,11.154211020440275,,,faint,
0,Host seed 1,930000.0,11.181895519956392,,,faint,
0,Host seed 1,935000.0,11.212294248404834,,,faint,
0,Host seed 1,940000.0,11.245349553796883,,,faint,
0,Host seed 1,945000.0,11.280994923709839,,,faint,
0,Host seed 1,950000.0,11.319155202688497,,,faint,
0,Host seed 1,955000.0,11.359746836092551,,,faint,
0,Host seed 1,960000.0,11.402678139641502,,,faint,
0,Host seed 1,965000.0,11.447849593829512,,,faint,
0,Host seed 1,970000.0,11.495154162305543,,,faint,
0,Host seed 1,975000.0,11.54447763324039,,,faint,
0,Host seed 1,980000.0,11.595698982630996,,,faint,
0,Host seed 1,985000.0,11.648690758424785,,,faint,
0,Host seed 1,990000.0,11.703319484282432,,,faint,
0,Host seed 1,995000.0,11.759446081736803,,,faint,
0,Host seed 1,1000000.0,11.816926309448927,,,faint,
0,Host seed 2,5000.0,-3.38494694929459,,,faint,
0,Host seed 2,10000.0,-3.087981200498048,,,faint,
0,Host seed 2,15000.0,-2.7996100881958164,,,faint,
0,Host seed 2,20000.0,-2.519632249054196,,,faint,
0,Host seed 2,25000.0,-2.247840442115366,,,faint,
0,Host seed 2,30000.0,-1.9840218209203313,,,faint,
0,Host seed 2,35000.0,-1.7279582296684153,,,faint,
0,Host seed 2,40000.0,-1.4794265223758323,,,faint,
0,Host seed 2,45000.0,-1.2381989039270977,,,faint,
0,Host seed 2,50000.0,-1.0040432918477942,,,faint,
0,Host seed 2,55000.0,-0.7767236975653709,,,faint,
0,Host seed 2,60000.0,-0.5560006258667334,,,faint,
0,Host seed 2,65000.0,-0.34163149120730396,,,faint,
0,Host seed 2,70000.0,-0.13337104947633166,,,faint,
0,Host seed 2,75000.0,0.0690281562224595,,,faint,
0,Host seed 2,80000.0,0.265815337257048,,,faint,
0,Host seed 2,85000.0,0.4572409901389469,,,faint,
0,Host seed 2,90000.0,0.6435564177316605,,,faint,
0,Host seed 2,95000.0,0.8250132425740102,,,faint,
0,Host seed 2,100000.0,1.001862913919022,,,faint,
0,Host seed 2,105000.0,1.174356210106725,,,faint,
0,Host seed 2,110000.0,1.3427427379017516,,,faint,
0,Host seed 2,115000.0,1.5072704304342581,,,faint,
0,Host seed 2,120000.0,1.6681850453853317,,,faint,
0,Host seed 2,125000.0,1.8257296650555093,,,faint,
0,Host seed 2,130000.0,1.9801441999476614,,,faint,
0,Host seed 2,135000.0,2.131664897482979,,,faint,
0,Host seed 2,140000.0,2.280523857451344,,,faint,
0,Host seed 2,145000.0,2.426948555775084,,,faint,
0,Host seed 2,150000.0,2.571161378137865,,,faint,
0,Host seed 2,155000.0,2.7133791649985315,,,faint,
0,Host seed 2,160000.0,2.8538127694731292,,,faint,
0,Host seed 2,165000.0,2.9926666295271547,,,faint,
0,Host seed 2,170000.0,3.130138355874467,,,faint,
0,Host seed 2,175000.0,3.2664183369295126,,,faint,
0,Host seed 2,180000.0,3.401689362105415,,,faint,
0,Host seed 2,185000.0,3.536126264692604,,,faint,
0,Host seed 2,190000.0,3.6698955854908535,,,faint,
0,Host seed 2,195000.0,3.8031552583023385,,,faint,
0,Host seed 2,200000.0,3.9360543183244605,,,faint,
0,Host seed 2,205000.0,4.068732634409427,,,faint,
0,Host seed 2,210000.0,4.201320666082559,,,faint,
0,Host seed 2,215000.0,4.333939246133825,,,faint,
0,Host seed 2,220000.0,4.466699389516854,,,faint,
0,Host seed 2,225000.0,4.599702129207495,,,faint,
0,Host seed 2,230000.0,4.7330383795895425,,,faint,
0,Host seed 2,235000.0,4.866788827849249,,,faint,
0,Host seed 2,240000.0,5.001023853772698,,,faint,
0,Host seed 2,245000.0,5.135803478251382,,,faint,
0,Host seed 2,250000.0,5.2711773407117075,,,faint,
0,Host seed 2,255000.0,5.407184705593836,,,faint,
0,Host seed 2,260000.0,5.5438544979146185,,,faint,
0,Host seed 2,265000.0,5.6812053678586585,,,faint,
0,Host seed 2,270000.0,5.819245784250899,,,faint,
0,Host seed 2,275000.0,5.957974156674198,,,faint,
0,Host seed 2,280000.0,6.097378985905825,,,faint,
0,Host seed 2,285000.0,6.237439042258674,,,faint,
0,Host seed 2,290000.0,6.378123571325852,,,faint,
0,Host seed 2,295000.0,6.519392526541868,,,faint,
0,Host seed 2,300000.0,6.6611968278901195,,,faint,
0,Host seed 2,305000.0,6.803478646004638,,,faint,
0,Host seed 2,310000.0,6.946171710835036,,,faint,
0,Host seed 2,315000.0,7.0892016439668515,,,faint,
0,Host seed 2,320000.0,7.232486313615748,,,faint,
0,Host seed 2,325000.0,7.375936211243191,,,faint,
0,Host seed 2,330000.0,7.519454848673759,,,faint,
0,Host seed 2,335000.0,7.662939174530237,,,faint,
0,Host seed 2,340000.0,7.806280008742207,,,faint,
0,Host seed 2,345000.0,7.949362493827368,,,faint,
0,Host seed 2,350000.0,8.092066561592365,,,faint,
0,Host seed 2,355000.0,8.234267413851518,,,faint,
0,Host seed 2,360000.0,8.375836015717994,,,faint,
0,Host seed 2,365000.0,8.516639599982385,,,faint,
0,Host seed 2,370000.0,8.656542181058812,,,faint,
0,Host seed 2,375000.0,8.79540507694844,,,faint,
0,Host seed 2,380000.0,8.933087437644993,,,faint,
0,Host seed 2,385000.0,9.06944677838619,,,faint,
0,Host seed 2,390000.0,9.204339516139573,,,faint,
0,Host seed 2,395000.0,9.337621507700499,,,faint,
0,Host seed 2,400000.0,9.469148587774553,,,faint,
0,Host seed 2,405000.0,9.59877710541608,,,faint,
0,Host seed 2,410000.0,9.72636445719891,,,faint,
0,Host seed 2,415000.0,9.851769615505075,,,faint,
0,Host seed 2,420000.0,9.974853650331596,,,faint,
0,Host seed 2,425000.0,10.095480243034975,,,faint,
0,Host seed 2,430000.0,10.213516190457357,,,faint,
0,Host seed 2,435000.0,10.328831897907445,,,faint,
0,Host seed 2,440000.0,10.44130185950312,,,faint,
0,Host seed 2,445000.0,10.55080512442118,,,faint,
0,Host seed 2,450000.0,10.657225747642677,,,faint,
0,Host seed 2,455000.0,10.760453223829526,,,faint,
0,Host seed 2,460000.0,10.860382903019786,,,faint,
0,Host seed 2,465000.0,10.95691638688451,,,faint,
0,Host seed 2,470000.0,11.049961904348615,,,faint,
0,Host seed 2,475000.0,11.139434665441478,,,faint,
0,Host seed 2,480000.0,11.225257192309616,,,faint,
0,Host seed 2,485000.0,11.307359626393856,,,faint,
0,Host seed 2,490000.0,11.385680010846535,,,faint,
0,Host seed 2,495000.0,11.460164547340248,,,faint,
0,Host seed 2,500000.0,11.530767826498181,,,faint,
0,Host seed 2,505000.0,11.597453031257134,,,faint,
0,Host seed 2,510000.0,11.66019211255745,,,faint,
0,Host seed 2,515000.0,11.718965936838966,,,faint,
0,Host seed 2,520000.0,11.773764404908832,,,faint,
0,Host seed 2,525000.0,11.824586541834872,,,faint,
0,Host seed 2,530000.0,11.871440557607336,,,faint,
0,Host seed 2,535000.0,11.914343878401528,,,faint,
0,Host seed 2,540000.0,11.953323148364355,,,faint,
0,Host seed 2,545000.0,11.988414201938271,,,faint,
0,Host seed 2,550000.0,12.019662006826762,,,faint,
0,Host seed 2,555000.0,12.04712057779565,,,faint,
0,Host seed 2,560000.0,12.070852861594346,,,faint,
0,Host seed 2,565000.0,12.090930593369661,,,faint,
0,Host seed 2,570000.0,12.10743412503276,,,faint,
0,Host seed 2,575000.0,12.120452226125785,,,faint,
0,Host seed 2,580000.0,12.13008185781942,,,faint,
0,Host seed 2,585000.0,12.136427920755112,,,faint,
0,Host seed 2,590000.0,12.139602977526213,,,faint,
0,Host seed 2,595000.0,12.139726950670127,,,faint,
0,Host seed 2,600000.0,12.136926797118937,,,faint,
0,Host seed 2,605000.0,12.13133616012827,,,faint,
0,Host seed 2,610000.0,12.1230949997734,,,faint,
0,Host seed 2,615000.0,12.11234920316744,,,faint,
0,Host seed 2,620000.0,12.099250175618742,,,faint,
0,Host seed 2,625000.0,12.083954414003326,,,faint,
0,Host seed 2,630000.0,12.066623063682467,,,faint,
0,Host seed 2,635000.0,12.047421460346456,,,faint,
0,Host seed 2,640000.0,12.026518658211558,,,faint,
0,Host seed 2,645000.0,12.0040869460391,,,faint,
0,Host seed 2,650000.0,11.980301352483066,,,faint,
0,Host seed 2,655000.0,11.955339142305114,,,faint,
0,Host seed 2,660000.0,11.929379305024023,,,faint,
0,Host seed 2,665000.0,11.902602037589542,,,faint,
0,Host seed 2,670000.0,11.875188222688974,,,faint,
0,Host seed 2,675000.0,11.847318904308011,,,faint,
0,Host seed 2,680000.0,11.819174762175546,,,faint,
0,Host seed 2,685000.0,11.790935586725546,,,faint,
0,Host seed 2,690000.0,11.762779756207118,,,faint,
0,Host seed 2,695000.0,11.734883717567257,,,faint,
0,Host seed 2,700000.0,11.707421472718625,,,faint,
0,Host seed 2,705000.0,11.680564071788314,,,faint,
0,Host seed 2,710000.0,11.654479114921333,,,faint,
0,Host seed 2,715000.0,11.629330264186434,,,faint,
0,Host seed 2,720000.0,11.605276767100204,,,faint,
0,Host seed 2,725000.0,11.582472993249393,,,faint,
0,Host seed 2,730000.0,11.56106798545104,,,faint,
0,Host seed 2,735000.0,11.541205026844622,,,faint,
0,Host seed 2,740000.0,11.52302122526136,,,faint,
0,Host seed 2,745000.0,11.506647116162213,,,faint,
0,Host seed 2,750000.0,11.49220628537868,,,faint,
0,Host seed 2,755000.0,11.479815012829233,,,faint,
0,Host seed 2,760000.0,11.46958193831931,,,faint,
0,Host seed 2,765000.0,11.461607750464594,,,faint,
0,Host seed 2,770000.0,11.455984899705603,,,faint,
0,Host seed 2,775000.0,11.452797336307412,,,faint,
0,Host seed 2,780000.0,11.452120274160722,,,faint,
0,Host seed 2,785000.0,11.454019981121128,,,faint,
0,Host seed 2,790000.0,11.45855359654108,,,faint,
0,Host seed 2,795000.0,11.46576897656514,,,faint,
0,Host seed 2,800000.0,11.475704567673354,,,faint,
0,Host seed 2,805000.0,11.488389308870152,,,faint,
0,Host seed 2,810000.0,11.503842562827746,,,faint,
0,Host seed 2,815000.0,11.522074076203516,,,faint,
0,Host seed 2,820000.0,11.543083969260687,,,faint,
0,Host seed 2,825000.0,11.566862754831089,,,faint,
0,Host seed 2,830000.0,11.593391386568136,,,faint,
0,Host seed 2,835000.0,11.622641336347582,,,faint,
0,Host seed 2,840000.0,11.654574700583703,,,faint,
0,Host seed 2,845000.0,11.689144335139042,,,faint,
0,Host seed 2,850000.0,11.72629401841765,,,faint,
0,Host seed 2,855000.0,11.765958642144597,,,faint,
0,Host seed 2,860000.0,11.808064429249,,,faint,
0,Host seed 2,865000.0,11.852529178184126,,,faint,
0,Host seed 2,870000.0,11.89926253293636,,,faint,
0,Host seed 2,875000.0,11.948166277895563,,,faint,
0,Host seed 2,880000.0,11.999134656682383,,,faint,
0,Host seed 2,885000.0,12.052054713954247,,,faint,
0,Host seed 2,890000.0,12.106806659140576,,,faint,
0,Host seed 2,895000.0,12.163264250990133,,,faint,
0,Host seed 2,900000.0,12.221295201749024,,,faint,
0,Host seed 2,905000.0,12.280761599727239,,,faint,
0,Host seed 2,910000.0,12.34152034895481,,,faint,
0,Host seed 2,915000.0,12.403423624575746,,,faint,
0,Host seed 2,920000.0,12.466319342579384,,,faint,
0,Host seed 2,925000.0,12.530051642424377,,,faint,
0,Host seed 2,930000.0,12.594461381070708,,,faint,
0,Host seed 2,935000.0,12.659386636899812,,,faint,
0,Host seed 2,940000.0,12.724663221972303,,,faint,
0,Host seed 2,945000.0,12.790125201047069,,,faint,
0,Host seed 2,950000.0,12.855605415764364,,,faint,
0,Host seed 2,955000.0,12.920936012379782,,,faint,
0,Host seed 2,960000.0,12.985948971424666,,,faint,
0,Host seed 2,965000.0,13.050476637662797,,,faint,
0,Host seed 2,970000.0,13.114352248711931,,,faint,
0,Host seed 2,975000.0,13.177410460703005,,,faint,
0,Host seed 2,980000.0,13.239487869358825,,,faint,
0,Host seed 2,985000.0,13.300423524888059,,,faint,
0,Host seed 2,990000.0,13.360059439109508,,,faint,
0,Host seed 2,995000.0,13.418241083245428,,,faint,
0,Host seed 2,1000000.0,13.47481787485137,,,faint,
0,Host seed 3,5000.0,-3.483803131590737,,,faint,
0,Host seed 3,10000.0,-3.2150511749161668,,,faint,
0,Host seed 3,15000.0,-2.9523418261169465,,,faint,
0,Host seed 3,20000.0,-2.6953945392546417,,,faint,
0,Host seed 3,25000.0,-2.4439310097004667,,,faint,
0,Host seed 3,30000.0,-2.1976756655341414,,,faint,
0,Host seed 3,35000.0,-1.9563561572507004,,,faint,
0,Host seed 3,40000.0,-1.7197038441405674,,,faint,
0,Host seed 3,45000.0,-1.4874542757206743,,,faint,
0,Host seed 3,50000.0,-1.259347666611983,,,faint,
0,Host seed 3,55000.0,-1.0351293632810867,,,faint,
0,Host seed 3,60000.0,-0.8145503010908904,,,faint,
0,Host seed 3,65000.0,-0.597367450137332,,,faint,
0,Host seed 3,70000.0,-0.3833442483858216,,,faint,
0,Host seed 3,75000.0,-0.17225102066224873,,,faint,
0,Host seed 3,80000.0,0.03613461790093886,,,faint,
0,Host seed 3,85000.0,0.24202737531311524,,,faint,
0,Host seed 3,90000.0,0.4456339143638648,,,faint,
0,Host seed 3,95000.0,0.6471525036888817,,,faint,
0,Host seed 3,100000.0,0.8467726894390485,,,faint,
0,Host seed 3,105000.0,1.0446749886630542,,,faint,
0,Host seed 3,110000.0,1.241030605445065,,,faint,
0,Host seed 3,115000.0,1.436001170766993,,,faint,
0,Host seed 3,120000.0,1.6297385069900545,,,faint,
0,Host seed 3,125000.0,1.8223844177725566,,,faint,
0,Host seed 3,130000.0,2.0140705041607925,,,faint,
0,Host seed 3,135000.0,2.2049180075075014,,,faint,
0,Host seed 3,140000.0,2.395037679787959,,,faint,
0,Host seed 3,145000.0,2.5845296817977017,,,faint,
0,Host seed 3,150000.0,2.773483509628282,,,faint,
0,Host seed 3,155000.0,2.9619779497286944,,,faint,
0,Host seed 3,160000.0,3.15008106277044,,,faint,
0,Host seed 3,165000.0,3.337850196443853,,,faint,
0,Host seed 3,170000.0,3.5253320272225936,,,faint,
0,Host seed 3,175000.0,3.712562631042485,,,faint,
0,Host seed 3,180000.0,3.8995675827502043,,,faint,
0,Host seed 3,185000.0,4.086362084087262,,,faint,
0,Host seed 3,190000.0,4.272951119885301,,,faint,
0,Host seed 3,195000.0,4.459329642060447,,,faint,
0,Host seed 3,200000.0,4.645482780907284,,,faint,
0,Host seed 3,205000.0,4.831386083107654,,,faint,
0,Host seed 3,210000.0,5.017005775785741,,,faint,
0,Host seed 3,215000.0,5.202299055859358,,,faint,
0,Host seed 3,220000.0,5.38721440385807,,,faint,
0,Host seed 3,225000.0,5.571691921302199,,,faint,
0,Host seed 3,230000.0,5.75566369066283,,,faint,
0,Host seed 3,235000.0,5.939054156852205,,,faint,
0,Host seed 3,240000.0,6.121780529126316,,,faint,
0,Host seed 3,245000.0,6.303753202217463,,,faint,
0,Host seed 3,250000.0,6.484876195454112,,,faint,
0,Host seed 3,255000.0,6.665047608568911,,,faint,
0,Host seed 3,260000.0,6.844160092843109,,,faint,
0,Host seed 3,265000.0,7.0221013361874,,,faint,
0,Host seed 3,270000.0,7.198754560715111,,,faint,
0,Host seed 3,275000.0,7.3739990313242885,,,faint,
0,Host seed 3,280000.0,7.5477105737701295,,,faint,
0,Host seed 3,285000.0,7.719762100679174,,,faint,
0,Host seed 3,290000.0,7.890024143931119,,,faint,
0,Host seed 3,295000.0,8.058365391813618,,,faint,
0,Host seed 3,300000.0,8.224653229339872,,,faint,
0,Host seed 3,305000.0,8.388754280108044,,,faint,
0,Host seed 3,310000.0,8.550534948076114,,,faint,
0,Host seed 3,315000.0,8.709861957625058,,,faint,
0,Host seed 3,320000.0,8.86660289028778,,,faint,
0,Host seed 3,325000.0,9.02062671653069,,,faint,
0,Host seed 3,330000.0,9.171804320989287,,,faint,
0,Host seed 3,335000.0,9.320009019578539,,,faint,
0,Host seed 3,340000.0,9.465117066923183,,,faint,
0,Host seed 3,345000.0,9.607008152582123,,,faint,
0,Host seed 3,350000.0,9.745565884575056,,,faint,
0,Host seed 3,355000.0,9.88067825875777,,,faint,
0,Host seed 3,360000.0,10.012238112635707,,,faint,
0,Host seed 3,365000.0,10.140143562252506,,,faint,
0,Host seed 3,370000.0,10.264298420841936,,,faint,
0,Host seed 3,375000.0,10.38461259798715,,,faint,
0,Host seed 3,380000.0,10.501002478090747,,,faint,
0,Host seed 3,385000.0,10.613391277022219,,,faint,
0,Host seed 3,390000.0,10.721709375876205,,,faint,
0,Host seed 3,395000.0,10.825894630844864,,,faint,
0,Host seed 3,400000.0,10.925892658280798,,,faint,
0,Host seed 3,405000.0,11.021657094103002,,,faint,
0,Host seed 3,410000.0,11.113149826776723,,,faint,
0,Host seed 3,415000.0,11.200341203179267,,,faint,
0,Host seed 3,420000.0,11.283210206746748,,,faint,
0,Host seed 3,425000.0,11.361744607381816,,,faint,
0,Host seed 3,430000.0,11.435941082688963,,,faint,
0,Host seed 3,435000.0,11.505805310191986,,,faint,
0,Host seed 3,440000.0,11.571352030277145,,,faint,
0,Host seed 3,445000.0,11.632605079695363,,,faint,
0,Host seed 3,450000.0,11.68959739554727,,,faint,
0,Host seed 3,455000.0,11.742370989765254,,,faint,
0,Host seed 3,460000.0,11.790976894197511,,,faint,
0,Host seed 3,465000.0,11.835475076489027,,,faint,
0,Host seed 3,470000.0,11.875934327044309,,,faint,
0,Host seed 3,475000.0,11.912432117445277,,,faint,
0,Host seed 3,480000.0,11.945054430785504,,,faint,
0,Host seed 3,485000.0,11.97389556446801,,,faint,
0,Host seed 3,490000.0,11.999057906098587,,,faint,
0,Host seed 3,495000.0,12.020651683189,,,faint,
0,Host seed 3,500000.0,12.03879468746494,,,faint,
0,Host seed 3,505000.0,12.053611974651487,,,faint,
0,Host seed 3,510000.0,12.065235540684137,,,faint,
0,Host seed 3,515000.0,12.073803975365774,,,faint,
0,Host seed 3,520000.0,12.079462094559155,,,faint,
0,Host seed 3,525000.0,12.08236055207038,,,faint,
0,Host seed 3,530000.0,12.08265543244103,,,faint,
0,Host seed 3,535000.0,12.080507825925261,,,faint,
0,Host seed 3,540000.0,12.076083386982729,,,faint,
0,Host seed 3,545000.0,12.069551877668687,,,faint,
0,Host seed 3,550000.0,12.061086697348959,,,faint,
0,Host seed 3,555000.0,12.050864400209164,,,faint,
0,Host seed 3,560000.0,12.03906420206515,,,faint,
0,Host seed 3,565000.0,12.025867478013938,,,faint,
0,Host seed 3,570000.0,12.011457252492816,,,faint,
0,Host seed 3,575000.0,11.996017683336923,,,faint,
0,Host seed 3,580000.0,11.979733541444238,,,faint,
0,Host seed 3,585000.0,11.962789687669812,,,faint,
0,Host seed 3,590000.0,11.94537054857959,,,faint,
0,Host seed 3,595000.0,11.927659592697225,,,faint,
0,Host seed 3,600000.0,11.909838808875557,,,faint,
0,Host seed 3,605000.0,11.892088188417556,,,faint,
0,Host seed 3,610000.0,11.874585212559666,,,faint,
0,Host seed 3,615000.0,11.85750434691375,,,faint,
0,Host seed 3,620000.0,11.841016544441914,,,faint,
0,Host seed 3,625000.0,11.8252887585122,,,faint,
0,Host seed 3,630000.0,11.81048346755134,,,faint,
0,Host seed 3,635000.0,11.796758212775181,,,faint,
0,Host seed 3,640000.0,11.784265150436472,,,faint,
0,Host seed 3,645000.0,11.773150619984753,,,faint,
0,Host seed 3,650000.0,11.763554729483811,,,faint,
0,Host seed 3,655000.0,11.755610959578593,,,faint,
0,Host seed 3,660000.0,11.749445787246048,,,faint,
0,Host seed 3,665000.0,11.74517833050305,,,faint,
0,Host seed 3,670000.0,11.742920015179722,,,faint,
0,Host seed 3,675000.0,11.74277426479815,,,faint,
0,Host seed 3,680000.0,11.744836214524929,,,faint,
0,Host seed 3,685000.0,11.749192450091549,,,faint,
0,Host seed 3,690000.0,11.755920772499326,,,faint,
0,Host seed 3,695000.0,11.765089989245904,,,faint,
0,Host seed 3,700000.0,11.776759732728141,,,faint,
0,Host seed 3,705000.0,11.790980306392399,,,faint,
0,Host seed 3,710000.0,11.807792559117154,,,faint,
0,Host seed 3,715000.0,11.827227788225803,,,faint,
0,Host seed 3,720000.0,11.849307671438869,,,faint,
0,Host seed 3,725000.0,11.87404422798527,,,faint,
0,Host seed 3,730000.0,11.9014398090024,,,faint,
0,Host seed 3,735000.0,11.931487117263949,,,faint,
0,Host seed 3,740000.0,11.9641692561839,,,faint,
0,Host seed 3,745000.0,11.999459807954556,,,faint,
0,Host seed 3,750000.0,12.037322940586419,,,faint,
0,Host seed 3,755000.0,12.077713543528416,,,faint,
0,Host seed 3,760000.0,12.120577391458504,,,faint,
0,Host seed 3,765000.0,12.165851335747835,,,faint,
0,Host seed 3,770000.0,12.213463523015797,,,faint,
0,Host seed 3,775000.0,12.263333640109886,,,faint,
0,Host seed 3,780000.0,12.315373184762239,,,faint,
0,Host seed 3,785000.0,12.369485761095753,,,faint,
0,Host seed 3,790000.0,12.425567399075472,,,faint,
0,Host seed 3,795000.0,12.48350689692717,,,faint,
0,Host seed 3,800000.0,12.543186185473965,,,faint,
0,Host seed 3,805000.0,12.604480713274016,,,faint,
0,Host seed 3,810000.0,12.667259851378015,,,faint,
0,Host seed 3,815000.0,12.731387316464623,,,faint,
0,Host seed 3,820000.0,12.79672161105506,,,faint,
0,Host seed 3,825000.0,12.863116479455242,,,faint,
0,Host seed 3,830000.0,12.93042137802527,,,faint,
0,Host seed 3,835000.0,12.998481958331682,,,faint,
0,Host seed 3,840000.0,13.067140561698018,,,faint,
0,Host seed 3,845000.0,13.136236723634019,,,faint,
0,Host seed 3,850000.0,13.20560768659307,,,faint,
0,Host seed 3,855000.0,13.275088919481824,,,faint,
0,Host seed 3,860000.0,13.344514642324866,,,faint,
0,Host seed 3,865000.0,13.413718354471355,,,faint,
0,Host seed 3,870000.0,13.482533364719522,,,faint,
0,Host seed 3,875000.0,13.550793321728847,,,faint,
0,Host seed 3,880000.0,13.618332743088768,,,faint,
0,Host seed 3,885000.0,13.68498754141686,,,faint,
0,Host seed 3,890000.0,13.750595545868403,,,faint,
0,Host seed 3,895000.0,13.814997017453406,,,faint,
0,Host seed 3,900000.0,13.878035156576098,,,faint,
0,Host seed 3,905000.0,13.939556601235862,,,faint,
0,Host seed 3,910000.0,13.999411914357252,,,faint,
0,Host seed 3,915000.0,14.05745605875021,,,faint,
0,Host seed 3,920000.0,14.113548858239744,,,faint,
0,Host seed 3,925000.0,14.167555443546767,,,faint,
0,Host seed 3,930000.0,14.219346681548933,,,faint,
0,Host seed 3,935000.0,14.268799586601373,,,faint,
0,Host seed 3,940000.0,14.315797712652582,,,faint,
0,Host seed 3,945000.0,14.360231524949889,,,faint,
0,Host seed 3,950000.0,14.401998750191742,,,faint,
0,Host seed 3,955000.0,14.441004704050657,,,faint,
0,Host seed 3,960000.0,14.477162595060172,,,faint,
0,Host seed 3,965000.0,14.510393803932306,,,faint,
0,Host seed 3,970000.0,14.540628137447444,,,faint,
0,Host seed 3,975000.0,14.567804056137245,,,faint,
0,Host seed 3,980000.0,14.591868875061751,,,faint,
0,Host seed 3,985000.0,14.612778937064931,,,faint,
0,Host seed 3,990000.0,14.630499757977736,,,faint,
0,Host seed 3,995000.0,14.645006143324233,,,faint,
0,Host seed 3,1000000.0,14.656282276174155,,,faint,
0,Host seed 4,5000.0,-3.6616638704758646,,,faint,
0,Host seed 4,10000.0,-3.3701413993961395,,,faint,
0,Host seed 4,15000.0,-3.082023047560617,,,faint,
0,Host seed 4,20000.0,-2.7971066717113278,,,faint,
0,Host seed 4,25000.0,-2.5152002693677313,,,faint,
0,Host seed 4,30000.0,-2.2361222039294177,,,faint,
0,Host seed 4,35000.0,-1.9597014045336527,,,faint,
0,Host seed 4,40000.0,-1.685777539927436,,,faint,
0,Host seed 4,45000.0,-1.4142011656961513,,,faint,
0,Host seed 4,50000.0,-1.1448338442753672,,,faint,
0,Host seed 4,55000.0,-0.8775482372584691,,,faint,
0,Host seed 4,60000.0,-0.6122281696004738,,,faint,
0,Host seed 4,65000.0,-0.3487686654071688,,,faint,
0,Host seed 4,70000.0,-0.08707595508851051,,,faint,
0,Host seed 4,75000.0,0.17293254625445054,,,faint,
0,Host seed 4,80000.0,0.43132828924906597,,,faint,
0,Host seed 4,85000.0,0.6881716694260887,,,faint,
0,Host seed 4,90000.0,0.9435121350086547,,,faint,
0,Host seed 4,95000.0,1.1973883230835405,,,faint,
0,Host seed 4,100000.0,1.4498282238334967,,,faint,
0,Host seed 4,105000.0,1.7008493724211649,,,faint,
0,Host seed 4,110000.0,1.950459068027889,,,faint,
0,Host seed 4,115000.0,2.1986546194652212,,,faint,
0,Host seed 4,120000.0,2.4454236166932364,,,faint,
0,Host seed 4,125000.0,2.69074422749809,,,faint,
0,Host seed 4,130000.0,2.9345855185020095,,,faint,
0,Host seed 4,135000.0,3.1769077996022066,,,faint,
0,Host seed 4,140000.0,3.417662990861248,,,faint,
0,Host seed 4,145000.0,3.656795010800658,,,faint,
0,Host seed 4,150000.0,3.8942401849819013,,,faint,
0,Host seed 4,155000.0,4.129927673694775,,,faint,
0,Host seed 4,160000.0,4.363779917512845,,,faint,
0,Host seed 4,165000.0,4.595713099418929,,,faint,
0,Host seed 4,170000.0,4.825637622151085,,,faint,
0,Host seed 4,175000.0,5.053458599371227,,,faint,
0,Host seed 4,180000.0,5.279076359214417,,,faint,
0,Host seed 4,185000.0,5.502386958737353,,,faint,
0,Host seed 4,190000.0,5.723282707749606,,,faint,
0,Host seed 4,195000.0,5.941652700480947,,,faint,
0,Host seed 4,200000.0,6.157383353512552,,,faint,
0,Host seed 4,205000.0,6.3703589483794065,,,faint,
0,Host seed 4,210000.0,6.5804621772354945,,,faint,
0,Host seed 4,215000.0,6.787574689962764,,,faint,
0,Host seed 4,220000.0,6.991577641099149,,,faint,
0,Host seed 4,225000.0,7.192352234960407,,,faint,
0,Host seed 4,230000.0,7.389780267334862,,,faint,
0,Host seed 4,235000.0,7.583744662139705,,,faint,
0,Host seed 4,240000.0,7.774130001441845,,,faint,
0,Host seed 4,245000.0,7.960823047265765,,,faint,
0,Host seed 4,250000.0,8.14371325363509,,,faint,
0,Host seed 4,255000.0,8.322693267323668,,,faint,
0,Host seed 4,260000.0,8.4976594158258,,,faint,
0,Host seed 4,265000.0,8.668512181093654,,,faint,
0,Host seed 4,270000.0,8.835156657632826,,,faint,
0,Host seed 4,275000.0,8.997502993594411,,,faint,
0,Host seed 4,280000.0,9.155466813553256,,,faint,
0,Host seed 4,285000.0,9.308969621717885,,,faint,
0,Host seed 4,290000.0,9.457939184376876,,,faint,
0,Host seed 4,295000.0,9.602309890449648,,,faint,
0,Host seed 4,300000.0,9.742023089076506,,,faint,
0,Host seed 4,305000.0,9.877027403252411,,,faint,
0,Host seed 4,310000.0,10.00727901858236,,,faint,
0,Host seed 4,315000.0,10.132741946311983,,,faint,
0,Host seed 4,320000.0,10.253388259865593,,,faint,
0,Host seed 4,325000.0,10.369198304204884,,,faint,
0,Host seed 4,330000.0,10.480160877404442,,,faint,
0,Host seed 4,335000.0,10.58627338392538,,,faint,
0,Host seed 4,340000.0,10.68754195915479,,,faint,
0,Host seed 4,345000.0,10.783981564866666,,,faint,
0,Host seed 4,350000.0,10.875616055349083,,,faint,
0,Host seed 4,355000.0,10.962478214031957,,,faint,
0,Host seed 4,360000.0,11.0446097605403,,,faint,
0,Host seed 4,365000.0,11.122061328188234,,,faint,
0,Host seed 4,370000.0,11.194892412019662,,,faint,
0,Host seed 4,375000.0,11.263171287591668,,,faint,
0,Host seed 4,380000.0,11.32697490078644,,,faint,
0,Host seed 4,385000.0,11.386388729026018,,,faint,
0,Host seed 4,390000.0,11.441506614352095,,,faint,
0,Host seed 4,395000.0,11.492430568919021,,,faint,
0,Host seed 4,400000.0,11.53927055353285,,,faint,
0,Host seed 4,405000.0,11.582144229951755,,,faint,
0,Host seed 4,410000.0,11.621176687743485,,,faint,
0,Host seed 4,415000.0,11.656500146573622,,,faint,
0,Host seed 4,420000.0,11.688253634873437,,,faint,
0,Host seed 4,425000.0,11.716582645908625,,,faint,
0,Host seed 4,430000.0,11.741638772339288,,,faint,
0,Host seed 4,435000.0,11.763579320427496,,,faint,
0,Host seed 4,440000.0,11.782566905110839,,,faint,
0,Host seed 4,445000.0,11.7987690272191,,,faint,
0,Host seed 4,450000.0,11.812357634165645,,,faint,
0,Host seed 4,455000.0,11.823508665495671,,,faint,
0,Host seed 4,460000.0,11.83240158471971,,,faint,
0,Host seed 4,465000.0,11.839218898902544,,,faint,
0,Host seed 4,470000.0,11.844145667515114,,,faint,
0,Host seed 4,475000.0,11.847369002089556,,,faint,
0,Host seed 4,480000.0,11.849077558245561,,,faint,
0,Host seed 4,485000.0,11.849461021679149,,,faint,
0,Host seed 4,490000.0,11.848709589723406,,,faint,
0,Host seed 4,495000.0,11.8470134501037,,,faint,
0,Host seed 4,500000.0,11.844562258518318,,,faint,
0,Host seed 4,505000.0,11.841544616678584,,,faint,
0,Host seed 4,510000.0,11.83814755244076,,,faint,
0,Host seed 4,515000.0,11.834556003655061,,,faint,
0,Host seed 4,520000.0,11.830952307345422,,,faint,
0,Host seed 4,525000.0,11.82751569581669,,,faint,
0,Host seed 4,530000.0,11.824421801264203,,,faint,
0,Host seed 4,535000.0,11.821842170434135,,,faint,
0,Host seed 4,540000.0,11.819943790851601,,,faint,
0,Host seed 4,545000.0,11.818888630097414,,,faint,
0,Host seed 4,550000.0,11.818833189573875,,,faint,
0,Host seed 4,555000.0,11.819928074154816,,,faint,
0,Host seed 4,560000.0,11.822317579065897,,,faint,
0,Host seed 4,565000.0,11.826139295287417,,,faint,
0,Host seed 4,570000.0,11.831523734714843,,,faint,
0,Host seed 4,575000.0,11.838593976250433,,,faint,
0,Host seed 4,580000.0,11.847465333934988,,,faint,
0,Host seed 4,585000.0,11.858245048159953,,,faint,
0,Host seed 4,590000.0,11.871032000928974,,,faint,
0,Host seed 4,595000.0,11.88591645606323,,,faint,
0,Host seed 4,600000.0,11.902979825167769,,,faint,
0,Host seed 4,605000.0,11.922294460096206,,,faint,
0,Host seed 4,610000.0,11.943923472569184,,,faint,
0,Host seed 4,615000.0,11.967920581517836,,,faint,
0,Host seed 4,620000.0,11.994329988637736,,,faint,
0,Host seed 4,625000.0,12.02318628255157,,,faint,
0,Host seed 4,630000.0,12.054514371890006,,,faint,
0,Host seed 4,635000.0,12.08832944751106,,,faint,
0,Host seed 4,640000.0,12.124636973987833,,,faint,
0,Host seed 4,645000.0,12.163432710404084,,,faint,
0,Host seed 4,650000.0,12.204702760406354,,,faint,
0,Host seed 4,655000.0,12.248423651370938,,,faint,
0,Host seed 4,660000.0,12.294562442453786,,,faint,
0,Host seed 4,665000.0,12.343076861202235,,,faint,
0,Host seed 4,670000.0,12.393915468318918,,,faint,
0,Host seed 4,675000.0,12.447017850081393,,,faint,
0,Host seed 4,680000.0,12.502314837835124,,,faint,
0,Host seed 4,685000.0,12.559728753894024,,,faint,
0,Host seed 4,690000.0,12.619173683100849,,,faint,
0,Host seed 4,695000.0,12.68055576922053,,,faint,
0,Host seed 4,700000.0,12.743773535262534,,,faint,
0,Host seed 4,705000.0,12.808718226754428,,,faint,
0,Host seed 4,710000.0,12.875274176917767,,,faint,
0,Host seed 4,715000.0,12.94331919262967,,,faint,
0,Host seed 4,720000.0,13.01272495998914,,,faint,
0,Host seed 4,725000.0,13.083357468246378,,,faint,
0,Host seed 4,730000.0,13.155077450796774,,,faint,
0,Host seed 4,735000.0,13.227740841888103,,,faint,
0,Host seed 4,740000.0,13.301199247641037,,,faint,
0,Host seed 4,745000.0,13.375300429938658,,,faint,
0,Host seed 4,750000.0,13.449888801700736,,,faint,
0,Host seed 4,755000.0,13.524805932023394,,,faint,
0,Host seed 4,760000.0,13.599891059633924,,,faint,
0,Host seed 4,765000.0,13.674981613085064,,,faint,
0,Host seed 4,770000.0,13.749913736091663,,,faint,
0,Host seed 4,775000.0,13.824522816397117,,,faint,
0,Host seed 4,780000.0,13.898644016545402,,,faint,
0,Host seed 4,785000.0,13.972112804929038,,,faint,
0,Host seed 4,790000.0,14.044765485481859,,,faint,
0,Host seed 4,795000.0,14.116439724389783,,,faint,
0,Host seed 4,800000.0,14.186975072201795,,,faint,
0,Host seed 4,805000.0,14.25621347973729,,,faint,
0,Host seed 4,810000.0,14.32399980620509,,,faint,
0,Host seed 4,815000.0,14.390182317973249,,,faint,
0,Host seed 4,820000.0,14.454613176457503,,,faint,
0,Host seed 4,825000.0,14.517148913629708,,,faint,
0,Host seed 4,830000.0,14.577650893685632,,,faint,
0,Host seed 4,835000.0,14.635985759454073,,,faint,
0,Host seed 4,840000.0,14.692025862176244,,,faint,
0,Host seed 4,845000.0,14.745649673335581,,,faint,
0,Host seed 4,850000.0,14.79674217727335,,,faint,
0,Host seed 4,855000.0,14.845195243384646,,,faint,
0,Host seed 4,860000.0,14.890907976752246,,,faint,
0,Host seed 4,865000.0,14.933787046142232,,,faint,
0,Host seed 4,870000.0,14.97374698835503,,,faint,
0,Host seed 4,875000.0,15.010710487998358,,,faint,
0,Host seed 4,880000.0,15.044608631824282,,,faint,
0,Host seed 4,885000.0,15.075381136851101,,,faint,
0,Host seed 4,890000.0,15.10297655157133,,,faint,
0,Host seed 4,895000.0,15.12735242963028,,,faint,
0,Host seed 4,900000.0,15.148475475444329,,,faint,
0,Host seed 4,905000.0,15.166321661314669,,,faint,
0,Host seed 4,910000.0,15.180876315680038,,,faint,
0,Host seed 4,915000.0,15.192134182240974,,,faint,
0,Host seed 4,920000.0,15.20009944977792,,,faint,
0,Host seed 4,925000.0,15.204785752575814,,,faint,
0,Host seed 4,930000.0,15.20621614145848,,,faint,
0,Host seed 4,935000.0,15.204423025526598,,,faint,
0,Host seed 4,940000.0,15.199448084783535,,,faint,
0,Host seed 4,945000.0,15.191342153922951,,,faint,
0,Host seed 4,950000.0,15.18016507764095,,,faint,
0,Host seed 4,955000.0,15.165985537923513,,,faint,
0,Host seed 4,960000.0,15.148880853846112,,,faint,
0,Host seed 4,965000.0,15.128936754507418,,,faint,
0,Host seed 4,970000.0,15.106247125801518,,,faint,
0,Host seed 4,975000.0,15.08091373181406,,,faint,
0,Host seed 4,980000.0,15.053045911705661,,,faint,
0,Host seed 4,985000.0,15.02276025302166,,,faint,
0,Host seed 4,990000.0,14.990180242439983,,,faint,
0,Host seed 4,995000.0,14.955435895038303,,,faint,
0,Host seed 4,1000000.0,14.918663363227965,,,faint,
0,Host mean,5000.0,-4.04883622103136,-4.865425676745697,-3.4798328064493034,line,
0,Host mean,10000.0,-3.7314309880233503,-4.508250620726169,-3.195241230044914,line,
0,Host mean,15000.0,-3.4206349461139522,-4.158311694429784,-2.9171853752372288,line,
0,Host mean,20000.0,-3.1163159269153686,-3.815597509770624,-2.645432049665801,line,
0,Host mean,25000.0,-2.818341797247893,-3.486448405630558,-2.3797486345998795,line,
0,Host mean,30000.0,-2.5265804995083476,-3.162396685089269,-2.1169821859180957,line,
0,Host mean,35000.0,-2.2409000985453815,-2.843327945650218,-1.8536606482270983,line,
0,Host mean,40000.0,-1.9611688347733658,-2.542783973338408,-1.590697863001525,line,
0,Host mean,45000.0,-1.6872551832395544,-2.245022751080741,-1.3379010526445285,line,
0,Host mean,50000.0,-1.4190279183431378,-1.9386512816483041,-1.0885176233043379,line,
0,Host mean,55000.0,-1.156356183889444,-1.6478722993595842,-0.8485697386471337,line,
0,Host mean,60000.0,-0.8991095681483374,-1.3622977637979579,-0.6108645771370389,line,
0,Host mean,65000.0,-0.64715818357244,-1.0804577619420699,-0.36821206697682063,line,
0,Host mean,70000.0,-0.4003727508185772,-0.8065931395332637,-0.13029026910824892,line,
0,Host mean,75000.0,-0.15862468670451899,-0.5363809696511753,0.10305674951318464,line,
0,Host mean,80000.0,0.0782138042770173,-0.27120872121339157,0.33198270687918313,line,
0,Host mean,85000.0,0.3102696352741384,-0.014180321342823165,0.5636646006608427,line,
0,Host mean,90000.0,0.5376687396162689,0.22376700378047812,0.7975808311774608,line,
0,Host mean,95000.0,0.760535970980974,0.455559113442573,1.032637379561932,line,
0,Host mean,100000.0,0.9789950015941399,0.681292141032804,1.2650380498553357,line,
0,Host mean,105000.0,1.1931682188748898,0.9056761324315717,1.490252107495389,line,
0,Host mean,110000.0,1.4031766209395482,1.1297945258419557,1.7073725359774339,line,
0,Host mean,115000.0,1.6091397113807528,1.3481192366880304,1.9221009438528363,line,
0,Host mean,120000.0,1.8111753937383788,1.5578087757227397,2.1345281881700746,line,
0,Host mean,125000.0,2.0093998660781223,1.7557050710907898,2.3560747405117457,line,
0,Host mean,130000.0,2.2039275160916794,1.9430381152654381,2.5789187826707924,line,
0,Host mean,135000.0,2.394870817129179,2.1256268052053535,2.7983173559719656,line,
0,Host mean,140000.0,2.5823402255700514,2.304276425951799,3.0138682124501246,line,
0,Host mean,145000.0,2.7664440799328482,2.4791225305895734,3.216537561933572,line,
0,Host mean,150000.0,2.947288502117609,2.642208314450719,3.424810089810393,line,
0,Host mean,155000.0,3.124977301166253,2.795643622087836,3.6404495128587455,line,
0,Host mean,160000.0,3.299611879917285,2.9538020490369252,3.8445765559456455,line,
0,Host mean,165000.0,3.4712911449206616,3.102426015565365,4.043661348562081,line,
0,Host mean,170000.0,3.6401114199671873,3.2550754228406418,4.2392733374875755,line,
0,Host mean,175000.0,3.8061663635743015,3.398689918717273,4.4387792791319125,line,
0,Host mean,180000.0,3.9695468907564546,3.5340783478792552,4.634561529224261,line,
0,Host mean,185000.0,4.130341099393766,3.66261394448291,4.826569449591963,line,
0,Host mean,190000.0,4.288634201497106,3.7883637150624607,5.022538965724993,line,
0,Host mean,195000.0,4.4445084596513755,3.911510338752767,5.217488600361126,line,
0,Host mean,200000.0,4.5980431289014065,4.032234055838561,5.41073743195388,line,
0,Host mean,205000.0,4.749314404326993,4.150712303726806,5.602239112531059,line,
0,Host mean,210000.0,4.898395374534656,4.267119358042487,5.791942594714956,line,
0,Host mean,215000.0,5.045355981274357,4.381625980020053,5.9797924743762945,line,
0,Host mean,220000.0,5.19026298536925,4.494399071341922,6.158944082491848,line,
0,Host mean,225000.0,5.333179939125924,4.605601337551496,6.335039529073279,line,
0,Host mean,230000.0,5.474167165371455,4.71539096114041,6.508705809984069,line,
0,Host mean,235000.0,5.613281743242028,4.823921285378821,6.67989916901959,line,
0,Host mean,240000.0,5.750577500825915,4.931340509923279,6.848574451146827,line,
0,Host mean,245000.0,5.886105014741416,5.03779139919929,7.014685407507196,line,
0,Host mean,250000.0,6.019911616707839,5.134151985637655,7.178185000754756,line,
0,Host mean,255000.0,6.152041407145079,5.227549522814359,7.33902570984341,line,
0,Host mean,260000.0,6.2825352758145225,5.31957184857856,7.4971598333774,line,
0,Host mean,265000.0,6.411430929491383,5.410375378498612,7.65253979064281,line,
0,Host mean,270000.0,6.538762926635769,5.500112209082186,7.80511841944394,line,
0,Host mean,275000.0,6.664562719007421,5.588929796712523,7.954849269877412,line,
0,Host mean,280000.0,6.788858700146387,5.676970648182257,8.101686893188255,line,
0,Host mean,285000.0,6.911676260620107,5.764372023829655,8.24558712486668,line,
0,Host mean,290000.0,7.033037849915317,5.851265654242266,8.386507361160955,line,
0,Host mean,295000.0,7.152963044831935,5.937777471450191,8.52440682820124,line,
0,Host mean,300000.0,7.271468624215129,6.024027355485684,8.659246842951266,line,
0,Host mean,305000.0,7.388568649841251,6.110128897137392,8.790991065228877,line,
0,Host mean,310000.0,7.5042745532536035,6.19618917767681,8.912820479220777,line,
0,Host mean,315000.0,7.618595228324733,6.282308566281278,9.030409307681726,line,
0,Host mean,320000.0,7.731537129303485,6.368580535822471,9.14442297001808,line,
0,Host mean,325000.0,7.843104374087325,6.45509149763178,9.286378502277115,line,
0,Host mean,330000.0,7.953298852443472,6.541920655794698,9.40219702530455,line,
0,Host mean,335000.0,8.062120338886462,6.629139881465306,9.514763724383767,line,
0,Host mean,340000.0,8.169566609904496,6.716813607629359,9.624064819677471,line,
0,Host mean,345000.0,8.275633565212809,6.804998744680629,9.746268385744989,line,
0,Host mean,350000.0,8.380315352699224,6.893744617110322,9.86688608828813,line,
0,Host mean,355000.0,8.483604496714765,6.983092921543336,9.984116071886195,line,
0,Host mean,360000.0,8.585492029351354,7.073077706288707,10.097906352414,line,
0,Host mean,365000.0,8.68596762433861,7.163725372504449,10.208209876172774,line,
0,Host mean,370000.0,8.785019733182995,7.255054697009588,10.314984769356402,line,
0,Host mean,375000.0,8.882635723165006,7.347076876708795,10.418194569621216,line,
0,Host mean,380000.0,8.97880201680376,7.439795594527648,10.517808439079873,line,
0,Host mean,385000.0,9.073504232393015,7.533207106689497,10.613801358096532,line,
0,Host mean,390000.0,9.166727325208864,7.627300351098498,10.682001224042121,line,
0,Host mean,395000.0,9.258455728986608,7.722057076527561,10.745674648644393,line,
0,Host mean,400000.0,9.348673497262787,7.817451992245202,10.806261550166631,line,
0,Host mean,405000.0,9.437364444178375,7.913452937651631,10.863837172522745,line,
0,Host mean,410000.0,9.524512284339917,8.010021071431968,10.93993825935931,line,
0,Host mean,415000.0,9.61010077133803,8.107111079673892,11.02413946904024,line,
0,Host mean,420000.0,9.694113834526059,8.204671402337725,11.10457279822966,line,
0,Host mean,425000.0,9.776535713666537,8.3026444774099,11.181233532410417,line,
0,Host mean,430000.0,9.857351091059192,8.400967002015612,11.254124130620937,line,
0,Host mean,435000.0,9.936545220771446,8.483392311575503,11.32325429983334,line,
0,Host mean,440000.0,10.014104054600695,8.564329078314676,11.388641045463233,line,
0,Host mean,445000.0,10.09001436440735,8.645498858553768,11.450308697882882,line,
0,Host mean,450000.0,10.16426386046826,8.726873133810898,11.50828891488311,line,
0,Host mean,455000.0,10.236841305511835,8.808418682410519,11.562620660102837,line,
0,Host mean,460000.0,10.307736624109205,8.890097756710249,11.613350157519015,line,
0,Host mean,465000.0,10.376941007109433,8.971868272922144,11.660530822162894,line,
0,Host mean,470000.0,10.444447010821698,9.04732628106215,11.698024378693491,line,
0,Host mean,475000.0,10.51024865066309,9.122482214699218,11.731807380902229,line,
0,Host mean,480000.0,10.574341489007379,9.198051536837648,11.762704234074349,line,
0,Host mean,485000.0,10.636722716987316,9.273996026473379,11.790814559737635,line,
0,Host mean,490000.0,10.697391230021605,9.350272727872264,11.816243000498103,line,
0,Host mean,495000.0,10.756347696856277,9.426834148748476,11.83909896278513,line,
0,Host mean,500000.0,10.813594621930026,9.503628471236738,11.859496343692937,line,
0,Host mean,505000.0,10.869136400893117,9.59100524146794,11.877553242783454,line,
0,Host mean,510000.0,10.922979369130282,9.690895767216086,11.893391659761447,line,
0,Host mean,515000.0,10.975131843159149,9.782680146037873,11.907137178976125,line,
0,Host mean,520000.0,11.025604154797374,9.861661794145023,11.918918641743597,line,
0,Host mean,525000.0,11.074408678013569,9.939975218801488,11.9288678075218,line,
0,Host mean,530000.0,11.121559848399299,10.017543802165239,11.946522756272186,line,
0,Host mean,535000.0,11.16707417522187,10.094290196743174,11.962309115817542,line,
0,Host mean,540000.0,11.2109702460401,10.170136619613725,11.975751372309155,line,
0,Host mean,545000.0,11.253268723887867,10.2450051469737,11.986964157862264,line,
0,Host mean,550000.0,11.29399233705291,10.318818008119147,11.996066119585063,line,
0,Host mean,555000.0,11.333165861500635,10.39149787797151,12.003179606032889,line,
0,Host mean,560000.0,11.370816096015387,10.469325899170338,12.008430341276977,line,
0,Host mean,565000.0,11.406971830153342,10.546165932585003,12.011947087610924,line,
0,Host mean,570000.0,11.441663805123508,10.62117441841007,12.0138612979532,line,
0,Host mean,575000.0,11.474924667734408,10.69425960177984,12.014306759035168,line,
0,Host mean,580000.0,11.506788917565427,10.76533309931403,12.013419226492461,line,
0,Host mean,585000.0,11.537292847542135,10.834310218863957,12.011336053001958,line,
0,Host mean,590000.0,11.566474478115174,10.895287248560573,12.008195810628115,line,
0,Host mean,595000.0,11.594373485261588,10.95536443418624,12.006081690396675,line,
0,Host mean,600000.0,11.621031122546322,11.015308017613364,12.010500513844923,line,
0,Host mean,605000.0,11.646490137499624,11.062975529719797,12.018560212416496,line,
0,Host mean,610000.0,11.67079468258336,11.109247607273334,12.023691084887906,line,
0,Host mean,615000.0,11.69399022103567,11.171060223278388,12.025692030177678,line,
0,Host mean,620000.0,11.716123427898893,11.221860384622543,12.026619411987175,line,
0,Host mean,625000.0,11.73724208655042,11.271289314935999,12.026414371917877,line,
0,Host mean,630000.0,11.757394981069481,11.32231601254246,12.037227539241808,line,
0,Host mean,635000.0,11.77663178478581,11.367637143265434,12.047557120066212,line,
0,Host mean,640000.0,11.795002945367372,11.414480410791843,12.057481046417628,line,
0,Host mean,645000.0,11.812559566814917,11.460387326490407,12.06707648730239,line,
0,Host mean,650000.0,11.82935328874041,11.503791094583168,12.082777379464058,line,
0,Host mean,655000.0,11.845436163314503,11.530578540316267,12.10425683427045,line,
0,Host mean,660000.0,11.860860530275179,11.555087085462457,12.131697858434276,line,
0,Host mean,665000.0,11.875678890395495,11.577341200418365,12.160289098897632,line,
0,Host mean,670000.0,11.889943777812773,11.600986497136038,12.18642457006694,line,
0,Host mean,675000.0,11.903707631625085,11.629028281365027,12.207138271772042,line,
0,Host mean,680000.0,11.917022667162636,11.654876879222666,12.229058807571292,line,
0,Host mean,685000.0,11.929940747342732,11.676601697903367,12.252211487026631,line,
0,Host mean,690000.0,11.942513254516317,11.688853986770678,12.28644262201537,line,
0,Host mean,695000.0,11.954790963212565,11.694688945176548,12.327018529538146,line,
0,Host mean,700000.0,11.966823914184738,11.698413963745892,12.367497087200398,line,
0,Host mean,705000.0,11.97866129015673,11.701475657116404,12.407839705222356,line,
0,Host mean,710000.0,11.990351293663775,11.70394930629775,12.438602878354562,line,
0,Host mean,715000.0,12.00194102737466,11.699563736878138,12.47580346765373,line,
0,Host mean,720000.0,12.0134763772745,11.685304381607855,12.52522773520385,line,
0,Host mean,725000.0,12.02500189907839,11.682738292277904,12.567245982065831,line,
0,Host mean,730000.0,12.036560708236053,11.669308113611889,12.606297253116683,line,
0,Host mean,735000.0,12.04819437387622,11.664699945656654,12.644771000921814,line,
0,Host mean,740000.0,12.059942817027345,11.654600156045719,12.689342151700547,line,
0,Host mean,745000.0,12.071844213437723,11.639496648869269,12.733755623660977,line,
0,Host mean,750000.0,12.083934901303817,11.619361770553452,12.77717995129908,line,
0,Host mean,755000.0,12.096249294200272,11.599156145638899,12.826389270485567,line,
0,Host mean,760000.0,12.108819799488808,11.579012526099897,12.877966501735918,line,
0,Host mean,765000.0,12.12167674246634,11.55906218078757,12.930480785093525,line,
0,Host mean,770000.0,12.134848296494425,11.539434514085297,12.983837926199277,line,
0,Host mean,775000.0,12.148360419334026,11.520256689882391,13.03793988512173,line,
0,Host mean,780000.0,12.162236795889752,11.501653262034072,13.092685101711833,line,
0,Host mean,785000.0,12.176498787548319,11.483745812456082,13.14192757706507,line,
0,Host mean,790000.0,12.191165388275056,11.466652597978117,13.18981583841052,line,
0,Host mean,795000.0,12.206253187611578,11.450488207053429,13.237635762411514,line,
0,Host mean,800000.0,12.2217763406962,11.435363227391225,13.285300505111376,line,
0,Host mean,805000.0,12.23774654540683,11.421383925544754,13.332722587463332,line,
0,Host mean,810000.0,12.254173026704027,11.408651939450772,13.379814185696471,line,
0,Host mean,815000.0,12.271062528229589,11.389082387443326,13.4264874223704,line,
0,Host mean,820000.0,12.288419311193397,11.367687913529632,13.472654657227377,line,
0,Host mean,825000.0,12.306245160558783,11.347011612917365,13.518228776951227,line,
0,Host mean,830000.0,12.324539398513897,11.327171611029804,13.563123482945553,line,
0,Host mean,835000.0,12.343298905194066,11.308282456004315,13.607253576249827,line,
0,Host mean,840000.0,12.362518146597573,11.290454783528698,13.650535238720545,line,
0,Host mean,845000.0,12.38218920961497,11.273794993414292,13.692886309616124,line,
0,Host mean,850000.0,12.402301844070047,11.258404938909996,13.734226556738315,line,
0,Host mean,855000.0,12.422843511648727,11.244381629721946,13.774477941299423,line,
0,Host mean,860000.0,12.443799441570869,11.231816949661091,13.813564875704083,line,
0,Host mean,865000.0,12.465152692839002,11.220797389795745,13.851414473455941,line,
0,Host mean,870000.0,12.486884222877679,11.211403797938264,13.88795679042389,line,
0,Host mean,875000.0,12.508972962357198,11.203711145244403,13.917083802393241,line,
0,Host mean,880000.0,12.531395895976377,11.197788310651061,13.942988246540017,line,
0,Host mean,885000.0,12.554128148960512,11.193697883822988,13.96700630219166,line,
0,Host mean,890000.0,12.577143079012881,11.191495987221757,14.019770048384473,line,
0,Host mean,895000.0,12.600412373441397,11.191232117851294,14.048845430586102,line,
0,Host mean,900000.0,12.62390615116566,11.192949009173342,14.076267899221568,line,
0,Host mean,905000.0,12.647593069294832,11.196682513624001,14.1019939889292,line,
0,Host mean,910000.0,12.671440433952323,11.202461506098768,14.140419361805877,line,
0,Host mean,915000.0,12.695414315010158,11.210307808708693,14.180520821311623,line,
0,Host mean,920000.0,12.719479664383801,11.220236137044658,14.21872319172294,line,
0,Host mean,925000.0,12.743600437527032,11.23225406812016,14.254946806933907,line,
0,Host mean,930000.0,12.767739717756632,11.24636203009616,14.289117405417107,line,
0,Host mean,935000.0,12.791859843027655,11.262553313824156,14.32116637223115,line,
0,Host mean,940000.0,12.8159225347726,11.28081410617629,14.351030963368908,line,
0,Host mean,945000.0,12.83988902841127,11.301123545063989,14.37865451175855,line,
0,Host mean,950000.0,12.863720205132774,11.323453795979594,14.40398661428595,line,
0,Host mean,955000.0,12.887376724547318,11.347770149829008,14.40529393510002,line,
0,Host mean,960000.0,12.910819157802488,11.374031141757527,14.400839482576231,line,
0,Host mean,965000.0,12.934008120757383,11.402188690606318,14.394547028085226,line,
0,Host mean,970000.0,12.956904406807519,11.432188258573063,14.386468333650779,line,
0,Host mean,975000.0,12.979469118954615,11.463969030588101,14.394912820564109,line,
0,Host mean,980000.0,13.001663800717523,11.497464112856317,14.415933966433133,line,
0,Host mean,985000.0,13.023450565484072,11.532600749955893,14.434354024400655,line,
0,Host mean,990000.0,13.044792223908365,11.569300559827738,14.450146193518826,line,
0,Host mean,995000.0,13.065652408964093,11.607479785934085,14.463291230409835,line,
0,Host mean,1000000.0,13.085995698271395,11.63261491771735,14.473777518755611,line,
0,Host + BCA seed 0,5000.0,-4.397543559900766,,,faint,
0,Host + BCA seed 0,10000.0,-4.001336721451503,,,faint,
0,Host + BCA seed 0,15000.0,-3.6114575993049476,,,faint,
0,Host + BCA seed 0,20000.0,-3.227985251309965,,,faint,
0,Host + BCA seed 0,25000.0,-2.850999096792401,,,faint,
0,Host + BCA seed 0,30000.0,-2.480578340464973,,,faint,
0,Host + BCA seed 0,35000.0,-2.116801403577446,,,faint,
0,Host + BCA seed 0,40000.0,-1.7597453638985345,,,faint,
0,Host + BCA seed 0,45000.0,-1.4094854060961814,,,faint,
0,Host + BCA seed 0,50000.0,-1.0660942840533143,,,faint,
0,Host + BCA seed 0,55000.0,-0.7296417966218134,,,faint,
0,Host + BCA seed 0,60000.0,-0.4001942782784833,,,faint,
0,Host + BCA seed 0,65000.0,-0.07781410610333506,,,faint,
0,Host + BCA seed 0,70000.0,0.237440775547338,,,faint,
0,Host + BCA seed 0,75000.0,0.5455173113527421,,,faint,
0,Host + BCA seed 0,80000.0,0.8463677710599963,,,faint,
0,Host + BCA seed 0,85000.0,1.1399501640329772,,,faint,
0,Host + BCA seed 0,90000.0,1.4262286311772074,,,faint,
0,Host + BCA seed 0,95000.0,1.705173813167658,,,faint,
0,Host + BCA seed 0,100000.0,1.9767631939768604,,,faint,
0,Host + BCA seed 0,105000.0,2.240981418774495,,,faint,
0,Host + BCA seed 0,110000.0,2.4978205853460715,,,faint,
0,Host + BCA seed 0,115000.0,2.747280508257494,,,faint,
0,Host + BCA seed 0,120000.0,2.989368955073891,,,faint,
0,Host + BCA seed 0,125000.0,3.2241018540246817,,,faint,
0,Host + BCA seed 0,130000.0,3.4515034725924574,,,faint,
0,Host + BCA seed 0,135000.0,3.6716065665903947,,,faint,
0,Host + BCA seed 0,140000.0,3.8844524993813785,,,faint,
0,Host + BCA seed 0,145000.0,4.090091330981625,,,faint,
0,Host + BCA seed 0,150000.0,4.288581876881924,,,faint,
0,Host + BCA seed 0,155000.0,4.479991736510469,,,faint,
0,Host + BCA seed 0,160000.0,4.664397291352403,,,faint,
0,Host + BCA seed 0,165000.0,4.841883672832224,,,faint,
0,Host + BCA seed 0,170000.0,5.012544700155906,,,faint,
0,Host + BCA seed 0,175000.0,5.176482788399818,,,faint,
0,Host + BCA seed 0,180000.0,5.333808827222638,,,faint,
0,Host + BCA seed 0,185000.0,5.484642030664645,,,faint,
0,Host + BCA seed 0,190000.0,5.629109758585386,,,faint,
0,Host + BCA seed 0,195000.0,5.767347310375735,,,faint,
0,Host + BCA seed 0,200000.0,5.899497691663248,,,faint,
0,Host + BCA seed 0,205000.0,6.025711354810705,,,faint,
0,Host + BCA seed 0,210000.0,6.146145914085875,,,faint,
0,Host + BCA seed 0,215000.0,6.260965836456375,,,faint,
0,Host + BCA seed 0,220000.0,6.3703421090359855,,,faint,
0,Host + BCA seed 0,225000.0,6.474451884278576,,,faint,
0,Host + BCA seed 0,230000.0,6.573478104081764,,,faint,
0,Host + BCA seed 0,235000.0,6.667609104025212,,,faint,
0,Host + BCA seed 0,240000.0,6.757038199027191,,,faint,
0,Host + BCA seed 0,245000.0,6.8419632517580204,,,faint,
0,Host + BCA seed 0,250000.0,6.922586225199769,,,faint,
0,Host + BCA seed 0,255000.0,6.999112720788078,,,faint,
0,Host + BCA seed 0,260000.0,7.071751503614165,,,faint,
0,Host + BCA seed 0,265000.0,7.14071401620255,,,faint,
0,Host + BCA seed 0,270000.0,7.206213882413002,,,faint,
0,Host + BCA seed 0,275000.0,7.268466403043417,,,faint,
0,Host + BCA seed 0,280000.0,7.3276880447335335,,,faint,
0,Host + BCA seed 0,285000.0,7.384095923787942,,,faint,
0,Host + BCA seed 0,290000.0,7.4379072865501925,,,faint,
0,Host + BCA seed 0,295000.0,7.489338987968252,,,faint,
0,Host + BCA seed 0,300000.0,7.538606969995054,,,faint,
0,Host + BCA seed 0,305000.0,7.585925741466092,,,faint,
0,Host + BCA seed 0,310000.0,7.631507861089468,,,faint,
0,Host + BCA seed 0,315000.0,7.67556342517206,,,faint,
0,Host + BCA seed 0,320000.0,7.718299561688816,,,faint,
0,Host + BCA seed 0,325000.0,7.759919932280598,,,faint,
0,Host + BCA seed 0,330000.0,7.800624243739518,,,faint,
0,Host + BCA seed 0,335000.0,7.840607770509594,,,faint,
0,Host + BCA seed 0,340000.0,7.880060889694518,,,faint,
0,Host + BCA seed 0,345000.0,7.919168630023952,,,faint,
0,Host + BCA seed 0,350000.0,7.958110236184909,,,faint,
0,Host + BCA seed 0,355000.0,7.997058749875422,,,faint,
0,Host + BCA seed 0,360000.0,8.036180608884566,,,faint,
0,Host + BCA seed 0,365000.0,8.075635265445401,,,faint,
0,Host + BCA seed 0,370000.0,8.115574825046352,,,faint,
0,Host + BCA seed 0,375000.0,8.156143706821807,,,faint,
0,Host + BCA seed 0,380000.0,8.197478326574522,,,faint,
0,Host + BCA seed 0,385000.0,8.239706803411092,,,faint,
0,Host + BCA seed 0,390000.0,8.282948690897369,,,faint,
0,Host + BCA seed 0,395000.0,8.327314733563707,,,faint,
0,Host + BCA seed 0,400000.0,8.372906649510163,,,faint,
0,Host + BCA seed 0,405000.0,8.41981693978008,,,faint,
0,Host + BCA seed 0,410000.0,8.468128725086464,,,faint,
0,Host + BCA seed 0,415000.0,8.517915610389993,,,faint,
0,Host + BCA seed 0,420000.0,8.5692415777404,,,faint,
0,Host + BCA seed 0,425000.0,8.622160907704519,,,faint,
0,Host + BCA seed 0,430000.0,8.676718129615116,,,faint,
0,Host + BCA seed 0,435000.0,8.732948000784605,,,faint,
0,Host + BCA seed 0,440000.0,8.79087551473738,,,faint,
0,Host + BCA seed 0,445000.0,8.850515938424065,,,faint,
0,Host + BCA seed 0,450000.0,8.911874878290684,,,faint,
0,Host + BCA seed 0,455000.0,8.97494837498581,,,faint,
0,Host + BCA seed 0,460000.0,9.03972302639982,,,faint,
0,Host + BCA seed 0,465000.0,9.106176138641942,,,faint,
0,Host + BCA seed 0,470000.0,9.174275904474243,,,faint,
0,Host + BCA seed 0,475000.0,9.243981608636112,,,faint,
0,Host + BCA seed 0,480000.0,9.31524385940944,,,faint,
0,Host + BCA seed 0,485000.0,9.388004845693096,,,faint,
0,Host + BCA seed 0,490000.0,9.46219861877626,,,faint,
0,Host + BCA seed 0,495000.0,9.537751397923493,,,faint,
0,Host + BCA seed 0,500000.0,9.614581898810592,,,faint,
0,Host + BCA seed 0,505000.0,9.69260168377955,,,faint,
0,Host + BCA seed 0,510000.0,9.771715532813353,,,faint,
0,Host + BCA seed 0,515000.0,9.851821834067154,,,faint,
0,Host + BCA seed 0,520000.0,9.932812992732035,,,faint,
0,Host + BCA seed 0,525000.0,10.014575856950763,,,faint,
0,Host + BCA seed 0,530000.0,10.096992159452412,,,faint,
0,Host + BCA seed 0,535000.0,10.179938973524184,,,faint,
0,Host + BCA seed 0,540000.0,10.26328918189462,,,faint,
0,Host + BCA seed 0,545000.0,10.346911957062636,,,faint,
0,Host + BCA seed 0,550000.0,10.43067325157174,,,faint,
0,Host + BCA seed 0,555000.0,10.514436296698172,,,faint,
0,Host + BCA seed 0,560000.0,10.598062107996256,,,faint,
0,Host + BCA seed 0,565000.0,10.681409996123056,,,faint,
0,Host + BCA seed 0,570000.0,10.764338081348878,,,faint,
0,Host + BCA seed 0,575000.0,10.846703810148837,,,faint,
0,Host + BCA seed 0,580000.0,10.928364472264995,,,faint,
0,Host + BCA seed 0,585000.0,11.00917771662745,,,faint,
0,Host + BCA seed 0,590000.0,11.089002064526841,,,faint,
0,Host + BCA seed 0,595000.0,11.167697418439836,,,faint,
0,Host + BCA seed 0,600000.0,11.245125564923132,,,faint,
0,Host + BCA seed 0,605000.0,11.321150670010436,,,faint,
0,Host + BCA seed 0,610000.0,11.395639765570806,,,faint,
0,Host + BCA seed 0,615000.0,11.468463225115185,,,faint,
0,Host + BCA seed 0,620000.0,11.539495227571425,,,faint,
0,Host + BCA seed 0,625000.0,11.608614207585985,,,faint,
0,Host + BCA seed 0,630000.0,11.675703290952704,,,faint,
0,Host + BCA seed 0,635000.0,11.740650713816109,,,faint,
0,Host + BCA seed 0,640000.0,11.8033502243474,,,faint,
0,Host + BCA seed 0,645000.0,11.863701465646338,,,faint,
0,Host + BCA seed 0,650000.0,11.921610338681186,,,faint,
0,Host + BCA seed 0,655000.0,11.976989344141332,,,faint,
0,Host + BCA seed 0,660000.0,12.02975790214332,,,faint,
0,Host + BCA seed 0,665000.0,12.079842648800351,,,faint,
0,Host + BCA seed 0,670000.0,12.127177708737715,,,faint,
0,Host + BCA seed 0,675000.0,12.17170494271201,,,faint,
0,Host + BCA seed 0,680000.0,12.213374169569681,,,faint,
0,Host + BCA seed 0,685000.0,12.252143361860904,,,faint,
0,Host + BCA seed 0,690000.0,12.287978814507078,,,faint,
0,Host + BCA seed 0,695000.0,12.320855286004562,,,faint,
0,Host + BCA seed 0,700000.0,12.350756111733071,,,faint,
0,Host + BCA seed 0,705000.0,12.377673289024445,,,faint,
0,Host + BCA seed 0,710000.0,12.401607533735723,,,faint,
0,Host + BCA seed 0,715000.0,12.42256830815961,,,faint,
0,Host + BCA seed 0,720000.0,12.440573820195034,,,faint,
0,Host + BCA seed 0,725000.0,12.455650993790174,,,faint,
0,Host + BCA seed 0,730000.0,12.467835410760465,,,faint,
0,Host + BCA seed 0,735000.0,12.477171224173285,,,faint,
0,Host + BCA seed 0,740000.0,12.483711043580136,,,faint,
0,Host + BCA seed 0,745000.0,12.487515792465064,,,faint,
0,Host + BCA seed 0,750000.0,12.48865453836503,,,faint,
0,Host + BCA seed 0,755000.0,12.487204296203432,,,faint,
0,Host + BCA seed 0,760000.0,12.48324980546169,,,faint,
0,Host + BCA seed 0,765000.0,12.476883281895887,,,faint,
0,Host + BCA seed 0,770000.0,12.468204144584899,,,faint,
0,Host + BCA seed 0,775000.0,12.457318719173944,,,faint,
0,Host + BCA seed 0,780000.0,12.444339918251815,,,faint,
0,Host + BCA seed 0,785000.0,12.429386899871956,,,faint,
0,Host + BCA seed 0,790000.0,12.412584705295895,,,faint,
0,Host + BCA seed 0,795000.0,12.394063877102795,,,faint,
0,Host + BCA seed 0,800000.0,12.373960058870571,,,faint,
0,Host + BCA seed 0,805000.0,12.352413577691879,,,faint,
0,Host + BCA seed 0,810000.0,12.329569010842214,,,faint,
0,Host + BCA seed 0,815000.0,12.305574737967365,,,faint,
0,Host + BCA seed 0,820000.0,12.28058248020307,,,faint,
0,Host + BCA seed 0,825000.0,12.254746827680913,,,faint,
0,Host + BCA seed 0,830000.0,12.228224756911455,,,faint,
0,Host + BCA seed 0,835000.0,12.201175139567466,,,faint,
0,Host + BCA seed 0,840000.0,12.173758244217776,,,faint,
0,Host + BCA seed 0,845000.0,12.146135232584667,,,faint,
0,Host + BCA seed 0,850000.0,12.118467651915553,,,faint,
0,Host + BCA seed 0,855000.0,12.090916925072396,,,faint,
0,Host + BCA seed 0,860000.0,12.063643839950098,,,faint,
0,Host + BCA seed 0,865000.0,12.03680803983792,,,faint,
0,Host + BCA seed 0,870000.0,12.010567516335755,,,faint,
0,Host + BCA seed 0,875000.0,11.98507810642975,,,faint,
0,Host + BCA seed 0,880000.0,11.960492995319647,,,faint,
0,Host + BCA seed 0,885000.0,11.936962226573012,,,faint,
0,Host + BCA seed 0,890000.0,11.914632221159344,,,faint,
0,Host + BCA seed 0,895000.0,11.89364530689032,,,faint,
0,Host + BCA seed 0,900000.0,11.874139259760625,,,faint,
0,Host + BCA seed 0,905000.0,11.856246858647545,,,faint,
0,Host + BCA seed 0,910000.0,11.840095454786743,,,faint,
0,Host + BCA seed 0,915000.0,11.825806557396216,,,faint,
0,Host + BCA seed 0,920000.0,11.813495436771055,,,faint,
0,Host + BCA seed 0,925000.0,11.803270746117818,,,faint,
0,Host + BCA seed 0,930000.0,11.795234163339904,,,faint,
0,Host + BCA seed 0,935000.0,11.789480053923626,,,faint,
0,Host + BCA seed 0,940000.0,11.786095156010008,,,faint,
0,Host + BCA seed 0,945000.0,11.785158288668773,,,faint,
0,Host + BCA seed 0,950000.0,11.78674008431939,,,faint,
0,Host + BCA seed 0,955000.0,11.790902746169706,,,faint,
0,Host + BCA seed 0,960000.0,11.79769983146523,,,faint,
0,Host + BCA seed 0,965000.0,11.80717606126261,,,faint,
0,Host + BCA seed 0,970000.0,11.81936715735862,,,faint,
0,Host + BCA seed 0,975000.0,11.83429970692227,,,faint,
0,Host + BCA seed 0,980000.0,11.851991055291673,,,faint,
0,Host + BCA seed 0,985000.0,11.872449227310302,,,faint,
0,Host + BCA seed 0,990000.0,11.89567287748885,,,faint,
0,Host + BCA seed 0,995000.0,11.921651269189605,,,faint,
0,Host + BCA seed 0,1000000.0,11.950364282940164,,,faint,
0,Host + BCA seed 1,5000.0,-2.720054870446702,,,faint,
0,Host + BCA seed 1,10000.0,-2.3615381864881835,,,faint,
0,Host + BCA seed 1,15000.0,-2.0122217810373044,,,faint,
0,Host + BCA seed 1,20000.0,-1.672076931136864,,,faint,
0,Host + BCA seed 1,25000.0,-1.3410676122899132,,,faint,
0,Host + BCA seed 1,30000.0,-1.01915025831173,,,faint,
0,Host + BCA seed 1,35000.0,-0.7062735500887793,,,faint,
0,Host + BCA seed 1,40000.0,-0.40237823375624915,,,faint,
0,Host + BCA seed 1,45000.0,-0.10739696871840287,,,faint,
0,Host + BCA seed 1,50000.0,0.17874579415250258,,,faint,
0,Host + BCA seed 1,55000.0,0.4561339038927409,,,faint,
0,Host + BCA seed 1,60000.0,0.7248595702434497,,,faint,
0,Host + BCA seed 1,65000.0,0.9850233938021551,,,faint,
0,Host + BCA seed 1,70000.0,1.236734365555968,,,faint,
0,Host + BCA seed 1,75000.0,1.4801098359141305,,,faint,
0,Host + BCA seed 1,80000.0,1.7152754534483374,,,faint,
0,Host + BCA seed 1,85000.0,1.94236507363941,,,faint,
0,Host + BCA seed 1,90000.0,2.1615206380182275,,,faint,
0,Host + BCA seed 1,95000.0,2.37289202417693,,,faint,
0,Host + BCA seed 1,100000.0,2.5766368672130224,,,faint,
0,Host + BCA seed 1,105000.0,2.772920353254089,,,faint,
0,Host + BCA seed 1,110000.0,2.9619149857937623,,,faint,
0,Host + BCA seed 1,115000.0,3.143800325650392,,,faint,
0,Host + BCA seed 1,120000.0,3.318762705438239,,,faint,
0,Host + BCA seed 1,125000.0,3.486994919516544,,,faint,
0,Host + BCA seed 1,130000.0,3.6486958904545794,,,faint,
0,Host + BCA seed 1,135000.0,3.8040703131202624,,,faint,
0,Host + BCA seed 1,140000.0,3.9533282775660115,,,faint,
0,Host + BCA seed 1,145000.0,4.096684871948148,,,faint,
0,Host + BCA seed 1,150000.0,4.234359766774863,,,faint,
0,Host + BCA seed 1,155000.0,4.3665767818325945,,,faint,
0,Host + BCA seed 1,160000.0,4.4935634371914,,,faint,
0,Host + BCA seed 1,165000.0,4.6155504897363,,,faint,
0,Host + BCA seed 1,170000.0,4.732771456713548,,,faint,
0,Host + BCA seed 1,175000.0,4.845462127818324,,,faint,
0,Host + BCA seed 1,180000.0,4.9538600673830055,,,faint,
0,Host + BCA seed 1,185000.0,5.058204108253333,,,faint,
0,Host + BCA seed 1,190000.0,5.158733838962854,,,faint,
0,Host + BCA seed 1,195000.0,5.255689085834369,,,faint,
0,Host + BCA seed 1,200000.0,5.3493093916503085,,,faint,
0,Host + BCA seed 1,205000.0,5.439833492542311,,,faint,
0,Host + BCA seed 1,210000.0,5.527498794753411,,,faint,
0,Host + BCA seed 1,215000.0,5.612540852924542,,,faint,
0,Host + BCA seed 1,220000.0,5.695192851550017,,,faint,
0,Host + BCA seed 1,225000.0,5.77568509123495,,,faint,
0,Host + BCA seed 1,230000.0,5.85424448137055,,,faint,
0,Host + BCA seed 1,235000.0,5.931094040821513,,,faint,
0,Host + BCA seed 1,240000.0,6.006452408193013,,,faint,
0,Host + BCA seed 1,245000.0,6.080533363213368,,,faint,
0,Host + BCA seed 1,250000.0,6.153545360732303,,,faint,
0,Host + BCA seed 1,255000.0,6.225691078794051,,,faint,
0,Host + BCA seed 1,260000.0,6.297166982199366,,,faint,
0,Host + BCA seed 1,265000.0,6.3681629029210605,,,faint,
0,Host + BCA seed 1,270000.0,6.438861638684061,,,faint,
0,Host + BCA seed 1,275000.0,6.509438570963468,,,faint,
0,Host + BCA seed 1,280000.0,6.580061303592519,,,faint,
0,Host + BCA seed 1,285000.0,6.650889323107556,,,faint,
0,Host + BCA seed 1,290000.0,6.722073681888469,,,faint,
0,Host + BCA seed 1,295000.0,6.79375670508152,,,faint,
0,Host + BCA seed 1,300000.0,6.86607172221687,,,faint,
0,Host + BCA seed 1,305000.0,6.939142824355604,,,faint,
0,Host + BCA seed 1,310000.0,7.013084647521282,,,faint,
0,Host + BCA seed 1,315000.0,7.088002183088792,,,faint,
0,Host + BCA seed 1,320000.0,7.163990615719111,,,faint,
0,Host + BCA seed 1,325000.0,7.24113518934265,,,faint,
0,Host + BCA seed 1,330000.0,7.31951110160635,,,faint,
0,Host + BCA seed 1,335000.0,7.399183427111168,,,faint,
0,Host + BCA seed 1,340000.0,7.480207069676853,,,faint,
0,Host + BCA seed 1,345000.0,7.562626743780668,,,faint,
0,Host + BCA seed 1,350000.0,7.646476985226132,,,faint,
0,Host + BCA seed 1,355000.0,7.731782191006886,,,faint,
0,Host + BCA seed 1,360000.0,7.818556688240365,,,faint,
0,Host + BCA seed 1,365000.0,7.906804831955625,,,faint,
0,Host + BCA seed 1,370000.0,7.996521131430294,,,faint,
0,Host + BCA seed 1,375000.0,8.087690404683128,,,faint,
0,Host + BCA seed 1,380000.0,8.180287960641518,,,faint,
0,Host + BCA seed 1,385000.0,8.274279808417536,,,faint,
0,Host + BCA seed 1,390000.0,8.369622893042393,,,faint,
0,Host + BCA seed 1,395000.0,8.466265356927307,,,faint,
0,Host + BCA seed 1,400000.0,8.5641468262393,,,faint,
0,Host + BCA seed 1,405000.0,8.663198721303624,,,faint,
0,Host + BCA seed 1,410000.0,8.763344590070236,,,faint,
0,Host + BCA seed 1,415000.0,8.8645004636108,,,faint,
0,Host + BCA seed 1,420000.0,8.966575232544706,,,faint,
0,Host + BCA seed 1,425000.0,9.069471043228246,,,faint,
0,Host + BCA seed 1,430000.0,9.173083712480253,,,faint,
0,Host + BCA seed 1,435000.0,9.2773031595607,,,faint,
0,Host + BCA seed 1,440000.0,9.38201385406563,,,faint,
0,Host + BCA seed 1,445000.0,9.48709527835318,,,faint,
0,Host + BCA seed 1,450000.0,9.592422403070998,,,faint,
0,Host + BCA seed 1,455000.0,9.69786617431522,,,faint,
0,Host + BCA seed 1,460000.0,9.803294010915998,,,faint,
0,Host + BCA seed 1,465000.0,9.908570310313593,,,faint,
0,Host + BCA seed 1,470000.0,10.013556961463264,,,faint,
0,Host + BCA seed 1,475000.0,10.118113863186029,,,faint,
0,Host + BCA seed 1,480000.0,10.222099446366189,,,faint,
0,Host + BCA seed 1,485000.0,10.325371198385287,,,faint,
0,Host + BCA seed 1,490000.0,10.427786188176054,,,faint,
0,Host + BCA seed 1,495000.0,10.529201590278596,,,faint,
0,Host + BCA seed 1,500000.0,10.629475206284985,,,faint,
0,Host + BCA seed 1,505000.0,10.728465982067236,,,faint,
0,Host + BCA seed 1,510000.0,10.826034519197538,,,faint,
0,Host + BCA seed 1,515000.0,10.922043578988228,,,faint,
0,Host + BCA seed 1,520000.0,11.016358577602837,,,faint,
0,Host + BCA seed 1,525000.0,11.10884807071778,,,faint,
0,Host + BCA seed 1,530000.0,11.199384226247581,,,faint,
0,Host + BCA seed 1,535000.0,11.287843283684152,,,faint,
0,Host + BCA seed 1,540000.0,11.37410599864303,,,faint,
0,Host + BCA seed 1,545000.0,11.45805807125594,,,faint,
0,Host + BCA seed 1,550000.0,11.539590557100071,,,faint,
0,Host + BCA seed 1,555000.0,11.61860025940908,,,faint,
0,Host + BCA seed 1,560000.0,11.694990101369907,,,faint,
0,Host + BCA seed 1,565000.0,11.768669477371644,,,faint,
0,Host + BCA seed 1,570000.0,11.83955458213895,,,faint,
0,Host + BCA seed 1,575000.0,11.907568716751552,,,faint,
0,Host + BCA seed 1,580000.0,11.972642570623904,,,faint,
0,Host + BCA seed 1,585000.0,12.034714478594193,,,faint,
0,Host + BCA seed 1,590000.0,12.09373065234978,,,faint,
0,Host + BCA seed 1,595000.0,12.149645385496381,,,faint,
0,Host + BCA seed 1,600000.0,12.20242123166068,,,faint,
0,Host + BCA seed 1,605000.0,12.25202915510031,,,faint,
0,Host + BCA seed 1,610000.0,12.298448653381023,,,faint,
0,Host + BCA seed 1,615000.0,12.341667851768065,,,faint,
0,Host + BCA seed 1,620000.0,12.381683569067102,,,faint,
0,Host + BCA seed 1,625000.0,12.418501354739226,,,faint,
0,Host + BCA seed 1,630000.0,12.452135497204015,,,faint,
0,Host + BCA seed 1,635000.0,12.482609003334801,,,faint,
0,Host + BCA seed 1,640000.0,12.509953549239958,,,faint,
0,Host + BCA seed 1,645000.0,12.534209402513632,,,faint,
0,Host + BCA seed 1,650000.0,12.55542531622847,,,faint,
0,Host + BCA seed 1,655000.0,12.573658395030806,,,faint,
0,Host + BCA seed 1,660000.0,12.588973933785972,,,faint,
0,Host + BCA seed 1,665000.0,12.601445229306854,,,faint,
0,Host + BCA seed 1,670000.0,12.611153365782812,,,faint,
0,Host + BCA seed 1,675000.0,12.618186974608115,,,faint,
0,Host + BCA seed 1,680000.0,12.622641969388777,,,faint,
0,Host + BCA seed 1,685000.0,12.624621256984154,,,faint,
0,Host + BCA seed 1,690000.0,12.624234425514334,,,faint,
0,Host + BCA seed 1,695000.0,12.621597410336287,,,faint,
0,Host + BCA seed 1,700000.0,12.616832139060204,,,faint,
0,Host + BCA seed 1,705000.0,12.610066156743185,,,faint,
0,Host + BCA seed 1,710000.0,12.601432232458835,,,faint,
0,Host + BCA seed 1,715000.0,12.591067948499832,,,faint,
0,Host + BCA seed 1,720000.0,12.579115273524451,,,faint,
0,Host + BCA seed 1,725000.0,12.565720121008127,,,faint,
0,Host + BCA seed 1,730000.0,12.551031894407298,,,faint,
0,Host + BCA seed 1,735000.0,12.53520302048385,,,faint,
0,Host + BCA seed 1,740000.0,12.518388472275813,,,faint,
0,Host + BCA seed 1,745000.0,12.500745283232154,,,faint,
0,Host + BCA seed 1,750000.0,12.482432054057188,,,faint,
0,Host + BCA seed 1,755000.0,12.463608453833015,,,faint,
0,Host + BCA seed 1,760000.0,12.444434717006228,,,faint,
0,Host + BCA seed 1,765000.0,12.425071137838405,,,faint,
0,Host + BCA seed 1,770000.0,12.405677563927567,,,faint,
0,Host + BCA seed 1,775000.0,12.386412890411293,,,faint,
0,Host + BCA seed 1,780000.0,12.367434556459763,,,faint,
0,Host + BCA seed 1,785000.0,12.348898045660452,,,faint,
0,Host + BCA seed 1,790000.0,12.33095639188388,,,faint,
0,Host + BCA seed 1,795000.0,12.313759692203227,,,faint,
0,Host + BCA seed 1,800000.0,12.297454628418619,,,faint,
0,Host + BCA seed 1,805000.0,12.28218399871041,,,faint,
0,Host + BCA seed 1,810000.0,12.268086260914327,,,faint,
0,Host + BCA seed 1,815000.0,12.25529508887536,,,faint,
0,Host + BCA seed 1,820000.0,12.243938943296794,,,faint,
0,Host + BCA seed 1,825000.0,12.234140658455669,,,faint,
0,Host + BCA seed 1,830000.0,12.226017046106882,,,faint,
0,Host + BCA seed 1,835000.0,12.219678517844619,,,faint,
0,Host + BCA seed 1,840000.0,12.21522872713265,,,faint,
0,Host + BCA seed 1,845000.0,12.212764232153766,,,faint,
0,Host + BCA seed 1,850000.0,12.212374180564066,,,faint,
0,Host + BCA seed 1,855000.0,12.214140017169653,,,faint,
0,Host + BCA seed 1,860000.0,12.21813521547207,,,faint,
0,Host + BCA seed 1,865000.0,12.224425033954532,,,faint,
0,Host + BCA seed 1,870000.0,12.233066297904145,,,faint,
0,Host + BCA seed 1,875000.0,12.244107207485776,,,faint,
0,Host + BCA seed 1,880000.0,12.257587172701546,,,faint,
0,Host + BCA seed 1,885000.0,12.273536675786316,,,faint,
0,Host + BCA seed 1,890000.0,12.291977161503974,,,faint,
0,Host + BCA seed 1,895000.0,12.312920955722573,,,faint,
0,Host + BCA seed 1,900000.0,12.336371212558149,,,faint,
0,Host + BCA seed 1,905000.0,12.362321890288126,,,faint,
0,Host + BCA seed 1,910000.0,12.390757756145447,,,faint,
0,Host + BCA seed 1,915000.0,12.42165442001453,,,faint,
0,Host + BCA seed 1,920000.0,12.454978396960062,,,faint,
0,Host + BCA seed 1,925000.0,12.490687198429518,,,faint,
0,Host + BCA seed 1,930000.0,12.528729451880968,,,faint,
0,Host + BCA seed 1,935000.0,12.569045048498744,,,faint,
0,Host + BCA seed 1,940000.0,12.611565318571927,,,faint,
0,Host + BCA seed 1,945000.0,12.656213234024122,,,faint,
0,Host + BCA seed 1,950000.0,12.7029036374979,,,faint,
0,Host + BCA seed 1,955000.0,12.751543497314403,,,faint,
0,Host + BCA seed 1,960000.0,12.802032187547315,,,faint,
0,Host + BCA seed 1,965000.0,12.854261792371963,,,faint,
0,Host + BCA seed 1,970000.0,12.908117433773835,,,faint,
0,Host + BCA seed 1,975000.0,12.96347762162776,,,faint,
0,Host + BCA seed 1,980000.0,13.020214625088474,,,faint,
0,Host + BCA seed 1,985000.0,13.078194864166317,,,faint,
0,Host + BCA seed 1,990000.0,13.137279320298175,,,faint,
0,Host + BCA seed 1,995000.0,13.197323964663891,,,faint,
0,Host + BCA seed 1,1000000.0,13.258180202942114,,,faint,
0,Host + BCA seed 2,5000.0,-2.2374852913905547,,,faint,
0,Host + BCA seed 2,10000.0,-1.9482037316892673,,,faint,
0,Host + BCA seed 2,15000.0,-1.6680054048713795,,,faint,
0,Host + BCA seed 2,20000.0,-1.396679867571223,,,faint,
0,Host + BCA seed 2,25000.0,-1.1340102660523859,,,faint,
0,Host + BCA seed 2,30000.0,-0.8797736190105363,,,faint,
0,Host + BCA seed 2,35000.0,-0.6337411249928133,,,faint,
0,Host + BCA seed 2,40000.0,-0.3956784933838049,,,faint,
0,Host + BCA seed 2,45000.0,-0.16534629783873767,,,faint,
0,Host + BCA seed 2,50000.0,0.05749964902136817,,,faint,
0,Host + BCA seed 2,55000.0,0.2731079009002484,,,faint,
0,Host + BCA seed 2,60000.0,0.4817309644088421,,,faint,
0,Host + BCA seed 2,65000.0,0.6836248683004607,,,faint,
0,Host + BCA seed 2,70000.0,0.8790487167699628,,,faint,
0,Host + BCA seed 2,75000.0,1.0682642282744377,,,faint,
0,Host + BCA seed 2,80000.0,1.2515352613746717,,,faint,
0,Host + BCA seed 2,85000.0,1.4291273291338285,,,faint,
0,Host + BCA seed 2,90000.0,1.6013071036423927,,,faint,
0,Host + BCA seed 2,95000.0,1.7683419122661592,,,faint,
0,Host + BCA seed 2,100000.0,1.930499227236928,,,faint,
0,Host + BCA seed 2,105000.0,2.08804615022364,,,faint,
0,Host + BCA seed 2,110000.0,2.2412488935346264,,,faint,
0,Host + BCA seed 2,115000.0,2.390372259609633,,,faint,
0,Host + BCA seed 2,120000.0,2.5356791204632843,,,faint,
0,Host + BCA seed 2,125000.0,2.677429898739437,,,faint,
0,Host + BCA seed 2,130000.0,2.815882052028803,,,faint,
0,Host + BCA seed 2,135000.0,2.95128956208997,,,faint,
0,Host + BCA seed 2,140000.0,3.083902430596785,,,faint,
0,Host + BCA seed 2,145000.0,3.2139661830129653,,,faint,
0,Host + BCA seed 2,150000.0,3.3417213821677985,,,faint,
0,Host + BCA seed 2,155000.0,3.4674031530750304,,,faint,
0,Host + BCA seed 2,160000.0,3.591240720500593,,,faint,
0,Host + BCA seed 2,165000.0,3.7134569607438,,,faint,
0,Host + BCA seed 2,170000.0,3.834267969051119,,,faint,
0,Host + BCA seed 2,175000.0,3.9538826440319275,,,faint,
0,Host + BCA seed 2,180000.0,4.0725022903916255,,,faint,
0,Host + BCA seed 2,185000.0,4.1903202412396165,,,faint,
0,Host + BCA seed 2,190000.0,4.307521501167904,,,faint,
0,Host + BCA seed 2,195000.0,4.424282411230714,,,faint,
0,Host + BCA seed 2,200000.0,4.540770336886718,,,faint,
0,Host + BCA seed 2,205000.0,4.657143379893537,,,faint,
0,Host + BCA seed 2,210000.0,4.773550115069144,,,faint,
0,Host + BCA seed 2,215000.0,4.890129352757157,,,faint,
0,Host + BCA seed 2,220000.0,5.007009927752642,,,faint,
0,Host + BCA seed 2,225000.0,5.124310515362685,,,faint,
0,Host + BCA seed 2,230000.0,5.242139475191337,,,faint,
0,Host + BCA seed 2,235000.0,5.360594723152346,,,faint,
0,Host + BCA seed 2,240000.0,5.479763632125271,,,faint,
0,Host + BCA seed 2,245000.0,5.599722961581598,,,faint,
0,Host + BCA seed 2,250000.0,5.720538816417535,,,faint,
0,Host + BCA seed 2,255000.0,5.842266635139589,,,faint,
0,Host + BCA seed 2,260000.0,5.964951207457977,,,faint,
0,Host + BCA seed 2,265000.0,6.088626721251884,,,faint,
0,Host + BCA seed 2,270000.0,6.21331683877954,,,faint,
0,Host + BCA seed 2,275000.0,6.339034801915773,,,faint,
0,Host + BCA seed 2,280000.0,6.4657835661097005,,,faint,
0,Host + BCA seed 2,285000.0,6.593555962666687,,,faint,
0,Host + BCA seed 2,290000.0,6.722334888871053,,,faint,
0,Host + BCA seed 2,295000.0,6.8520935253801225,,,faint,
0,Host + BCA seed 2,300000.0,6.982795580236155,,,faint,
0,Host + BCA seed 2,305000.0,7.114395558760454,,,faint,
0,Host + BCA seed 2,310000.0,7.246839058514372,,,faint,
0,Host + BCA seed 2,315000.0,7.380063088434646,,,faint,
0,Host + BCA seed 2,320000.0,7.513996411176152,,,faint,
0,Host + BCA seed 2,325000.0,7.648559907623771,,,faint,
0,Host + BCA seed 2,330000.0,7.783666962466965,,,faint,
0,Host + BCA seed 2,335000.0,7.919223869666037,,,faint,
0,Host + BCA seed 2,340000.0,8.055130256577973,,,faint,
0,Host + BCA seed 2,345000.0,8.191279525452641,,,faint,
0,Host + BCA seed 2,350000.0,8.327559310956984,,,faint,
0,Host + BCA seed 2,355000.0,8.463851952335814,,,faint,
0,Host + BCA seed 2,360000.0,8.600034978773236,,,faint,
0,Host + BCA seed 2,365000.0,8.73598160647849,,,faint,
0,Host + BCA seed 2,370000.0,8.871561245984426,,,faint,
0,Host + BCA seed 2,375000.0,9.00664001811589,,,faint,
0,Host + BCA seed 2,380000.0,9.141081277059264,,,faint,
0,Host + BCA seed 2,385000.0,9.274746138943001,,,faint,
0,Host + BCA seed 2,390000.0,9.407494014322841,,,faint,
0,Host + BCA seed 2,395000.0,9.539183142953897,,,faint,
0,Host + BCA seed 2,400000.0,9.66967112922559,,,faint,
0,Host + BCA seed 2,405000.0,9.79881547663403,,,faint,
0,Host + BCA seed 2,410000.0,9.926474119670166,,,faint,
0,Host + BCA seed 2,415000.0,10.05250595151086,,,faint,
0,Host + BCA seed 2,420000.0,10.176771345913675,,,faint,
0,Host + BCA seed 2,425000.0,10.299132671734899,,,faint,
0,Host + BCA seed 2,430000.0,10.419454798513895,,,faint,
0,Host + BCA seed 2,435000.0,10.537605591595279,,,faint,
0,Host + BCA seed 2,440000.0,10.65345639529345,,,faint,
0,Host + BCA seed 2,445000.0,10.766882502641788,,,faint,
0,Host + BCA seed 2,450000.0,10.877763610311108,,,faint,
0,Host + BCA seed 2,455000.0,10.985984257328372,,,faint,
0,Host + BCA seed 2,460000.0,11.091434246277732,,,faint,
0,Host + BCA seed 2,465000.0,11.194009045720644,,,faint,
0,Host + BCA seed 2,470000.0,11.29361017263067,,,faint,
0,Host + BCA seed 2,475000.0,11.390145553701112,,,faint,
0,Host + BCA seed 2,480000.0,11.48352986444954,,,faint,
0,Host + BCA seed 2,485000.0,11.573684845112618,,,faint,
0,Host + BCA seed 2,490000.0,11.660539592397134,,,faint,
0,Host + BCA seed 2,495000.0,11.744030826228297,,,faint,
0,Host + BCA seed 2,500000.0,11.824103130714391,,,faint,
0,Host + BCA seed 2,505000.0,11.900709168627104,,,faint,
0,Host + BCA seed 2,510000.0,11.973809868779457,,,faint,
0,Host + BCA seed 2,515000.0,12.043374585767419,,,faint,
0,Host + BCA seed 2,520000.0,12.109381231627488,,,faint,
0,Host + BCA seed 2,525000.0,12.171816379049677,,,faint,
0,Host + BCA seed 2,530000.0,12.230675335873944,,,faint,
0,Host + BCA seed 2,535000.0,12.285962190687236,,,faint,
0,Host + BCA seed 2,540000.0,12.337689829428193,,,faint,
0,Host + BCA seed 2,545000.0,12.385879922996587,,,faint,
0,Host + BCA seed 2,550000.0,12.430562885954608,,,faint,
0,Host + BCA seed 2,555000.0,12.47177780649683,,,faint,
0,Host + BCA seed 2,560000.0,12.509572347955022,,,faint,
0,Host + BCA seed 2,565000.0,12.544002622191934,,,faint,
0,Host + BCA seed 2,570000.0,12.575133035325882,,,faint,
0,Host + BCA seed 2,575000.0,12.603036106313247,,,faint,
0,Host + BCA seed 2,580000.0,12.627792259000595,,,faint,
0,Host + BCA seed 2,585000.0,12.649489588339994,,,faint,
0,Host + BCA seed 2,590000.0,12.668223601541413,,,faint,
0,Host + BCA seed 2,595000.0,12.68409693501355,,,faint,
0,Host + BCA seed 2,600000.0,12.697219048019473,,,faint,
0,Host + BCA seed 2,605000.0,12.707705894045562,,,faint,
0,Host + BCA seed 2,610000.0,12.715679570951067,,,faint,
0,Host + BCA seed 2,615000.0,12.721267951031392,,,faint,
0,Host + BCA seed 2,620000.0,12.72460429219009,,,faint,
0,Host + BCA seed 2,625000.0,12.725826831473212,,,faint,
0,Host + BCA seed 2,630000.0,12.725078362273718,,,faint,
0,Host + BCA seed 2,635000.0,12.72250579656443,,,faint,
0,Host + BCA seed 2,640000.0,12.718259713563876,,,faint,
0,Host + BCA seed 2,645000.0,12.712493896281275,,,faint,
0,Host + BCA seed 2,650000.0,12.705364857424152,,,faint,
0,Host + BCA seed 2,655000.0,12.697031356184743,,,faint,
0,Host + BCA seed 2,660000.0,12.68765390744927,,,faint,
0,Host + BCA seed 2,665000.0,12.677394284997263,,,faint,
0,Host + BCA seed 2,670000.0,12.666415020276443,,,faint,
0,Host + BCA seed 2,675000.0,12.65487889835192,,,faint,
0,Host + BCA seed 2,680000.0,12.642948452636833,,,faint,
0,Host + BCA seed 2,685000.0,12.630785460014927,,,faint,
0,Host + BCA seed 2,690000.0,12.618550437963806,,,faint,
0,Host + BCA seed 2,695000.0,12.606402145281166,,,faint,
0,Host + BCA seed 2,700000.0,12.594497088004236,,,faint,
0,Host + BCA seed 2,705000.0,12.582989032096613,,,faint,
0,Host + BCA seed 2,710000.0,12.572028524454598,,,faint,
0,Host + BCA seed 2,715000.0,12.561762423759316,,,faint,
0,Host + BCA seed 2,720000.0,12.552333442669507,,,faint,
0,Host + BCA seed 2,725000.0,12.543879702814232,,,faint,
0,Host + BCA seed 2,730000.0,12.536534304004597,,,faint,
0,Host + BCA seed 2,735000.0,12.530424909038722,,,faint,
0,Host + BCA seed 2,740000.0,12.525673345425371,,,faint,
0,Host + BCA seed 2,745000.0,12.522395225298519,,,faint,
0,Host + BCA seed 2,750000.0,12.520699584738075,,,faint,
0,Host + BCA seed 2,755000.0,12.520688543651229,,,faint,
0,Host + BCA seed 2,760000.0,12.52245698730432,,,faint,
0,Host + BCA seed 2,765000.0,12.526092270527531,,,faint,
0,Host + BCA seed 2,770000.0,12.531673945543417,,,faint,
0,Host + BCA seed 2,775000.0,12.539273514296655,,,faint,
0,Host + BCA seed 2,780000.0,12.548954206085298,,,faint,
0,Host + BCA seed 2,785000.0,12.560770781215037,,,faint,
0,Host + BCA seed 2,790000.0,12.574769361316122,,,faint,
0,Host + BCA seed 2,795000.0,12.590987286879422,,,faint,
0,Host + BCA seed 2,800000.0,12.609453002482757,,,faint,
0,Host + BCA seed 2,805000.0,12.630185970092004,,,faint,
0,Host + BCA seed 2,810000.0,12.65319661073356,,,faint,
0,Host + BCA seed 2,815000.0,12.678486274745968,,,faint,
0,Host + BCA seed 2,820000.0,12.70604724072898,,,faint,
0,Host + BCA seed 2,825000.0,12.735862743218458,,,faint,
0,Host + BCA seed 2,830000.0,12.767907029025615,,,faint,
0,Host + BCA seed 2,835000.0,12.802145442089115,,,faint,
0,Host + BCA seed 2,840000.0,12.838534536599447,,,faint,
0,Host + BCA seed 2,845000.0,12.87702221806613,,,faint,
0,Host + BCA seed 2,850000.0,12.917547911910837,,,faint,
0,Host + BCA seed 2,855000.0,12.960042759083096,,,faint,
0,Host + BCA seed 2,860000.0,13.004429838110477,,,faint,
0,Host + BCA seed 2,865000.0,13.05062441291213,,,faint,
0,Host + BCA seed 2,870000.0,13.098534205623663,,,faint,
0,Host + BCA seed 2,875000.0,13.148059693602674,,,faint,
0,Host + BCA seed 2,880000.0,13.199094429708197,,,faint,
0,Host + BCA seed 2,885000.0,13.251525384874133,,,faint,
0,Host + BCA seed 2,890000.0,13.305233311926369,,,faint,
0,Host + BCA seed 2,895000.0,13.360093129526412,,,faint,
0,Host + BCA seed 2,900000.0,13.415974325060715,,,faint,
0,Host + BCA seed 2,905000.0,13.472741375235024,,,faint,
0,Host + BCA seed 2,910000.0,13.530254183077012,,,faint,
0,Host + BCA seed 2,915000.0,13.58836852999829,,,faint,
0,Host + BCA seed 2,920000.0,13.646936541519182,,,faint,
0,Host + BCA seed 2,925000.0,13.705807165215877,,,faint,
0,Host + BCA seed 2,930000.0,13.764826659410595,,,faint,
0,Host + BCA seed 2,935000.0,13.823839091090738,,,faint,
0,Host + BCA seed 2,940000.0,13.882686841513237,,,faint,
0,Host + BCA seed 2,945000.0,13.941211117925215,,,faint,
0,Host + BCA seed 2,950000.0,13.999252469811712,,,faint,
0,Host + BCA seed 2,955000.0,14.056651308066176,,,faint,
0,Host + BCA seed 2,960000.0,14.113248425468806,,,faint,
0,Host + BCA seed 2,965000.0,14.168885516852743,,,faint,
0,Host + BCA seed 2,970000.0,14.223405697337615,,,faint,
0,Host + BCA seed 2,975000.0,14.27665401701475,,,faint,
0,Host + BCA seed 2,980000.0,14.328477970478092,,,faint,
0,Host + BCA seed 2,985000.0,14.378727999609458,,,faint,
0,Host + BCA seed 2,990000.0,14.427257988046565,,,faint,
0,Host + BCA seed 2,995000.0,14.473925745786664,,,faint,
0,Host + BCA seed 2,1000000.0,14.5185934824079,,,faint,
0,Host + BCA seed 3,5000.0,-2.979779143514238,,,faint,
0,Host + BCA seed 3,10000.0,-2.7276232238887035,,,faint,
0,Host + BCA seed 3,15000.0,-2.4815514949003012,,,faint,
0,Host + BCA seed 3,20000.0,-2.2412649260779895,,,faint,
0,Host + BCA seed 3,25000.0,-2.0064667025980514,,,faint,
0,Host + BCA seed 3,30000.0,-1.7768627372479315,,,faint,
0,Host + BCA seed 3,35000.0,-1.5521621807036878,,,faint,
0,Host + BCA seed 3,40000.0,-1.332077928463517,,,faint,
0,Host + BCA seed 3,45000.0,-1.1163271227922984,,,faint,
0,Host + BCA seed 3,50000.0,-0.9046316480497256,,,faint,
0,Host + BCA seed 3,55000.0,-0.6967186177969771,,,faint,
0,Host + BCA seed 3,60000.0,-0.492320852104306,,,faint,
0,Host + BCA seed 3,65000.0,-0.29117734351400093,,,faint,
0,Host + BCA seed 3,70000.0,-0.09303371015003359,,,faint,
0,Host + BCA seed 3,75000.0,0.10235736549294128,,,faint,
0,Host + BCA seed 3,80000.0,0.29523571350273314,,,faint,
0,Host + BCA seed 3,85000.0,0.48583327061621195,,,faint,
0,Host + BCA seed 3,90000.0,0.6743736927164385,,,faint,
0,Host + BCA seed 3,95000.0,0.8610719870190977,,,faint,
0,Host + BCA seed 3,100000.0,1.046134165144876,,,faint,
0,Host + BCA seed 3,105000.0,1.2297569182088075,,,faint,
0,Host + BCA seed 3,110000.0,1.412127314988424,,,faint,
0,Host + BCA seed 3,115000.0,1.593422524160218,,,faint,
0,Host + BCA seed 3,120000.0,1.773809561518695,,,faint,
0,Host + BCA seed 3,125000.0,1.9534450630141307,,,faint,
0,Host + BCA seed 3,130000.0,2.1324750843646676,,,faint,
0,Host + BCA seed 3,135000.0,2.3110349279155145,,,faint,
0,Host + BCA seed 3,140000.0,2.489248997333161,,,faint,
0,Host + BCA seed 3,145000.0,2.6672306806359565,,,faint,
0,Host + BCA seed 3,150000.0,2.845082261974318,,,faint,
0,Host + BCA seed 3,155000.0,3.02289486248451,,,faint,
0,Host + BCA seed 3,160000.0,3.2007484104497763,,,faint,
0,Host + BCA seed 3,165000.0,3.378711640911648,,,faint,
0,Host + BCA seed 3,170000.0,3.5568421247829978,,,faint,
0,Host + BCA seed 3,175000.0,3.7351863274230652,,,faint,
0,Host + BCA seed 3,180000.0,3.9137796965434104,,,faint,
0,Host + BCA seed 3,185000.0,4.092646779223061,,,faint,
0,Host + BCA seed 3,190000.0,4.271801367721067,,,faint,
0,Host + BCA seed 3,195000.0,4.45124667368572,,,faint,
0,Host + BCA seed 3,200000.0,4.630975530271903,,,faint,
0,Host + BCA seed 3,205000.0,4.8109706215919505,,,faint,
0,Host + BCA seed 3,210000.0,4.991204738840983,,,faint,
0,Host + BCA seed 3,215000.0,5.171641062355462,,,faint,
0,Host + BCA seed 3,220000.0,5.352233468783684,,,faint,
0,Host + BCA seed 3,225000.0,5.532926862469651,,,faint,
0,Host + BCA seed 3,230000.0,5.713657530077103,,,faint,
0,Host + BCA seed 3,235000.0,5.894353517409016,,,faint,
0,Host + BCA seed 3,240000.0,6.074935027309584,,,faint,
0,Host + BCA seed 3,245000.0,6.255314837470862,,,faint,
0,Host + BCA seed 3,250000.0,6.435398736905148,,,faint,
0,Host + BCA seed 3,255000.0,6.615085979786861,,,faint,
0,Host + BCA seed 3,260000.0,6.794269755314365,,,faint,
0,Host + BCA seed 3,265000.0,6.972837672193185,,,faint,
0,Host + BCA seed 3,270000.0,7.150672256297191,,,faint,
0,Host + BCA seed 3,275000.0,7.327651460024212,,,faint,
0,Host + BCA seed 3,280000.0,7.503649181826668,,,faint,
0,Host + BCA seed 3,285000.0,7.678535794367008,,,faint,
0,Host + BCA seed 3,290000.0,7.8521786797214475,,,faint,
0,Host + BCA seed 3,295000.0,8.024442770034227,,,faint,
0,Host + BCA seed 3,300000.0,8.195191092008303,,,faint,
0,Host + BCA seed 3,305000.0,8.36428531360689,,,faint,
0,Host + BCA seed 3,310000.0,8.531586291334062,,,faint,
0,Host + BCA seed 3,315000.0,8.696954616461191,,,faint,
0,Host + BCA seed 3,320000.0,8.860251158569834,,,faint,
0,Host + BCA seed 3,325000.0,9.021337604790325,,,faint,
0,Host + BCA seed 3,330000.0,9.18007699312921,,,faint,
0,Host + BCA seed 3,335000.0,9.336334238297301,,,faint,
0,Host + BCA seed 3,340000.0,9.489976648473782,,,faint,
0,Host + BCA seed 3,345000.0,9.640874431470174,,,faint,
0,Host + BCA seed 3,350000.0,9.788901188791266,,,faint,
0,Host + BCA seed 3,355000.0,9.933934396127741,,,faint,
0,Host + BCA seed 3,360000.0,10.075855868857714,,,faint,
0,Host + BCA seed 3,365000.0,10.214552211180958,,,faint,
0,Host + BCA seed 3,370000.0,10.349915247560592,,,faint,
0,Host + BCA seed 3,375000.0,10.481842435201955,,,faint,
0,Host + BCA seed 3,380000.0,10.610237256357355,,,faint,
0,Host + BCA seed 3,385000.0,10.735009589307927,,,faint,
0,Host + BCA seed 3,390000.0,10.856076056940044,,,faint,
0,Host + BCA seed 3,395000.0,10.973360351903182,,,faint,
0,Host + BCA seed 3,400000.0,11.086793537408644,,,faint,
0,Host + BCA seed 3,405000.0,11.196314322804183,,,faint,
0,Host + BCA seed 3,410000.0,11.301869313137399,,,faint,
0,Host + BCA seed 3,415000.0,11.40341323200154,,,faint,
0,Host + BCA seed 3,420000.0,11.50090911703987,,,faint,
0,Host + BCA seed 3,425000.0,11.594328487569278,,,faint,
0,Host + BCA seed 3,430000.0,11.683651483870138,,,faint,
0,Host + BCA seed 3,435000.0,11.768866977776868,,,faint,
0,Host + BCA seed 3,440000.0,11.849972654292348,,,faint,
0,Host + BCA seed 3,445000.0,11.926975064038785,,,faint,
0,Host + BCA seed 3,450000.0,11.999889646447807,,,faint,
0,Host + BCA seed 3,455000.0,12.068740723682545,,,faint,
0,Host + BCA seed 3,460000.0,12.133561465375179,,,faint,
0,Host + BCA seed 3,465000.0,12.194393824352979,,,faint,
0,Host + BCA seed 3,470000.0,12.251288443615655,,,faint,
0,Host + BCA seed 3,475000.0,12.304304534915161,,,faint,
0,Host + BCA seed 3,480000.0,12.353509729376755,,,faint,
0,Host + BCA seed 3,485000.0,12.398979900685983,,,faint,
0,Host + BCA seed 3,490000.0,12.440798961450906,,,faint,
0,Host + BCA seed 3,495000.0,12.479058633431174,,,faint,
0,Host + BCA seed 3,500000.0,12.513858192406026,,,faint,
0,Host + BCA seed 3,505000.0,12.545304188531116,,,faint,
0,Host + BCA seed 3,510000.0,12.573510143109385,,,faint,
0,Host + BCA seed 3,515000.0,12.598596222773494,,,faint,
0,Host + BCA seed 3,520000.0,12.620688892146621,,,faint,
0,Host + BCA seed 3,525000.0,12.639920546114288,,,faint,
0,Host + BCA seed 3,530000.0,12.656429122902317,,,faint,
0,Host + BCA seed 3,535000.0,12.670357699214643,,,faint,
0,Host + BCA seed 3,540000.0,12.681854068739417,,,faint,
0,Host + BCA seed 3,545000.0,12.691070305382596,,,faint,
0,Host + BCA seed 3,550000.0,12.698162312634569,,,faint,
0,Host + BCA seed 3,555000.0,12.703289360517463,,,faint,
0,Host + BCA seed 3,560000.0,12.706613611598415,,,faint,
0,Host + BCA seed 3,565000.0,12.70829963758682,,,faint,
0,Host + BCA seed 3,570000.0,12.70851392806212,,,faint,
0,Host + BCA seed 3,575000.0,12.707424392901764,,,faint,
0,Host + BCA seed 3,580000.0,12.705199859997796,,,faint,
0,Host + BCA seed 3,585000.0,12.702009569863911,,,faint,
0,Host + BCA seed 3,590000.0,12.6980226687436,,,faint,
0,Host + BCA seed 3,595000.0,12.69340770183353,,,faint,
0,Host + BCA seed 3,600000.0,12.688332108234952,,,faint,
0,Host + BCA seed 3,605000.0,12.682961719239552,,,faint,
0,Host + BCA seed 3,610000.0,12.677460261544677,,,faint,
0,Host + BCA seed 3,615000.0,12.671988866976687,,,faint,
0,Host + BCA seed 3,620000.0,12.666705590279728,,,faint,
0,Host + BCA seed 3,625000.0,12.661764936501442,,,faint,
0,Host + BCA seed 3,630000.0,12.657317399475916,,,faint,
0,Host + BCA seed 3,635000.0,12.65350901286909,,,faint,
0,Host + BCA seed 3,640000.0,12.650480915211514,,,faint,
0,Host + BCA seed 3,645000.0,12.648368930299036,,,faint,
0,Host + BCA seed 3,650000.0,12.647303164293215,,,faint,
0,Host + BCA seed 3,655000.0,12.647407620800445,,,faint,
0,Host + BCA seed 3,660000.0,12.648799835151861,,,faint,
0,Host + BCA seed 3,665000.0,12.651590529045501,,,faint,
0,Host + BCA seed 3,670000.0,12.655883286648015,,,faint,
0,Host + BCA seed 3,675000.0,12.66177425318552,,,faint,
0,Host + BCA seed 3,680000.0,12.669351856982408,,,faint,
0,Host + BCA seed 3,685000.0,12.678696555833081,,,faint,
0,Host + BCA seed 3,690000.0,12.68988060851507,,,faint,
0,Host + BCA seed 3,695000.0,12.702967872172993,,,faint,
0,Host + BCA seed 3,700000.0,12.718013626221328,,,faint,
0,Host + BCA seed 3,705000.0,12.735064423330899,,,faint,
0,Host + BCA seed 3,710000.0,12.75415796797863,,,faint,
0,Host + BCA seed 3,715000.0,12.775323022953808,,,faint,
0,Host + BCA seed 3,720000.0,12.798579344126171,,,faint,
0,Host + BCA seed 3,725000.0,12.82393764369238,,,faint,
0,Host + BCA seed 3,730000.0,12.851399582028213,,,faint,
0,Host + BCA seed 3,735000.0,12.880957788183835,,,faint,
0,Host + BCA seed 3,740000.0,12.912595908969694,,,faint,
0,Host + BCA seed 3,745000.0,12.946288686490835,,,faint,
0,Host + BCA seed 3,750000.0,12.98200206389811,,,faint,
0,Host + BCA seed 3,755000.0,13.019693319036202,,,faint,
0,Host + BCA seed 3,760000.0,13.059311225580704,,,faint,
0,Host + BCA seed 3,765000.0,13.100796241170379,,,faint,
0,Host + BCA seed 3,770000.0,13.144080721955595,,,faint,
0,Host + BCA seed 3,775000.0,13.189089162901386,,,faint,
0,Host + BCA seed 3,780000.0,13.235738463102125,,,faint,
0,Host + BCA seed 3,785000.0,13.283938215286678,,,faint,
0,Host + BCA seed 3,790000.0,13.333591018616406,,,faint,
0,Host + BCA seed 3,795000.0,13.384592813805316,,,faint,
0,Host + BCA seed 3,800000.0,13.436833239521313,,,faint,
0,Host + BCA seed 3,805000.0,13.49019600896041,,,faint,
0,Host + BCA seed 3,810000.0,13.544559305422155,,,faint,
0,Host + BCA seed 3,815000.0,13.59979619565457,,,faint,
0,Host + BCA seed 3,820000.0,13.655775059680744,,,faint,
0,Host + BCA seed 3,825000.0,13.712360035766986,,,faint,
0,Host + BCA seed 3,830000.0,13.769411479144537,,,faint,
0,Host + BCA seed 3,835000.0,13.826786433053082,,,faint,
0,Host + BCA seed 3,840000.0,13.884339110635075,,,faint,
0,Host + BCA seed 3,845000.0,13.941921386175254,,,faint,
0,Host + BCA seed 3,850000.0,13.999383294149599,,,faint,
0,Host + BCA seed 3,855000.0,14.056573534522915,,,faint,
0,Host + BCA seed 3,860000.0,14.113339982713676,,,faint,
0,Host + BCA seed 3,865000.0,14.16953020262942,,,faint,
0,Host + BCA seed 3,870000.0,14.224991961165403,,,faint,
0,Host + BCA seed 3,875000.0,14.279573742553712,,,faint,
0,Host + BCA seed 3,880000.0,14.33312526094953,,,faint,
0,Host + BCA seed 3,885000.0,14.385497969645801,,,faint,
0,Host + BCA seed 3,890000.0,14.436545565316996,,,faint,
0,Host + BCA seed 3,895000.0,14.486124485707167,,,faint,
0,Host + BCA seed 3,900000.0,14.534094399196977,,,faint,
0,Host + BCA seed 3,905000.0,14.58031868470856,,,faint,
0,Host + BCA seed 3,910000.0,14.624664900436244,,,faint,
0,Host + BCA seed 3,915000.0,14.667005239924887,,,faint,
0,Host + BCA seed 3,920000.0,14.707216974056047,,,faint,
0,Host + BCA seed 3,925000.0,14.745182877545025,,,faint,
0,Host + BCA seed 3,930000.0,14.780791638599057,,,faint,
0,Host + BCA seed 3,935000.0,14.813938250438412,,,faint,
0,Host + BCA seed 3,940000.0,14.844524383437616,,,faint,
0,Host + BCA seed 3,945000.0,14.87245873670342,,,faint,
0,Host + BCA seed 3,950000.0,14.897657367969117,,,faint,
0,Host + BCA seed 3,955000.0,14.92004400075156,,,faint,
0,Host + BCA seed 3,960000.0,14.93955030778685,,,faint,
0,Host + BCA seed 3,965000.0,14.95611616983392,,,faint,
0,Host + BCA seed 3,970000.0,14.969689909010695,,,faint,
0,Host + BCA seed 3,975000.0,14.98022849590634,,,faint,
0,Host + BCA seed 3,980000.0,14.987697729793513,,,faint,
0,Host + BCA seed 3,985000.0,14.992072391347813,,,faint,
0,Host + BCA seed 3,990000.0,14.993336367366247,,,faint,
0,Host + BCA seed 3,995000.0,14.991482747063067,,,faint,
0,Host + BCA seed 3,1000000.0,14.986513889608997,,,faint,
0,Host + BCA seed 4,5000.0,-3.850746957720049,,,faint,
0,Host + BCA seed 4,10000.0,-3.5694740517168038,,,faint,
0,Host + BCA seed 4,15000.0,-3.2911616030928226,,,faint,
0,Host + BCA seed 4,20000.0,-3.0155965741509236,,,faint,
0,Host + BCA seed 4,25000.0,-2.7425765729871516,,,faint,
0,Host + BCA seed 4,30000.0,-2.4719100901362117,,,faint,
0,Host + BCA seed 4,35000.0,-2.203416709397853,,,faint,
0,Host + BCA seed 4,40000.0,-1.93692729209167,,,faint,
0,Host + BCA seed 4,45000.0,-1.6722841340708787,,,faint,
0,Host + BCA seed 4,50000.0,-1.409341094910748,,,faint,
0,Host + BCA seed 4,55000.0,-1.1479636987741728,,,faint,
0,Host + BCA seed 4,60000.0,-0.8880292065452319,,,faint,
0,Host + BCA seed 4,65000.0,-0.6294266589110645,,,faint,
0,Host + BCA seed 4,70000.0,-0.3720568901628968,,,faint,
0,Host + BCA seed 4,75000.0,-0.11583251257809801,,,faint,
0,Host + BCA seed 4,80000.0,0.13932212866333815,,,faint,
0,Host + BCA seed 4,85000.0,0.3934710299829003,,,faint,
0,Host + BCA seed 4,90000.0,0.6466666331919225,,,faint,
0,Host + BCA seed 4,95000.0,0.8989499583369392,,,faint,
0,Host + BCA seed 4,100000.0,1.1503507652845326,,,faint,
0,Host + BCA seed 4,105000.0,1.4008877436391143,,,faint,
0,Host + BCA seed 4,110000.0,1.6505687304991445,,,faint,
0,Host + BCA seed 4,115000.0,1.8993909554710058,,,faint,
0,Host + BCA seed 4,120000.0,2.1473413122753158,,,faint,
0,Host + BCA seed 4,125000.0,2.3943966561980137,,,faint,
0,Host + BCA seed 4,130000.0,2.6405241265585477,,,faint,
0,Host + BCA seed 4,135000.0,2.8856814932900403,,,faint,
0,Host + BCA seed 4,140000.0,3.1298175266515766,,,faint,
0,Host + BCA seed 4,145000.0,3.372872389021266,,,faint,
0,Host + BCA seed 4,150000.0,3.614778047650332,,,faint,
0,Host + BCA seed 4,155000.0,3.855458707193621,,,faint,
0,Host + BCA seed 4,160000.0,4.094831260770792,,,faint,
0,Host + BCA seed 4,165000.0,4.332805758255063,,,faint,
0,Host + BCA seed 4,170000.0,4.5692858904331395,,,faint,
0,Host + BCA seed 4,175000.0,4.804169487630863,,,faint,
0,Host + BCA seed 4,180000.0,5.03734903135434,,,faint,
0,Host + BCA seed 4,185000.0,5.268712177456116,,,faint,
0,Host + BCA seed 4,190000.0,5.498142289300205,,,faint,
0,Host + BCA seed 4,195000.0,5.725518979368997,,,faint,
0,Host + BCA seed 4,200000.0,5.950718657728762,,,faint,
0,Host + BCA seed 4,205000.0,6.173615085749377,,,faint,
0,Host + BCA seed 4,210000.0,6.394079933457501,,,faint,
0,Host + BCA seed 4,215000.0,6.611983338891216,,,faint,
0,Host + BCA seed 4,220000.0,6.827194467817806,,,faint,
0,Host + BCA seed 4,225000.0,7.039582072175211,,,faint,
0,Host + BCA seed 4,230000.0,7.249015045601469,,,faint,
0,Host + BCA seed 4,235000.0,7.455362974425412,,,faint,
0,Host + BCA seed 4,240000.0,7.658496682505684,,,faint,
0,Host + BCA seed 4,245000.0,7.858288768324082,,,faint,
0,Host + BCA seed 4,250000.0,8.054614132762936,,,faint,
0,Host + BCA seed 4,255000.0,8.247350496024849,,,faint,
0,Host + BCA seed 4,260000.0,8.436378902186474,,,faint,
0,Host + BCA seed 4,265000.0,8.621584209915927,,,faint,
0,Host + BCA seed 4,270000.0,8.802855567925947,,,faint,
0,Host + BCA seed 4,275000.0,8.980086873781872,,,faint,
0,Host + BCA seed 4,280000.0,9.15317721473443,,,faint,
0,Host + BCA seed 4,285000.0,9.322031289302767,,,faint,
0,Host + BCA seed 4,290000.0,9.486559808392077,,,faint,
0,Host + BCA seed 4,295000.0,9.64667987479307,,,faint,
0,Host + BCA seed 4,300000.0,9.802315339977042,,,faint,
0,Host + BCA seed 4,305000.0,9.953397137169702,,,faint,
0,Host + BCA seed 4,310000.0,10.099863589760027,,,faint,
0,Host + BCA seed 4,315000.0,10.241660694175934,,,faint,
0,Host + BCA seed 4,320000.0,10.37874237643694,,,faint,
0,Host + BCA seed 4,325000.0,10.51107072167477,,,faint,
0,Host + BCA seed 4,330000.0,10.638616175995693,,,faint,
0,Host + BCA seed 4,335000.0,10.761357720143355,,,faint,
0,Host + BCA seed 4,340000.0,10.87928301450711,,,faint,
0,Host + BCA seed 4,345000.0,10.992388515108841,,,faint,
0,Host + BCA seed 4,350000.0,11.10067956029017,,,faint,
0,Host + BCA seed 4,355000.0,11.204170427911587,,,faint,
0,Host + BCA seed 4,360000.0,11.302884362965546,,,faint,
0,Host + BCA seed 4,365000.0,11.396853575595955,,,faint,
0,Host + BCA seed 4,370000.0,11.486119209607129,,,faint,
0,Host + BCA seed 4,375000.0,11.570731281635576,,,faint,
0,Host + BCA seed 4,380000.0,11.65074859124773,,,faint,
0,Host + BCA seed 4,385000.0,11.7262386023154,,,faint,
0,Host + BCA seed 4,390000.0,11.797277296108783,,,faint,
0,Host + BCA seed 4,395000.0,11.86394899663293,,,faint,
0,Host + BCA seed 4,400000.0,11.926346168818458,,,faint,
0,Host + BCA seed 4,405000.0,11.984569190260054,,,faint,
0,Host + BCA seed 4,410000.0,12.03872609727675,,,faint,
0,Host + BCA seed 4,415000.0,12.088932306146503,,,faint,
0,Host + BCA seed 4,420000.0,12.13531031044274,,,faint,
0,Host + BCA seed 4,425000.0,12.177989355473464,,,faint,
0,Host + BCA seed 4,430000.0,12.217105090892845,,,faint,
0,Host + BCA seed 4,435000.0,12.252799202621595,,,faint,
0,Host + BCA seed 4,440000.0,12.28521902527485,,,faint,
0,Host + BCA seed 4,445000.0,12.314517136355406,,,faint,
0,Host + BCA seed 4,450000.0,12.34085093352504,,,faint,
0,Host + BCA seed 4,455000.0,12.364382196317667,,,faint,
0,Host + BCA seed 4,460000.0,12.38527663370472,,,faint,
0,Host + BCA seed 4,465000.0,12.403703418965481,,,faint,
0,Host + BCA seed 4,470000.0,12.419834713352929,,,faint,
0,Host + BCA seed 4,475000.0,12.433845180078798,,,faint,
0,Host + BCA seed 4,480000.0,12.445911490170138,,,faint,
0,Host + BCA seed 4,485000.0,12.456211821773056,,,faint,
0,Host + BCA seed 4,490000.0,12.464925354498448,,,faint,
0,Host + BCA seed 4,495000.0,12.472231760417984,,,faint,
0,Host + BCA seed 4,500000.0,12.478310693327721,,,faint,
0,Host + BCA seed 4,505000.0,12.483341277900436,,,faint,
0,Host + BCA seed 4,510000.0,12.487501600346572,,,faint,
0,Host + BCA seed 4,515000.0,12.490968202197513,,,faint,
0,Host + BCA seed 4,520000.0,12.493915578813715,,,faint,
0,Host + BCA seed 4,525000.0,12.49651568420406,,,faint,
0,Host + BCA seed 4,530000.0,12.498937443721681,,,faint,
0,Host + BCA seed 4,535000.0,12.501346276175667,,,faint,
0,Host + BCA seed 4,540000.0,12.503903626867345,,,faint,
0,Host + BCA seed 4,545000.0,12.506766513024502,,,faint,
0,Host + BCA seed 4,550000.0,12.510087083067061,,,faint,
0,Host + BCA seed 4,555000.0,12.514012191093316,,,faint,
0,Host + BCA seed 4,560000.0,12.518682987927374,,,faint,
0,Host + BCA seed 4,565000.0,12.524234530015422,,,faint,
0,Host + BCA seed 4,570000.0,12.530795407402145,,,faint,
0,Host + BCA seed 4,575000.0,12.538487391957544,,,faint,
0,Host + BCA seed 4,580000.0,12.547425106960802,,,faint,
0,Host + BCA seed 4,585000.0,12.55771571907984,,,faint,
0,Host + BCA seed 4,590000.0,12.569458653714767,,,faint,
0,Host + BCA seed 4,595000.0,12.582745334599508,,,faint,
0,Host + BCA seed 4,600000.0,12.59765894847946,,,faint,
0,Host + BCA seed 4,605000.0,12.614274235603991,,,faint,
0,Host + BCA seed 4,610000.0,12.632657306691385,,,faint,
0,Host + BCA seed 4,615000.0,12.65286548694038,,,faint,
0,Host + BCA seed 4,620000.0,12.674947187577533,,,faint,
0,Host + BCA seed 4,625000.0,12.69894180534307,,,faint,
0,Host + BCA seed 4,630000.0,12.724879650229893,,,faint,
0,Host + BCA seed 4,635000.0,12.752781901701985,,,faint,
0,Host + BCA seed 4,640000.0,12.782660593528767,,,faint,
0,Host + BCA seed 4,645000.0,12.814518627282231,,,faint,
0,Host + BCA seed 4,650000.0,12.848349814453702,,,faint,
0,Host + BCA seed 4,655000.0,12.884138947057334,,,faint,
0,Host + BCA seed 4,660000.0,12.921861896497926,,,faint,
0,Host + BCA seed 4,665000.0,12.961485740392181,,,faint,
0,Host + BCA seed 4,670000.0,13.002968916944601,,,faint,
0,Host + BCA seed 4,675000.0,13.046261406393137,,,faint,
0,Host + BCA seed 4,680000.0,13.09130493895439,,,faint,
0,Host + BCA seed 4,685000.0,13.138033228615424,,,faint,
0,Host + BCA seed 4,690000.0,13.186372232037906,,,faint,
0,Host + BCA seed 4,695000.0,13.236240431761766,,,faint,
0,Host + BCA seed 4,700000.0,13.287549142819064,,,faint,
0,Host + BCA seed 4,705000.0,13.34020284179552,,,faint,
0,Host + BCA seed 4,710000.0,13.394099517306577,,,faint,
0,Host + BCA seed 4,715000.0,13.449131040787735,,,faint,
0,Host + BCA seed 4,720000.0,13.50518355643502,,,faint,
0,Host + BCA seed 4,725000.0,13.562137889071243,,,faint,
0,Host + BCA seed 4,730000.0,13.619869968657536,,,faint,
0,Host + BCA seed 4,735000.0,13.678251270117045,,,faint,
0,Host + BCA seed 4,740000.0,13.73714926708963,,,faint,
0,Host + BCA seed 4,745000.0,13.79642789819242,,,faint,
0,Host + BCA seed 4,750000.0,13.855948044321615,,,faint,
0,Host + BCA seed 4,755000.0,13.915568015496092,,,faint,
0,Host + BCA seed 4,760000.0,13.975144045712916,,,faint,
0,Host + BCA seed 4,765000.0,14.03453079425974,,,faint,
0,Host + BCA seed 4,770000.0,14.093581851907967,,,faint,
0,Host + BCA seed 4,775000.0,14.152150250395374,,,faint,
0,Host + BCA seed 4,780000.0,14.210088973595527,,,faint,
0,Host + BCA seed 4,785000.0,14.267251468766077,,,faint,
0,Host + BCA seed 4,790000.0,14.323492156266894,,,faint,
0,Host + BCA seed 4,795000.0,14.378666936143315,,,faint,
0,Host + BCA seed 4,800000.0,14.43263368997917,,,faint,
0,Host + BCA seed 4,805000.0,14.485252776438193,,,faint,
0,Host + BCA seed 4,810000.0,14.53638751893177,,,faint,
0,Host + BCA seed 4,815000.0,14.585904683874862,,,faint,
0,Host + BCA seed 4,820000.0,14.633674948020754,,,faint,
0,Host + BCA seed 4,825000.0,14.679573353398803,,,faint,
0,Host + BCA seed 4,830000.0,14.723479748417395,,,faint,
0,Host + BCA seed 4,835000.0,14.765279213736955,,,faint,
0,Host + BCA seed 4,840000.0,14.804862471564753,,,faint,
0,Host + BCA seed 4,845000.0,14.842126277074415,,,faint,
0,Host + BCA seed 4,850000.0,14.876973790708192,,,faint,
0,Host + BCA seed 4,855000.0,14.909314930179175,,,faint,
0,Host + BCA seed 4,860000.0,14.939066701053306,,,faint,
0,Host + BCA seed 4,865000.0,14.966153504857427,,,faint,
0,Host + BCA seed 4,870000.0,14.990507423729065,,,faint,
0,Host + BCA seed 4,875000.0,15.012068480696378,,,faint,
0,Host + BCA seed 4,880000.0,15.030784874752067,,,faint,
0,Host + BCA seed 4,885000.0,15.046613189963441,,,faint,
0,Host + BCA seed 4,890000.0,15.059518577940953,,,faint,
0,Host + BCA seed 4,895000.0,15.069474913070584,,,faint,
0,Host + BCA seed 4,900000.0,15.076464919999644,,,faint,
0,Host + BCA seed 4,905000.0,15.0804802729519,,,faint,
0,Host + BCA seed 4,910000.0,15.081521666535352,,,faint,
0,Host + BCA seed 4,915000.0,15.079598857794533,,,faint,
0,Host + BCA seed 4,920000.0,15.074730679348683,,,faint,
0,Host + BCA seed 4,925000.0,15.0669450235469,,,faint,
0,Host + BCA seed 4,930000.0,15.056278797661708,,,faint,
0,Host + BCA seed 4,935000.0,15.042777850232405,,,faint,
0,Host + BCA seed 4,940000.0,15.026496868759553,,,faint,
0,Host + BCA seed 4,945000.0,15.00749924904116,,,faint,
0,Host + BCA seed 4,950000.0,14.985856936529338,,,faint,
0,Host + BCA seed 4,955000.0,14.961650240173691,,,faint,
0,Host + BCA seed 4,960000.0,14.934967619303285,,,faint,
0,Host + BCA seed 4,965000.0,14.905905444183432,,,faint,
0,Host + BCA seed 4,970000.0,14.874567730965495,,,faint,
0,Host + BCA seed 4,975000.0,14.841065851828226,,,faint,
0,Host + BCA seed 4,980000.0,14.805518221186501,,,faint,
0,Host + BCA seed 4,985000.0,14.768049958918402,,,faint,
0,Host + BCA seed 4,990000.0,14.72879253163358,,,faint,
0,Host + BCA seed 4,995000.0,14.687883373074648,,,faint,
0,Host + BCA seed 4,1000000.0,14.645465484808911,,,faint,
0,Host + BCA mean,5000.0,-3.237121964594462,-3.9526865015738104,-2.57897189343775,line,
0,Host + BCA mean,10000.0,-2.9216351830468925,-3.5870044805118995,-2.269421412048721,line,
0,Host + BCA mean,15000.0,-2.612879576641351,-3.257357979939168,-1.968401173343534,line,
0,Host + BCA mean,20000.0,-2.310720710049393,-2.945685715399953,-1.6757557046988327,line,
0,Host + BCA mean,25000.0,-2.015024050143981,-2.638723608431431,-1.39132449185653,line,
0,Host + BCA mean,30000.0,-1.7256550090342764,-2.33636791969006,-1.1149420983784928,line,
0,Host + BCA mean,35000.0,-1.4424789937521159,-2.038519681330857,-0.8464383061733745,line,
0,Host + BCA mean,40000.0,-1.1653614623187551,-1.7450846480887852,-0.585638276548725,line,
0,Host + BCA mean,45000.0,-0.8941679859032998,-1.4559732406252837,-0.3323627311813159,line,
0,Host + BCA mean,50000.0,-0.6287643167679835,-1.17110048119557,-0.08642815234039683,line,
0,Host + BCA mean,55000.0,-0.3690164616799948,-0.89038592171779,0.18237356319133152,line,
0,Host + BCA mean,60000.0,-0.11479076045514587,-0.6321788791155118,0.43279776460697705,line,
0,Host + BCA mean,65000.0,0.13404603071484303,-0.3838044221906932,0.669503541238585,line,
0,Host + BCA mean,70000.0,0.37762665151206765,-0.13854808501570454,0.8992436206575667,line,
0,Host + BCA mean,75000.0,0.6160832456912307,0.10371340343648572,1.1284530879459758,line,
0,Host + BCA mean,80000.0,0.8495472656098155,0.3430966910784278,1.355997840141203,line,
0,Host + BCA mean,85000.0,1.0781493734810654,0.5797117530462403,1.5765869939158907,line,
0,Host + BCA mean,90000.0,1.3020193397492377,0.813661856598786,1.7903768228996895,line,
0,Host + BCA mean,95000.0,1.5212859389933568,1.0450435407759464,1.9975283372107673,line,
0,Host + BCA mean,100000.0,1.7360768437712442,1.2531032909392041,2.2074598699233388,line,
0,Host + BCA mean,105000.0,1.946518516820029,1.4662279834080065,2.423169938856162,line,
0,Host + BCA mean,110000.0,2.1527361020324056,1.6733281969019527,2.6321440071628586,line,
0,Host + BCA mean,115000.0,2.3548533146297483,1.875199843774416,2.834506785485081,line,
0,Host + BCA mean,120000.0,2.552992330953885,2.0755961736102613,3.0303884882975085,line,
0,Host + BCA mean,125000.0,2.747273678298561,2.2746226674327454,3.2199246891643774,line,
0,Host + BCA mean,130000.0,2.937816125199811,2.4723760947750466,3.407623054102949,line,
0,Host + BCA mean,135000.0,3.124736572601236,2.668944480900216,3.593899799848244,line,
0,Host + BCA mean,140000.0,3.3081499463057824,2.8552240765022936,3.7656679525352397,line,
0,Host + BCA mean,145000.0,3.4881690911199925,3.027053223263822,3.9492849589761625,line,
0,Host + BCA mean,150000.0,3.6649046670898464,3.1976770671869126,4.132132266992781,line,
0,Host + BCA mean,155000.0,3.838465048219245,3.36721094766254,4.309719148775949,line,
0,Host + BCA mean,160000.0,4.008956224052993,3.5357619045343065,4.482150543571679,line,
0,Host + BCA mean,165000.0,4.176481704495807,3.693028474643009,4.649534816678423,line,
0,Host + BCA mean,170000.0,4.341142428227342,3.847513160022732,4.81198364083441,line,
0,Host + BCA mean,175000.0,4.5030366750608,4.0009807508238895,4.96961186401343,line,
0,Host + BCA mean,180000.0,4.6622599825790045,4.170238082275239,5.139235156907392,line,
0,Host + BCA mean,185000.0,4.818905067367355,4.324827629835738,5.312982504898971,line,
0,Host + BCA mean,190000.0,4.973061751147483,4.46347591534816,5.482647586946807,line,
0,Host + BCA mean,195000.0,5.124816892099107,4.601349451133447,5.648284333064766,line,
0,Host + BCA mean,200000.0,5.274254321640188,4.73856022519351,5.809948418086866,line,
0,Host + BCA mean,205000.0,5.421454786917576,4.875212299102657,5.967697274732494,line,
0,Host + BCA mean,210000.0,5.566495899241383,5.0114017005147335,6.121590097968033,line,
0,Host + BCA mean,215000.0,5.70945208867695,5.147216336629956,6.271687840723945,line,
0,Host + BCA mean,220000.0,5.850394564988027,5.2827359289245335,6.440831796254616,line,
0,Host + BCA mean,225000.0,5.989391285104215,5.418031969379925,6.587477921857902,line,
0,Host + BCA mean,230000.0,6.126506927264446,5.553167698381486,6.712532543215502,line,
0,Host + BCA mean,235000.0,6.261802871966699,5.688198104388848,6.878858550090759,line,
0,Host + BCA mean,240000.0,6.39533718983215,5.80947342158923,7.042458375733903,line,
0,Host + BCA mean,245000.0,6.5271646364695854,5.923165497412159,7.217099195982795,line,
0,Host + BCA mean,250000.0,6.657336654403538,6.036713418240964,7.3753973882250365,line,
0,Host + BCA mean,255000.0,6.785901382106687,6.150200281530827,7.516686168800443,line,
0,Host + BCA mean,260000.0,6.912903670154469,6.252754421637493,7.680114688814632,line,
0,Host + BCA mean,265000.0,7.038385104496922,6.354951416575853,7.841150640972406,line,
0,Host + BCA mean,270000.0,7.162384036819948,6.457005207487137,7.999620119751819,line,
0,Host + BCA mean,275000.0,7.284935621945749,6.570838887347,8.155470130466659,line,
0,Host + BCA mean,280000.0,7.40607186219937,6.683875556827594,8.308648425924494,line,
0,Host + BCA mean,285000.0,7.525821658646393,6.7745972990672865,8.459103797076573,line,
0,Host + BCA mean,290000.0,7.644210869084648,6.865344885613847,8.60678635735723,line,
0,Host + BCA mean,295000.0,7.761262372651439,6.956207889778308,8.751647819898993,line,
0,Host + BCA mean,300000.0,7.876996140886685,7.04726831498022,8.89364176683126,line,
0,Host + BCA mean,305000.0,7.991429315071748,7.13860050153964,9.032723909894319,line,
0,Host + BCA mean,310000.0,8.104576289643841,7.230271054632155,9.168852341627083,line,
0,Host + BCA mean,315000.0,8.216448801466523,7.322338793643787,9.301987776415556,line,
0,Host + BCA mean,320000.0,8.327056024718171,7.414854723095869,9.432093780719953,line,
0,Host + BCA mean,325000.0,8.436404671142423,7.507862025242687,9.559136991831457,line,
0,Host + BCA mean,330000.0,8.544499095387547,7.60139607437723,9.683087324544529,line,
0,Host + BCA mean,335000.0,8.65134140514549,7.679761252981512,9.803918165167707,line,
0,Host + BCA mean,340000.0,8.756931575786046,7.755133235064143,9.921606552334392,line,
0,Host + BCA mean,345000.0,8.861267569167255,7.830974054612376,10.036133344115473,line,
0,Host + BCA mean,350000.0,8.964345456289891,7.9073467507558135,10.14748337097758,line,
0,Host + BCA mean,355000.0,9.066159543451489,7.984306766820086,10.255645574173878,line,
0,Host + BCA mean,360000.0,9.166702501544284,8.06190191460462,10.360613129198944,line,
0,Host + BCA mean,365000.0,9.265965498131285,8.140172360256107,10.462383553984889,line,
0,Host + BCA mean,370000.0,9.363938331925757,8.219150631787542,10.577156039969898,line,
0,Host + BCA mean,375000.0,9.460609569291671,8.298861648225152,10.670035997386098,line,
0,Host + BCA mean,380000.0,9.555966682376077,8.37932277029827,10.751992271335013,line,
0,Host + BCA mean,385000.0,9.64999618847899,8.460543872520052,10.83944850443793,line,
0,Host + BCA mean,390000.0,9.742683790262287,8.542527436440475,10.942840144084098,line,
0,Host + BCA mean,395000.0,9.834014516396204,8.625268664787185,11.042760368005222,line,
0,Host + BCA mean,400000.0,9.923972862240433,8.708755616144904,11.139190108335958,line,
0,Host + BCA mean,405000.0,10.012542930156394,8.792969359760288,11.2321165005525,line,
0,Host + BCA mean,410000.0,10.099708569048204,8.877884149996714,11.321532988099694,line,
0,Host + BCA mean,415000.0,10.18545351273194,8.963467619902488,11.407439405561389,line,
0,Host + BCA mean,420000.0,10.269761516736278,9.049680993296779,11.489842040175779,line,
0,Host + BCA mean,425000.0,10.352616493142081,9.136479314720086,11.556597392487907,line,
0,Host + BCA mean,430000.0,10.434002643074448,9.223811696540928,11.609198134570256,line,
0,Host + BCA mean,435000.0,10.51390458646781,9.311621582457178,11.65916218392112,line,
0,Host + BCA mean,440000.0,10.59230748873273,9.399847026579895,11.706582740029292,line,
0,Host + BCA mean,445000.0,10.669197183962646,9.488420987239257,11.774402676584264,line,
0,Host + BCA mean,450000.0,10.744560294329126,9.577271634606893,11.845361503071276,line,
0,Host + BCA mean,455000.0,10.81838434532592,9.666322671186085,11.91279593230189,line,
0,Host + BCA mean,460000.0,10.89065787653469,9.755493664181873,11.976737631063227,line,
0,Host + BCA mean,465000.0,10.961370547598927,9.844700388726343,12.037225335522061,line,
0,Host + BCA mean,470000.0,11.030513239107353,9.933855180901137,12.094304774714788,line,
0,Host + BCA mean,475000.0,11.098078148103443,10.022867299469079,12.148028570930887,line,
0,Host + BCA mean,480000.0,11.164058877954414,10.104268150794253,12.19845611735395,line,
0,Host + BCA mean,485000.0,11.228450522330007,10.177673127230111,12.245653433394159,line,
0,Host + BCA mean,490000.0,11.29124974305976,10.251036201191146,12.289692998214898,line,
0,Host + BCA mean,495000.0,11.35245484165591,10.322937508893412,12.329322322785321,line,
0,Host + BCA mean,500000.0,11.412065824308744,10.390306319208896,12.361688180436378,line,
0,Host + BCA mean,505000.0,11.470084460181088,10.457922462261264,12.391600020298041,line,
0,Host + BCA mean,510000.0,11.526514332849263,10.525736543596835,12.419166671138274,line,
0,Host + BCA mean,515000.0,11.581360884758762,10.593695456677441,12.444500687141886,line,
0,Host + BCA mean,520000.0,11.63463145458454,10.661742626922532,12.46771803470963,line,
0,Host + BCA mean,525000.0,11.686335307407314,10.729818265154826,12.488937767937273,line,
0,Host + BCA mean,530000.0,11.736483657639587,10.7978596296653,12.508281693824387,line,
0,Host + BCA mean,535000.0,11.785089684657176,10.865801296086477,12.52587402829357,line,
0,Host + BCA mean,540000.0,11.832168541114521,10.933575434238847,12.541841044128343,line,
0,Host + BCA mean,545000.0,11.87773735394445,11.013599625578617,12.556310711962157,line,
0,Host + BCA mean,550000.0,11.921815218065609,11.09602363488874,12.569412335471572,line,
0,Host + BCA mean,555000.0,11.964423182842973,11.17303970200421,12.581276181943675,line,
0,Host + BCA mean,560000.0,12.005584231369394,11.239158007391419,12.592033109401319,line,
0,Host + BCA mean,565000.0,12.045323252657775,11.304239820665527,12.605767809914585,line,
0,Host + BCA mean,570000.0,12.083667006855595,11.368216550849542,12.619617866835629,line,
0,Host + BCA mean,575000.0,12.12064408361459,11.431020908019965,12.631881678077514,line,
0,Host + BCA mean,580000.0,12.156284853769618,11.492587169483338,12.642681868991517,line,
0,Host + BCA mean,585000.0,12.190621414501077,11.55285143966809,12.65214280709753,line,
0,Host + BCA mean,590000.0,12.22368752817528,11.61175190293478,12.660390238856959,line,
0,Host + BCA mean,595000.0,12.255518555076561,11.669229068529884,12.667550921658734,line,
0,Host + BCA mean,600000.0,12.286151380263538,11.727003394889909,12.673752252197662,line,
0,Host + BCA mean,605000.0,12.31562433479997,11.784637411835437,12.679121892434843,line,
0,Host + BCA mean,610000.0,12.34397711162779,11.840209504208902,12.683787394336575,line,
0,Host + BCA mean,615000.0,12.371250676366342,11.893665095629004,12.687875824591305,line,
0,Host + BCA mean,620000.0,12.397487173337177,11.944954708794294,12.693161709962995,line,
0,Host + BCA mean,625000.0,12.422729827128586,11.99403416179408,12.702260442026802,line,
0,Host + BCA mean,630000.0,12.447022840027248,12.040864746467168,12.711446684896627,line,
0,Host + BCA mean,635000.0,12.470411285657285,12.091468609297022,12.720816881880385,line,
0,Host + BCA mean,640000.0,12.492940999178304,12.140532963162183,12.729805611793804,line,
0,Host + BCA mean,645000.0,12.514658464404501,12.187966485346974,12.74047879548521,line,
0,Host + BCA mean,650000.0,12.535610698216143,12.223499807552184,12.761167923402743,line,
0,Host + BCA mean,655000.0,12.555845132642933,12.255081401881835,12.77469657140065,line,
0,Host + BCA mean,660000.0,12.575409495005669,12.285145489806217,12.800671891686324,line,
0,Host + BCA mean,665000.0,12.594351686508428,12.313702552088763,12.82749859590578,line,
0,Host + BCA mean,670000.0,12.612719659677918,12.340766286627519,12.855188680652926,line,
0,Host + BCA mean,675000.0,12.63056129505014,12.364974524967973,12.882370018427888,line,
0,Host + BCA mean,680000.0,12.647924277506416,12.388960323446623,12.90790104777776,line,
0,Host + BCA mean,685000.0,12.664855972661698,12.413182420286143,12.93390128056907,line,
0,Host + BCA mean,690000.0,12.681403303707638,12.435610295510127,12.960380311918374,line,
0,Host + BCA mean,695000.0,12.697612629111354,12.457426228104591,12.987344170180553,line,
0,Host + BCA mean,700000.0,12.713529621567583,12.477422820096148,13.014795331104327,line,
0,Host + BCA mean,705000.0,12.729199148598132,12.495630089429483,13.04273274284527,line,
0,Host + BCA mean,710000.0,12.744665155186873,12.506201818728078,13.071151861766634,line,
0,Host + BCA mean,715000.0,12.75997054883206,12.511945882467538,13.109056890695324,line,
0,Host + BCA mean,720000.0,12.775157087390038,12.512985959850706,13.150940766725252,line,
0,Host + BCA mean,725000.0,12.790265270075231,12.512956302843389,13.193200460939257,line,
0,Host + BCA mean,730000.0,12.805334231971623,12.511954264787486,13.235768979752256,line,
0,Host + BCA mean,735000.0,12.820401642399347,12.51007905738157,13.278576564541652,line,
0,Host + BCA mean,740000.0,12.83550360746813,12.505974475427454,13.321550950763742,line,
0,Host + BCA mean,745000.0,12.850674577135797,12.499783475338592,13.36461763470663,line,
0,Host + BCA mean,750000.0,12.865947257076005,12.492574553916501,13.406455650184029,line,
0,Host + BCA mean,755000.0,12.881352525643996,12.484462808744826,13.446001163871497,line,
0,Host + BCA mean,760000.0,12.89691935621317,12.475565206448033,13.485835615945138,line,
0,Host + BCA mean,765000.0,12.91267474513839,12.466000221999224,13.5258919523576,line,
0,Host + BCA mean,770000.0,12.92864364558389,12.455887472513671,13.56610076832141,line,
0,Host + BCA mean,775000.0,12.944848907435732,12.445347346693428,13.60639056089976,line,
0,Host + BCA mean,780000.0,12.961311223498905,12.43450063110169,13.646687988069692,line,
0,Host + BCA mean,785000.0,12.978049082160041,12.42346813445597,13.686918133449073,line,
0,Host + BCA mean,790000.0,12.995078726675839,12.412370311135136,13.727004775860195,line,
0,Host + BCA mean,795000.0,13.012414121226815,12.401326885098294,13.766870662887698,line,
0,Host + BCA mean,800000.0,13.030066923854486,12.390456475412227,13.806437787575486,line,
0,Host + BCA mean,805000.0,13.04804646637858,12.379876224579316,13.845627667397082,line,
0,Host + BCA mean,810000.0,13.066359741368805,12.369701430849329,13.88436162462636,line,
0,Host + BCA mean,815000.0,13.085011396223626,12.360045185686284,13.922561067230905,line,
0,Host + BCA mean,820000.0,13.104003734386065,12.35101801754574,13.960147769407962,line,
0,Host + BCA mean,825000.0,13.123336723704165,12.342727543098324,13.997044150883815,line,
0,Host + BCA mean,830000.0,13.143008011921177,12.335278127012458,14.033173554100722,line,
0,Host + BCA mean,835000.0,13.163012949258249,12.328770551382657,14.064759842766284,line,
0,Host + BCA mean,840000.0,13.18334461802994,12.323301695860062,14.094536953909422,line,
0,Host + BCA mean,845000.0,13.203993869210848,12.3189642295086,14.122887089996635,line,
0,Host + BCA mean,850000.0,13.22494936584965,12.315846315374015,14.168535769367647,line,
0,Host + BCA mean,855000.0,13.246197633205446,12.314031328713439,14.199731668446017,line,
0,Host + BCA mean,860000.0,13.267723115459926,12.313597589790962,14.229735060269132,line,
0,Host + BCA mean,865000.0,13.289508238838286,12.314618112099406,14.264398365577165,line,
0,Host + BCA mean,870000.0,13.311533480951606,12.317160366820692,14.305906595082519,line,
0,Host + BCA mean,875000.0,13.333777446153658,12.321286064286747,14.34626882802057,line,
0,Host + BCA mean,880000.0,13.356216946686198,12.327050953150117,14.385382940222277,line,
0,Host + BCA mean,885000.0,13.378827089368539,12.33450463791856,14.423149540818523,line,
0,Host + BCA mean,890000.0,13.401581367569529,12.3436904154506,14.459472319688453,line,
0,Host + BCA mean,895000.0,13.424451758183412,12.354645130950441,14.494258385416382,line,
0,Host + BCA mean,900000.0,13.44740882331522,12.367399053939653,14.52741859269079,line,
0,Host + BCA mean,905000.0,13.470421816366231,12.381975774621274,14.537399077961437,line,
0,Host + BCA mean,910000.0,13.49345879219616,12.398392120988278,14.54449779893102,line,
0,Host + BCA mean,915000.0,13.516486721025691,12.416658096963957,14.54971760460973,line,
0,Host + BCA mean,920000.0,13.539471605731006,12.436776841796284,14.57050119713364,line,
0,Host + BCA mean,925000.0,13.562378602171028,12.458744610862109,14.603268975009556,line,
0,Host + BCA mean,930000.0,13.585172142178445,12.482550777970468,14.63407351036919,line,
0,Host + BCA mean,935000.0,13.607816058836784,12.508177859187096,14.66283053652663,line,
0,Host + BCA mean,940000.0,13.630273713658468,12.535601558135422,14.689461234543723,line,
0,Host + BCA mean,945000.0,13.652508125272538,12.5647908326622,14.713892517977008,line,
0,Host + BCA mean,950000.0,13.674482099225491,12.592156251685036,14.736057299892476,line,
0,Host + BCA mean,955000.0,13.696158358495108,12.608859147315016,14.755894741296018,line,
0,Host + BCA mean,960000.0,13.717499674314297,12.626019860249258,14.772456855929814,line,
0,Host + BCA mean,965000.0,13.738468996900934,12.636339084068645,14.778585748977488,line,
0,Host + BCA mean,970000.0,13.759029585689252,12.64815732736304,14.782384195457999,line,
0,Host + BCA mean,975000.0,13.779145138659867,12.66148851884456,14.783848542496775,line,
0,Host + BCA mean,980000.0,13.79877992036765,12.67634120243,14.782981974487623,line,
0,Host + BCA mean,985000.0,13.817898888270458,12.692718501003124,14.779794540028377,line,
0,Host + BCA mean,990000.0,13.836467816966683,12.710618096879662,14.774303157209243,line,
0,Host + BCA mean,995000.0,13.854453419955576,12.73003222906147,14.766531597212417,line,
0,Host + BCA mean,1000000.0,13.871823468541617,12.750947707314303,14.756510446248743,line,
